sample_id,DB,Participant,Trial,Leg_Used,analysis,method,fold,true_label,predicted_label,correct,predicted_probability
18,DB3,P07,DB3_P07_A_T06_relabeled,R,balanced,wf1_timeserieswise,1,DB3,DB3,True,0.9996941089630127
19,DB4,P45,DB4_P45_T11_relabeled,R,balanced,wf1_timeserieswise,1,DB4,DB4,True,0.9999927282333374
23,DB3,P20,DB3_P20_A_T21,R,balanced,wf1_timeserieswise,1,DB3,DB3,True,0.9997798800468445
42,DB3,P10,DB3_P10_A_T08,L,balanced,wf1_timeserieswise,1,DB3,DB3,True,0.9865393042564392
62,DB4,P12,DB4_P12_T08_relabeled,L,balanced,wf1_timeserieswise,1,DB4,DB4,True,0.9987531900405884
64,DB4,P54,DB4_P54_T02_relabeled,R,balanced,wf1_timeserieswise,1,DB4,DB4,True,0.9998888969421387
66,DB5,P05,DB5_P05_T36_r_slow_relabeled,L,balanced,wf1_timeserieswise,1,DB5,DB5,True,0.9999921321868896
68,DB5,P05,DB5_P05_T17_r_comf_relabeled,L,balanced,wf1_timeserieswise,1,DB5,DB5,True,0.9999978542327881
82,DB1,P27,DB1_P27_C3_T01_relabeled,L,balanced,wf1_timeserieswise,1,DB1,DB1,True,0.9992076754570007
86,DB3,P07,DB3_P07_A_T08_relabeled,R,balanced,wf1_timeserieswise,1,DB3,DB3,True,0.9994014501571655
91,DB1,P29,DB1_P29_C3_T04_relabeled,L,balanced,wf1_timeserieswise,1,DB1,DB1,True,0.9998854398727417
93,DB4,P12,DB4_P12_T10_relabeled,L,balanced,wf1_timeserieswise,1,DB4,DB4,True,0.9793843626976013
94,DB4,P50,DB4_P50_T08_relabeled,R,balanced,wf1_timeserieswise,1,DB4,DB4,True,0.9999967813491821
97,DB2,P11,DB2_P11_T03_-130_relabeled,L,balanced,wf1_timeserieswise,1,DB2,DB2,True,0.9999438524246216
100,DB2,P11,DB2_P11_T04_250_relabeled,L,balanced,wf1_timeserieswise,1,DB2,DB2,True,0.9999663829803467
108,DB4,P45,DB4_P45_T23_relabeled,R,balanced,wf1_timeserieswise,1,DB4,DB4,True,0.999995231628418
119,DB1,P29,DB1_P29_C2_T03_relabeled,L,balanced,wf1_timeserieswise,1,DB1,DB1,True,0.9999942779541016
137,DB3,P07,DB3_P07_A_T09_relabeled,L,balanced,wf1_timeserieswise,1,DB3,DB3,True,0.9981617331504822
139,DB4,P22,DB4_P22_T06_relabeled,L,balanced,wf1_timeserieswise,1,DB4,DB4,True,0.9785366058349609
141,DB5,P05,DB5_P05_T06_l_comf_relabeled,L,balanced,wf1_timeserieswise,1,DB5,DB5,True,0.9999977350234985
146,DB5,P06,DB5_P06_T23_r_comf_relabeled,L,balanced,wf1_timeserieswise,1,DB5,DB5,True,0.9999933242797852
150,DB4,P06,DB4_P06_T10_relabeled,R,balanced,wf1_timeserieswise,1,DB4,DB4,True,0.9999876022338867
158,DB1,P50,DB1_P50_C2_T05_relabeled,L,balanced,wf1_timeserieswise,1,DB1,DB1,True,0.9998550415039062
163,DB1,P29,DB1_P29_C2_T02_relabeled,L,balanced,wf1_timeserieswise,1,DB1,DB1,True,0.9999924898147583
168,DB5,P06,DB5_P06_T10_l_comf_relabeled,L,balanced,wf1_timeserieswise,1,DB5,DB5,True,0.9999918937683105
175,DB3,P07,DB3_P07_A_T01_relabeled,L,balanced,wf1_timeserieswise,1,DB3,DB3,True,0.9983079433441162
178,DB1,P29,DB1_P29_C2_T01_relabeled,L,balanced,wf1_timeserieswise,1,DB1,DB1,True,0.9998394250869751
183,DB3,P07,DB3_P07_A_T11_relabeled,L,balanced,wf1_timeserieswise,1,DB3,DB3,True,0.9985007047653198
184,DB2,P11,DB2_P11_T05_p_relabeled,L,balanced,wf1_timeserieswise,1,DB2,DB2,True,0.9975661039352417
185,DB4,P22,DB4_P22_T23_relabeled,R,balanced,wf1_timeserieswise,1,DB4,DB4,True,0.9999910593032837
186,DB4,P54,DB4_P54_T17_relabeled,R,balanced,wf1_timeserieswise,1,DB4,DB4,True,0.9999179840087891
198,DB4,P11,DB4_P11_T18_relabeled,L,balanced,wf1_timeserieswise,1,DB4,DB4,True,0.9920316934585571
199,DB2,P11,DB2_P11_T05_250_relabeled,L,balanced,wf1_timeserieswise,1,DB2,DB2,True,0.9999346733093262
207,DB3,P18,DB3_P18_A_T03,L,balanced,wf1_timeserieswise,1,DB3,DB3,True,0.9994717240333557
215,DB1,P50,DB1_P50_C2_T02_relabeled,L,balanced,wf1_timeserieswise,1,DB1,DB1,True,0.9998807907104492
218,DB3,P20,DB3_P20_A_T13,L,balanced,wf1_timeserieswise,1,DB3,DB3,True,0.9996984004974365
221,DB1,P29,DB1_P29_C1_T03_relabeled,L,balanced,wf1_timeserieswise,1,DB1,DB1,True,0.9999326467514038
225,DB1,P44,DB1_P44_C2_T02_relabeled,L,balanced,wf1_timeserieswise,1,DB1,DB1,True,0.9996100068092346
227,DB1,P29,DB1_P29_C1_T02_relabeled,L,balanced,wf1_timeserieswise,1,DB1,DB1,True,0.9985296726226807
228,DB3,P07,DB3_P07_A_T03_relabeled,L,balanced,wf1_timeserieswise,1,DB3,DB3,True,0.9996449947357178
230,DB2,P11,DB2_P11_T03_130_relabeled,L,balanced,wf1_timeserieswise,1,DB2,DB2,True,0.9998407363891602
233,DB1,P29,DB1_P29_C3_T02_relabeled,L,balanced,wf1_timeserieswise,1,DB1,DB1,True,0.999915361404419
234,DB1,P25,DB1_P25_C2_T05_relabeled,L,balanced,wf1_timeserieswise,1,DB1,DB1,True,0.9999196529388428
240,DB5,P05,DB5_P05_T42_r_slow_relabeled,L,balanced,wf1_timeserieswise,1,DB5,DB5,True,0.9999970197677612
247,DB1,P50,DB1_P50_C2_T03_relabeled,L,balanced,wf1_timeserieswise,1,DB1,DB1,True,0.9996339082717896
251,DB2,P08,DB2_P08_T03_-130_relabeled,L,balanced,wf1_timeserieswise,1,DB2,DB2,True,0.9999730587005615
252,DB1,P29,DB1_P29_C1_T04_relabeled,L,balanced,wf1_timeserieswise,1,DB1,DB1,True,0.999991774559021
254,DB2,P08,DB2_P08_T01_250_relabeled,L,balanced,wf1_timeserieswise,1,DB2,DB2,True,0.9999825954437256
255,DB5,P05,DB5_P05_T16_r_comf_relabeled,L,balanced,wf1_timeserieswise,1,DB5,DB5,True,0.9999963045120239
265,DB1,P29,DB1_P29_C1_T01_relabeled,L,balanced,wf1_timeserieswise,1,DB1,DB1,True,0.9998241066932678
274,DB3,P07,DB3_P07_A_T07_relabeled,L,balanced,wf1_timeserieswise,1,DB3,DB3,True,0.998571515083313
280,DB2,P08,DB2_P08_T05_65_relabeled,L,balanced,wf1_timeserieswise,1,DB2,DB2,True,0.9999889135360718
290,DB3,P18,DB3_P18_A_T08,R,balanced,wf1_timeserieswise,1,DB3,DB3,True,0.9998047947883606
302,DB5,P15,DB5_P15_T36_r_slow_relabeled,L,balanced,wf1_timeserieswise,1,DB5,DB5,True,0.9998509883880615
303,DB3,P20,DB3_P20_A_T26,R,balanced,wf1_timeserieswise,1,DB3,DB3,True,0.9999661445617676
304,DB4,P10,DB4_P10_T06_relabeled,R,balanced,wf1_timeserieswise,1,DB4,DB4,True,0.9999796152114868
305,DB2,P08,DB2_P08_T03_65_relabeled,L,balanced,wf1_timeserieswise,1,DB2,DB2,True,0.999994158744812
306,DB4,P22,DB4_P22_T02_relabeled,R,balanced,wf1_timeserieswise,1,DB4,DB4,True,0.9999531507492065
320,DB3,P07,DB3_P07_A_T05_relabeled,L,balanced,wf1_timeserieswise,1,DB3,DB3,True,0.9969087243080139
321,DB1,P27,DB1_P27_C3_T02_relabeled,L,balanced,wf1_timeserieswise,1,DB1,DB1,True,0.999687671661377
351,DB3,P10,DB3_P10_A_T09,R,balanced,wf1_timeserieswise,1,DB3,DB3,True,0.9997953772544861
352,DB2,P08,DB2_P08_T04_-65_relabeled,L,balanced,wf1_timeserieswise,1,DB2,DB2,True,0.9998950958251953
359,DB3,P07,DB3_P07_A_T04_relabeled,R,balanced,wf1_timeserieswise,1,DB3,DB3,True,0.99980229139328
366,DB2,P11,DB2_P11_T03_-65_relabeled,L,balanced,wf1_timeserieswise,1,DB2,DB2,True,0.9998650550842285
368,DB5,P06,DB5_P06_T07_l_comf_relabeled,L,balanced,wf1_timeserieswise,1,DB5,DB5,True,0.9999926090240479
379,DB2,P08,DB2_P08_T04_250_relabeled,L,balanced,wf1_timeserieswise,1,DB2,DB2,True,0.9999951124191284
385,DB3,P18,DB3_P18_A_T09,R,balanced,wf1_timeserieswise,1,DB3,DB3,True,0.9993982315063477
399,DB5,P15,DB5_P15_T11_l_comf_relabeled,L,balanced,wf1_timeserieswise,1,DB5,DB5,True,0.9999953508377075
402,DB1,P44,DB1_P44_C3_T01_relabeled,L,balanced,wf1_timeserieswise,1,DB1,DB1,True,0.9964309930801392
406,DB3,P18,DB3_P18_A_T01,L,balanced,wf1_timeserieswise,1,DB3,DB3,True,0.9869937300682068
410,DB4,P12,DB4_P12_T02_relabeled,R,balanced,wf1_timeserieswise,1,DB4,DB4,True,0.9999635219573975
430,DB3,P10,DB3_P10_A_T04,L,balanced,wf1_timeserieswise,1,DB3,DB3,True,0.9999241828918457
436,DB2,P08,DB2_P08_T01_p_relabeled,L,balanced,wf1_timeserieswise,1,DB2,DB2,True,0.9999945163726807
451,DB5,P06,DB5_P06_T40_r_slow_relabeled,R,balanced,wf1_timeserieswise,1,DB5,DB5,True,0.9999842643737793
453,DB5,P05,DB5_P05_T29_l_slow_relabeled,L,balanced,wf1_timeserieswise,1,DB5,DB5,True,0.9999971389770508
462,DB3,P18,DB3_P18_A_T13,L,balanced,wf1_timeserieswise,1,DB3,DB3,True,0.9946658611297607
465,DB2,P08,DB2_P08_T03_p_relabeled,L,balanced,wf1_timeserieswise,1,DB2,DB2,True,0.9999773502349854
469,DB3,P20,DB3_P20_A_T08,L,balanced,wf1_timeserieswise,1,DB3,DB3,True,0.9721804857254028
471,DB1,P50,DB1_P50_C2_T04_relabeled,L,balanced,wf1_timeserieswise,1,DB1,DB1,True,0.9995404481887817
475,DB1,P27,DB1_P27_C1_T03_relabeled,L,balanced,wf1_timeserieswise,1,DB1,DB1,True,0.9997894167900085
480,DB5,P15,DB5_P15_T29_l_slow_relabeled,L,balanced,wf1_timeserieswise,1,DB5,DB5,True,0.9999786615371704
494,DB5,P15,DB5_P15_T27_l_slow_relabeled,L,balanced,wf1_timeserieswise,1,DB5,DB5,True,0.9999912977218628
500,DB5,P06,DB5_P06_T17_r_comf_relabeled,L,balanced,wf1_timeserieswise,1,DB5,DB5,True,0.9999948740005493
505,DB3,P18,DB3_P18_A_T11,R,balanced,wf1_timeserieswise,1,DB3,DB3,True,0.9998255372047424
506,DB3,P20,DB3_P20_A_T11,L,balanced,wf1_timeserieswise,1,DB3,DB3,True,0.9996447563171387
513,DB1,P27,DB1_P27_C2_T01_relabeled,L,balanced,wf1_timeserieswise,1,DB1,DB1,True,0.9999616146087646
514,DB1,P27,DB1_P27_C3_T04_relabeled,L,balanced,wf1_timeserieswise,1,DB1,DB1,True,0.999180257320404
515,DB2,P11,DB2_P11_T05_65_relabeled,L,balanced,wf1_timeserieswise,1,DB2,DB2,True,0.9997414946556091
521,DB4,P06,DB4_P06_T08_relabeled,R,balanced,wf1_timeserieswise,1,DB4,DB4,True,0.9999382495880127
525,DB5,P15,DB5_P15_T28_l_slow_relabeled,L,balanced,wf1_timeserieswise,1,DB5,DB5,True,0.9999909400939941
526,DB5,P15,DB5_P15_T15_r_comf_relabeled,L,balanced,wf1_timeserieswise,1,DB5,DB5,True,0.9999867677688599
528,DB4,P06,DB4_P06_T14_relabeled,R,balanced,wf1_timeserieswise,1,DB4,DB4,True,0.9999967813491821
529,DB4,P22,DB4_P22_T03_relabeled,R,balanced,wf1_timeserieswise,1,DB4,DB4,True,0.9990584254264832
538,DB1,P29,DB1_P29_C3_T05_relabeled,L,balanced,wf1_timeserieswise,1,DB1,DB1,True,0.9998934268951416
539,DB5,P03,DB5_P03_T19_r_comf_relabeled,L,balanced,wf1_timeserieswise,1,DB5,DB5,True,0.9999964237213135
543,DB2,P11,DB2_P11_T01_65_relabeled,L,balanced,wf1_timeserieswise,1,DB2,DB2,True,0.9999104738235474
545,DB2,P11,DB2_P11_T04_-65_relabeled,L,balanced,wf1_timeserieswise,1,DB2,DB2,True,0.9998947381973267
548,DB3,P10,DB3_P10_A_T16,R,balanced,wf1_timeserieswise,1,DB3,DB3,True,0.9997745156288147
550,DB2,P11,DB2_P11_T05_-130_relabeled,L,balanced,wf1_timeserieswise,1,DB2,DB2,True,0.9999760389328003
554,DB3,P10,DB3_P10_A_T07,L,balanced,wf1_timeserieswise,1,DB3,DB3,True,0.9998959302902222
555,DB5,P06,DB5_P06_T20_r_comf_relabeled,L,balanced,wf1_timeserieswise,1,DB5,DB5,True,0.9999916553497314
562,DB5,P06,DB5_P06_T13_l_comf_relabeled,L,balanced,wf1_timeserieswise,1,DB5,DB5,True,0.999994158744812
563,DB5,P15,DB5_P15_T01_l_comf_relabeled,L,balanced,wf1_timeserieswise,1,DB5,DB5,True,0.9999866485595703
565,DB1,P50,DB1_P50_C3_T05_relabeled,L,balanced,wf1_timeserieswise,1,DB1,DB1,True,0.9980364441871643
574,DB1,P44,DB1_P44_C3_T02_relabeled,L,balanced,wf1_timeserieswise,1,DB1,DB1,True,0.9844376444816589
577,DB1,P27,DB1_P27_C2_T05_relabeled,L,balanced,wf1_timeserieswise,1,DB1,DB1,True,0.9999767541885376
581,DB5,P03,DB5_P03_T14_r_comf_relabeled,L,balanced,wf1_timeserieswise,1,DB5,DB5,True,0.9999943971633911
582,DB2,P11,DB2_P11_T02_-65_relabeled,L,balanced,wf1_timeserieswise,1,DB2,DB2,True,0.9997912049293518
585,DB1,P25,DB1_P25_C2_T03_relabeled,R,balanced,wf1_timeserieswise,1,DB1,DB1,True,0.999993085861206
591,DB4,P11,DB4_P11_T09_relabeled,L,balanced,wf1_timeserieswise,1,DB4,DB4,True,0.9792571067810059
593,DB4,P11,DB4_P11_T02_relabeled,R,balanced,wf1_timeserieswise,1,DB4,DB4,True,0.9999493360519409
608,DB3,P18,DB3_P18_A_T10,R,balanced,wf1_timeserieswise,1,DB3,DB3,True,0.999715268611908
610,DB2,P11,DB2_P11_T02_65_relabeled,L,balanced,wf1_timeserieswise,1,DB2,DB2,True,0.9998212456703186
617,DB2,P08,DB2_P08_T01_130_relabeled,L,balanced,wf1_timeserieswise,1,DB2,DB2,True,0.9999880790710449
618,DB4,P10,DB4_P10_T11_relabeled,R,balanced,wf1_timeserieswise,1,DB4,DB4,True,0.9999760389328003
619,DB2,P11,DB2_P11_T04_-130_relabeled,L,balanced,wf1_timeserieswise,1,DB2,DB2,True,0.9999748468399048
626,DB2,P11,DB2_P11_T01_130_relabeled,L,balanced,wf1_timeserieswise,1,DB2,DB2,True,0.9998070597648621
627,DB3,P10,DB3_P10_A_T13,R,balanced,wf1_timeserieswise,1,DB3,DB3,True,0.9996991157531738
628,DB5,P15,DB5_P15_T25_l_slow_relabeled,L,balanced,wf1_timeserieswise,1,DB5,DB5,True,0.9999790191650391
634,DB2,P11,DB2_P11_T02_250_relabeled,L,balanced,wf1_timeserieswise,1,DB2,DB2,True,0.9996352195739746
638,DB4,P22,DB4_P22_T13_relabeled,R,balanced,wf1_timeserieswise,1,DB4,DB4,True,0.6792388558387756
640,DB4,P54,DB4_P54_T21_relabeled,R,balanced,wf1_timeserieswise,1,DB4,DB4,True,0.999980092048645
652,DB3,P07,DB3_P07_A_T12_relabeled,R,balanced,wf1_timeserieswise,1,DB3,DB3,True,0.9998444318771362
662,DB4,P10,DB4_P10_T08_relabeled,R,balanced,wf1_timeserieswise,1,DB4,DB4,True,0.9999121427536011
663,DB2,P11,DB2_P11_T03_65_relabeled,L,balanced,wf1_timeserieswise,1,DB2,DB2,True,0.9999154806137085
666,DB2,P08,DB2_P08_T04_130_relabeled,L,balanced,wf1_timeserieswise,1,DB2,DB2,True,0.9999947547912598
670,DB3,P18,DB3_P18_A_T07,R,balanced,wf1_timeserieswise,1,DB3,DB3,True,0.9996721744537354
671,DB3,P20,DB3_P20_A_T15,R,balanced,wf1_timeserieswise,1,DB3,DB3,True,0.9999480247497559
672,DB4,P06,DB4_P06_T16_relabeled,R,balanced,wf1_timeserieswise,1,DB4,DB4,True,0.9998499155044556
682,DB4,P06,DB4_P06_T02_relabeled,R,balanced,wf1_timeserieswise,1,DB4,DB4,True,0.9999969005584717
687,DB1,P44,DB1_P44_C2_T04_relabeled,L,balanced,wf1_timeserieswise,1,DB1,DB1,True,0.9999890327453613
688,DB4,P06,DB4_P06_T07_relabeled,R,balanced,wf1_timeserieswise,1,DB4,DB4,True,0.9999960660934448
691,DB5,P06,DB5_P06_T26_l_slow_relabeled,L,balanced,wf1_timeserieswise,1,DB5,DB5,True,0.9999359846115112
692,DB5,P05,DB5_P05_T26_l_slow_relabeled,L,balanced,wf1_timeserieswise,1,DB5,DB5,True,0.9999958276748657
701,DB5,P06,DB5_P06_T01_l_comf_relabeled,L,balanced,wf1_timeserieswise,1,DB5,DB5,True,0.999997615814209
703,DB3,P10,DB3_P10_A_T06,L,balanced,wf1_timeserieswise,1,DB3,DB3,True,0.9998127818107605
706,DB2,P11,DB2_P11_T02_-130_relabeled,L,balanced,wf1_timeserieswise,1,DB2,DB2,True,0.9999287128448486
710,DB4,P12,DB4_P12_T13_relabeled,R,balanced,wf1_timeserieswise,1,DB4,DB4,True,0.9999866485595703
713,DB1,P29,DB1_P29_C3_T03_relabeled,L,balanced,wf1_timeserieswise,1,DB1,DB1,True,0.9999251365661621
723,DB2,P11,DB2_P11_T04_65_relabeled,L,balanced,wf1_timeserieswise,1,DB2,DB2,True,0.9998996257781982
730,DB4,P10,DB4_P10_T07_relabeled,R,balanced,wf1_timeserieswise,1,DB4,DB4,True,0.9998425245285034
740,DB1,P14,DB1_P14_C1_T02_relabeled,L,balanced,wf1_timeserieswise,1,DB1,DB1,True,0.9993762373924255
741,DB1,P25,DB1_P25_C2_T01_relabeled,L,balanced,wf1_timeserieswise,1,DB1,DB1,True,0.9999891519546509
743,DB3,P07,DB3_P07_A_T02_relabeled,R,balanced,wf1_timeserieswise,1,DB3,DB3,True,0.9996083378791809
749,DB5,P15,DB5_P15_T13_r_comf_relabeled,L,balanced,wf1_timeserieswise,1,DB5,DB5,True,0.9999325275421143
753,DB5,P15,DB5_P15_T40_r_slow_relabeled,L,balanced,wf1_timeserieswise,1,DB5,DB5,True,0.9999712705612183
755,DB5,P03,DB5_P03_T18_r_comf_relabeled,L,balanced,wf1_timeserieswise,1,DB5,DB5,True,0.9999958276748657
759,DB2,P11,DB2_P11_T01_250_relabeled,L,balanced,wf1_timeserieswise,1,DB2,DB2,True,0.9999374151229858
761,DB1,P29,DB1_P29_C2_T04_relabeled,L,balanced,wf1_timeserieswise,1,DB1,DB1,True,0.999987006187439
774,DB2,P11,DB2_P11_T03_250_relabeled,L,balanced,wf1_timeserieswise,1,DB2,DB2,True,0.9998843669891357
775,DB1,P14,DB1_P14_C2_T03_relabeled,L,balanced,wf1_timeserieswise,1,DB1,DB1,True,0.9999150037765503
778,DB3,P10,DB3_P10_A_T14,R,balanced,wf1_timeserieswise,1,DB3,DB3,True,0.9982103109359741
783,DB4,P10,DB4_P10_T10_relabeled,R,balanced,wf1_timeserieswise,1,DB4,DB4,True,0.9999189376831055
784,DB3,P07,DB3_P07_A_T10_relabeled,R,balanced,wf1_timeserieswise,1,DB3,DB3,True,0.9995253086090088
788,DB2,P11,DB2_P11_T05_-65_relabeled,L,balanced,wf1_timeserieswise,1,DB2,DB2,True,0.9998798370361328
789,DB4,P45,DB4_P45_T20_relabeled,R,balanced,wf1_timeserieswise,1,DB4,DB4,True,0.9999960660934448
793,DB5,P03,DB5_P03_T17_r_comf_relabeled,L,balanced,wf1_timeserieswise,1,DB5,DB5,True,0.9999971389770508
794,DB4,P02,DB4_P02_T16_relabeled,R,balanced,wf1_timeserieswise,1,DB4,DB4,True,0.9999610185623169
796,DB5,P05,DB5_P05_T04_l_comf_relabeled,L,balanced,wf1_timeserieswise,1,DB5,DB5,True,0.9999988079071045
803,DB5,P06,DB5_P06_T19_r_comf_relabeled,L,balanced,wf1_timeserieswise,1,DB5,DB5,True,0.9999949932098389
806,DB5,P15,DB5_P15_T08_l_comf_relabeled,L,balanced,wf1_timeserieswise,1,DB5,DB5,True,0.999995231628418
810,DB4,P50,DB4_P50_T09_relabeled,R,balanced,wf1_timeserieswise,1,DB4,DB4,True,0.9999816417694092
817,DB2,P08,DB2_P08_T05_130_relabeled,L,balanced,wf1_timeserieswise,1,DB2,DB2,True,0.9999834299087524
818,DB2,P08,DB2_P08_T04_-130_relabeled,L,balanced,wf1_timeserieswise,1,DB2,DB2,True,0.9999855756759644
825,DB2,P11,DB2_P11_T08_p_relabeled,L,balanced,wf1_timeserieswise,1,DB2,DB2,True,0.9982130527496338
826,DB4,P22,DB4_P22_T19_relabeled,L,balanced,wf1_timeserieswise,1,DB4,DB4,True,0.9931981563568115
837,DB4,P06,DB4_P06_T21_relabeled,R,balanced,wf1_timeserieswise,1,DB4,DB4,True,0.9999798536300659
841,DB1,P29,DB1_P29_C3_T01_relabeled,L,balanced,wf1_timeserieswise,1,DB1,DB1,True,0.999931812286377
844,DB1,P25,DB1_P25_C2_T02_relabeled,L,balanced,wf1_timeserieswise,1,DB1,DB1,True,0.9999589920043945
9,DB1,P08,DB1_P08_C3_T04_relabeled,L,balanced,wf1_timeserieswise,2,DB1,DB1,True,0.9981912970542908
12,DB5,P19,DB5_P19_T22_r_comf_relabeled,L,balanced,wf1_timeserieswise,2,DB5,DB5,True,0.9999911785125732
13,DB3,P14,DB3_P14_A_T12_relabeled,L,balanced,wf1_timeserieswise,2,DB3,DB3,True,0.9997788071632385
24,DB2,P03,DB2_P03_T08_130_relabeled,L,balanced,wf1_timeserieswise,2,DB2,DB2,True,0.9999990463256836
27,DB2,P13,DB2_P13_T05_65_relabeled,L,balanced,wf1_timeserieswise,2,DB2,DB2,True,0.9999949932098389
28,DB3,P14,DB3_P14_A_T23_relabeled,R,balanced,wf1_timeserieswise,2,DB3,DB3,True,0.7273504137992859
29,DB2,P13,DB2_P13_T05_-130_relabeled,L,balanced,wf1_timeserieswise,2,DB2,DB2,True,0.9999936819076538
37,DB1,P47,DB1_P47_C3_T05_relabeled,L,balanced,wf1_timeserieswise,2,DB1,DB1,True,0.9634935855865479
38,DB5,P17,DB5_P17_T18_r_comf_relabeled,L,balanced,wf1_timeserieswise,2,DB5,DB5,True,0.999809205532074
39,DB4,P46,DB4_P46_T13_relabeled,R,balanced,wf1_timeserieswise,2,DB4,DB4,True,0.9996539354324341
41,DB1,P08,DB1_P08_C2_T05_relabeled,L,balanced,wf1_timeserieswise,2,DB1,DB1,True,0.9998161196708679
49,DB5,P19,DB5_P19_T28_l_slow_relabeled,L,balanced,wf1_timeserieswise,2,DB5,DB5,True,0.9999191761016846
54,DB5,P12,DB5_P12_T18_r_comf_relabeled,L,balanced,wf1_timeserieswise,2,DB5,DB5,True,0.9999630451202393
57,DB3,P14,DB3_P14_A_T26_relabeled,R,balanced,wf1_timeserieswise,2,DB3,DB3,True,0.9999443292617798
59,DB5,P17,DB5_P17_T32_r_slow_relabeled,L,balanced,wf1_timeserieswise,2,DB5,DB5,True,0.9999819993972778
60,DB1,P08,DB1_P08_C3_T01_relabeled,L,balanced,wf1_timeserieswise,2,DB1,DB1,True,0.9993658661842346
63,DB4,P55,DB4_P55_T12_relabeled,R,balanced,wf1_timeserieswise,2,DB4,DB4,True,0.9999754428863525
69,DB5,P17,DB5_P17_T16_r_comf_relabeled,L,balanced,wf1_timeserieswise,2,DB5,DB5,True,0.999515175819397
71,DB3,P14,DB3_P14_A_T25_relabeled,R,balanced,wf1_timeserieswise,2,DB3,DB3,True,0.6404683589935303
79,DB2,P03,DB2_P03_T04_65_relabeled,L,balanced,wf1_timeserieswise,2,DB2,DB2,True,0.9999892711639404
83,DB1,P11,DB1_P11_C2_T02_relabeled,L,balanced,wf1_timeserieswise,2,DB1,DB1,True,0.9999721050262451
84,DB4,P52,DB4_P52_T07_relabeled,R,balanced,wf1_timeserieswise,2,DB4,DB4,True,0.9998708963394165
89,DB5,P26,DB5_P26_T07_l_comf_relabeled,L,balanced,wf1_timeserieswise,2,DB5,DB5,True,0.9999247789382935
90,DB1,P26,DB1_P26_C2_T02_relabeled,R,balanced,wf1_timeserieswise,2,DB1,DB1,True,0.9937498569488525
92,DB1,P06,DB1_P06_C2_T03_relabeled,L,balanced,wf1_timeserieswise,2,DB1,DB1,True,0.999921441078186
102,DB2,P13,DB2_P13_T02_250_relabeled,L,balanced,wf1_timeserieswise,2,DB2,DB2,True,0.9999921321868896
103,DB2,P13,DB2_P13_T02_65_relabeled,L,balanced,wf1_timeserieswise,2,DB2,DB2,True,0.9999936819076538
104,DB1,P24,DB1_P24_C2_T03_relabeled,R,balanced,wf1_timeserieswise,2,DB1,DB1,True,0.9771867394447327
107,DB2,P03,DB2_P03_T03_250_relabeled,L,balanced,wf1_timeserieswise,2,DB2,DB2,True,0.9999986886978149
118,DB4,P55,DB4_P55_T08_relabeled,R,balanced,wf1_timeserieswise,2,DB4,DB4,True,0.9999781847000122
129,DB4,P16,DB4_P16_T12_relabeled,R,balanced,wf1_timeserieswise,2,DB4,DB4,True,0.9999814033508301
131,DB5,P26,DB5_P26_T12_r_comf_relabeled,L,balanced,wf1_timeserieswise,2,DB5,DB5,True,0.9999862909317017
132,DB1,P47,DB1_P47_C2_T02_relabeled,L,balanced,wf1_timeserieswise,2,DB1,DB1,True,0.9997609257698059
133,DB5,P26,DB5_P26_T13_r_comf_relabeled,L,balanced,wf1_timeserieswise,2,DB5,DB5,True,0.9999709129333496
135,DB1,P11,DB1_P11_C2_T01_relabeled,L,balanced,wf1_timeserieswise,2,DB1,DB1,True,0.9999806880950928
138,DB5,P19,DB5_P19_T09_l_comf_relabeled,L,balanced,wf1_timeserieswise,2,DB5,DB5,True,0.9999845027923584
142,DB2,P03,DB2_P03_T02_250_relabeled,L,balanced,wf1_timeserieswise,2,DB2,DB2,True,0.9999985694885254
143,DB4,P56,DB4_P56_T06_relabeled,R,balanced,wf1_timeserieswise,2,DB4,DB4,True,0.9999980926513672
144,DB4,P46,DB4_P46_T08_relabeled,R,balanced,wf1_timeserieswise,2,DB4,DB4,True,0.9998592138290405
147,DB5,P19,DB5_P19_T10_l_comf_relabeled,L,balanced,wf1_timeserieswise,2,DB5,DB5,True,0.9999915361404419
149,DB3,P15,DB3_P15_A_T04_relabeled,L,balanced,wf1_timeserieswise,2,DB3,DB3,True,0.9978654980659485
161,DB2,P03,DB2_P03_T05_-65_relabeled,L,balanced,wf1_timeserieswise,2,DB2,DB2,True,0.9999926090240479
170,DB5,P12,DB5_P12_T26_l_slow_relabeled,L,balanced,wf1_timeserieswise,2,DB5,DB5,True,0.9999608993530273
171,DB4,P46,DB4_P46_T10_relabeled,R,balanced,wf1_timeserieswise,2,DB4,DB4,True,0.9999425411224365
174,DB5,P12,DB5_P12_T06_l_comf_relabeled,L,balanced,wf1_timeserieswise,2,DB5,DB5,True,0.9998593330383301
177,DB5,P12,DB5_P12_T15_r_comf_relabeled,L,balanced,wf1_timeserieswise,2,DB5,DB5,True,0.9999282360076904
180,DB4,P56,DB4_P56_T13_relabeled,R,balanced,wf1_timeserieswise,2,DB4,DB4,True,0.9999972581863403
182,DB3,P03,DB3_P03_A_T07_relabeled,R,balanced,wf1_timeserieswise,2,DB3,DB3,True,0.9996862411499023
187,DB1,P47,DB1_P47_C2_T01_relabeled,L,balanced,wf1_timeserieswise,2,DB1,DB1,True,0.9985860586166382
202,DB1,P08,DB1_P08_C2_T04_relabeled,L,balanced,wf1_timeserieswise,2,DB1,DB1,True,0.9999291896820068
204,DB4,P56,DB4_P56_T09_relabeled,R,balanced,wf1_timeserieswise,2,DB4,DB4,True,0.9999945163726807
210,DB3,P14,DB3_P14_A_T27_relabeled,L,balanced,wf1_timeserieswise,2,DB3,DB3,True,0.9527956247329712
211,DB3,P03,DB3_P03_A_T05_relabeled,L,balanced,wf1_timeserieswise,2,DB3,DB3,True,0.9984220266342163
217,DB2,P13,DB2_P13_T04_p_relabeled,L,balanced,wf1_timeserieswise,2,DB2,DB2,True,0.9999005794525146
229,DB3,P15,DB3_P15_A_T03_relabeled,L,balanced,wf1_timeserieswise,2,DB3,DB3,True,0.997273862361908
238,DB2,P13,DB2_P13_T03_130_relabeled,L,balanced,wf1_timeserieswise,2,DB2,DB2,True,0.9999918937683105
239,DB4,P56,DB4_P56_T02_relabeled,R,balanced,wf1_timeserieswise,2,DB4,DB4,True,0.9999932050704956
244,DB2,P03,DB2_P03_T04_-65_relabeled,L,balanced,wf1_timeserieswise,2,DB2,DB2,True,0.9999901056289673
246,DB4,P01,DB4_P01_T12_relabeled,R,balanced,wf1_timeserieswise,2,DB4,DB4,True,0.9999363422393799
257,DB2,P13,DB2_P13_T02_p_relabeled,L,balanced,wf1_timeserieswise,2,DB2,DB2,True,0.9998471736907959
258,DB2,P13,DB2_P13_T05_250_relabeled,L,balanced,wf1_timeserieswise,2,DB2,DB2,True,0.999983549118042
260,DB3,P03,DB3_P03_A_T12_relabeled,L,balanced,wf1_timeserieswise,2,DB3,DB3,True,0.9995324611663818
263,DB4,P16,DB4_P16_T18_relabeled,R,balanced,wf1_timeserieswise,2,DB4,DB4,True,0.999983549118042
264,DB5,P12,DB5_P12_T30_l_slow_relabeled,L,balanced,wf1_timeserieswise,2,DB5,DB5,True,0.9999352693557739
266,DB4,P55,DB4_P55_T15_relabeled,R,balanced,wf1_timeserieswise,2,DB4,DB4,True,0.9999579191207886
272,DB5,P12,DB5_P12_T34_r_slow_relabeled,L,balanced,wf1_timeserieswise,2,DB5,DB5,True,0.9999704360961914
276,DB3,P15,DB3_P15_A_T02_relabeled,L,balanced,wf1_timeserieswise,2,DB3,DB3,True,0.9034271836280823
284,DB5,P12,DB5_P12_T38_r_slow_relabeled,L,balanced,wf1_timeserieswise,2,DB5,DB5,True,0.9999786615371704
289,DB1,P08,DB1_P08_C3_T03_relabeled,L,balanced,wf1_timeserieswise,2,DB1,DB1,True,0.9997196793556213
310,DB4,P07,DB4_P07_T04_relabeled,R,balanced,wf1_timeserieswise,2,DB4,DB4,True,0.9999829530715942
311,DB5,P26,DB5_P26_T22_l_slow_relabeled,L,balanced,wf1_timeserieswise,2,DB5,DB5,True,0.9999251365661621
314,DB3,P03,DB3_P03_A_T15_relabeled,L,balanced,wf1_timeserieswise,2,DB3,DB3,True,0.993020236492157
322,DB4,P55,DB4_P55_T10_relabeled,R,balanced,wf1_timeserieswise,2,DB4,DB4,True,0.9999980926513672
323,DB5,P17,DB5_P17_T36_r_slow_relabeled,L,balanced,wf1_timeserieswise,2,DB5,DB5,True,0.9999611377716064
327,DB1,P12,DB1_P12_C2_T04_relabeled,L,balanced,wf1_timeserieswise,2,DB1,DB1,True,0.9999314546585083
331,DB1,P06,DB1_P06_C2_T01_relabeled,L,balanced,wf1_timeserieswise,2,DB1,DB1,True,0.999958872795105
337,DB3,P15,DB3_P15_A_T06_relabeled,L,balanced,wf1_timeserieswise,2,DB3,DB3,True,0.9977631568908691
341,DB2,P13,DB2_P13_T03_65_relabeled,L,balanced,wf1_timeserieswise,2,DB2,DB2,True,0.9999929666519165
349,DB1,P19,DB1_P19_C2_T03_relabeled,L,balanced,wf1_timeserieswise,2,DB1,DB1,True,0.999997615814209
350,DB1,P06,DB1_P06_C3_T01_relabeled,R,balanced,wf1_timeserieswise,2,DB1,DB1,True,0.9991016387939453
353,DB4,P51,DB4_P51_T17_relabeled,R,balanced,wf1_timeserieswise,2,DB4,DB4,True,0.9996740818023682
356,DB2,P13,DB2_P13_T03_-130_relabeled,L,balanced,wf1_timeserieswise,2,DB2,DB2,True,0.9999872446060181
357,DB5,P12,DB5_P12_T04_l_comf_relabeled,L,balanced,wf1_timeserieswise,2,DB5,DB5,True,0.9999034404754639
362,DB1,P12,DB1_P12_C2_T03_relabeled,L,balanced,wf1_timeserieswise,2,DB1,DB1,True,0.9999066591262817
364,DB1,P06,DB1_P06_C3_T05_relabeled,L,balanced,wf1_timeserieswise,2,DB1,DB1,True,0.9984645843505859
383,DB1,P47,DB1_P47_C3_T03_relabeled,L,balanced,wf1_timeserieswise,2,DB1,DB1,True,0.9945976734161377
389,DB4,P56,DB4_P56_T14_relabeled,R,balanced,wf1_timeserieswise,2,DB4,DB4,True,0.9999939203262329
392,DB4,P56,DB4_P56_T21_relabeled,R,balanced,wf1_timeserieswise,2,DB4,DB4,True,0.9999936819076538
395,DB1,P19,DB1_P19_C2_T04_relabeled,R,balanced,wf1_timeserieswise,2,DB1,DB1,True,0.9998304843902588
405,DB5,P26,DB5_P26_T09_l_comf_relabeled,L,balanced,wf1_timeserieswise,2,DB5,DB5,True,0.9999006986618042
407,DB3,P14,DB3_P14_A_T17_relabeled,L,balanced,wf1_timeserieswise,2,DB3,DB3,True,0.8630872368812561
414,DB4,P56,DB4_P56_T10_relabeled,R,balanced,wf1_timeserieswise,2,DB4,DB4,True,0.9999858140945435
417,DB2,P03,DB2_P03_T01_-130_relabeled,L,balanced,wf1_timeserieswise,2,DB2,DB2,True,0.9999922513961792
419,DB1,P19,DB1_P19_C3_T02_relabeled,L,balanced,wf1_timeserieswise,2,DB1,DB1,True,0.9999747276306152
429,DB2,P03,DB2_P03_T03_-130_relabeled,L,balanced,wf1_timeserieswise,2,DB2,DB2,True,0.9999904632568359
432,DB3,P15,DB3_P15_A_T09_relabeled,R,balanced,wf1_timeserieswise,2,DB3,DB3,True,0.9906564354896545
434,DB4,P01,DB4_P01_T22_relabeled,R,balanced,wf1_timeserieswise,2,DB4,DB4,True,0.9999220371246338
445,DB4,P46,DB4_P46_T11_relabeled,R,balanced,wf1_timeserieswise,2,DB4,DB4,True,0.9999933242797852
449,DB2,P13,DB2_P13_T04_-65_relabeled,L,balanced,wf1_timeserieswise,2,DB2,DB2,True,0.9999943971633911
452,DB1,P06,DB1_P06_C2_T02_relabeled,L,balanced,wf1_timeserieswise,2,DB1,DB1,True,0.9999135732650757
454,DB1,P08,DB1_P08_C2_T03_relabeled,L,balanced,wf1_timeserieswise,2,DB1,DB1,True,0.9998107552528381
455,DB1,P19,DB1_P19_C3_T03_relabeled,L,balanced,wf1_timeserieswise,2,DB1,DB1,True,0.9999731779098511
461,DB4,P52,DB4_P52_T20_relabeled,R,balanced,wf1_timeserieswise,2,DB4,DB4,True,0.9999668598175049
464,DB4,P56,DB4_P56_T08_relabeled,R,balanced,wf1_timeserieswise,2,DB4,DB4,True,0.9999958276748657
467,DB5,P19,DB5_P19_T02_l_comf_relabeled,L,balanced,wf1_timeserieswise,2,DB5,DB5,True,0.9999529123306274
468,DB1,P12,DB1_P12_C2_T01_relabeled,L,balanced,wf1_timeserieswise,2,DB1,DB1,True,0.9999639987945557
473,DB2,P03,DB2_P03_T01_65_relabeled,L,balanced,wf1_timeserieswise,2,DB2,DB2,True,0.9999927282333374
474,DB2,P03,DB2_P03_T03_65_relabeled,L,balanced,wf1_timeserieswise,2,DB2,DB2,True,0.9999942779541016
478,DB2,P03,DB2_P03_T01_250_relabeled,L,balanced,wf1_timeserieswise,2,DB2,DB2,True,0.9999896287918091
483,DB3,P11,DB3_P11_A_T05,R,balanced,wf1_timeserieswise,2,DB3,DB3,True,0.999652624130249
484,DB2,P13,DB2_P13_T01_65_relabeled,L,balanced,wf1_timeserieswise,2,DB2,DB2,True,0.999995231628418
507,DB2,P03,DB2_P03_T08_p_relabeled,L,balanced,wf1_timeserieswise,2,DB2,DB2,True,0.999976396560669
516,DB2,P03,DB2_P03_T02_-130_relabeled,L,balanced,wf1_timeserieswise,2,DB2,DB2,True,0.9999926090240479
522,DB2,P03,DB2_P03_T05_65_relabeled,L,balanced,wf1_timeserieswise,2,DB2,DB2,True,0.9999966621398926
536,DB1,P06,DB1_P06_C1_T01_relabeled,L,balanced,wf1_timeserieswise,2,DB1,DB1,True,0.9999877214431763
537,DB4,P07,DB4_P07_T18_relabeled,R,balanced,wf1_timeserieswise,2,DB4,DB4,True,0.999966025352478
540,DB4,P53,DB4_P53_T02_relabeled,R,balanced,wf1_timeserieswise,2,DB4,DB4,True,0.9999644756317139
547,DB5,P12,DB5_P12_T23_l_slow_relabeled,L,balanced,wf1_timeserieswise,2,DB5,DB5,True,0.9996597766876221
549,DB3,P15,DB3_P15_A_T08_relabeled,R,balanced,wf1_timeserieswise,2,DB3,DB3,True,0.9968339800834656
561,DB3,P11,DB3_P11_A_T10,L,balanced,wf1_timeserieswise,2,DB3,DB3,True,0.9657952785491943
583,DB5,P17,DB5_P17_T06_l_comf_relabeled,L,balanced,wf1_timeserieswise,2,DB5,DB5,True,0.9999852180480957
590,DB2,P03,DB2_P03_T09_p_relabeled,L,balanced,wf1_timeserieswise,2,DB2,DB2,True,0.9999513626098633
597,DB3,P14,DB3_P14_A_T18_relabeled,R,balanced,wf1_timeserieswise,2,DB3,DB3,True,0.9995689988136292
599,DB4,P55,DB4_P55_T19_relabeled,R,balanced,wf1_timeserieswise,2,DB4,DB4,True,0.9999923706054688
604,DB1,P11,DB1_P11_C2_T05_relabeled,L,balanced,wf1_timeserieswise,2,DB1,DB1,True,0.9999598264694214
606,DB5,P17,DB5_P17_T27_l_slow_relabeled,L,balanced,wf1_timeserieswise,2,DB5,DB5,True,0.9998865127563477
607,DB4,P53,DB4_P53_T03_relabeled,R,balanced,wf1_timeserieswise,2,DB4,DB4,True,0.9999364614486694
609,DB3,P11,DB3_P11_A_T11,R,balanced,wf1_timeserieswise,2,DB3,DB3,True,0.9999275207519531
625,DB3,P15,DB3_P15_A_T05_relabeled,L,balanced,wf1_timeserieswise,2,DB3,DB3,True,0.9977121353149414
629,DB1,P12,DB1_P12_C2_T02_relabeled,L,balanced,wf1_timeserieswise,2,DB1,DB1,True,0.9999192953109741
632,DB5,P12,DB5_P12_T17_r_comf_relabeled,L,balanced,wf1_timeserieswise,2,DB5,DB5,True,0.9999703168869019
649,DB2,P13,DB2_P13_T03_250_relabeled,L,balanced,wf1_timeserieswise,2,DB2,DB2,True,0.9999876022338867
651,DB4,P55,DB4_P55_T16_relabeled,R,balanced,wf1_timeserieswise,2,DB4,DB4,True,0.9999884366989136
654,DB4,P16,DB4_P16_T17_relabeled,R,balanced,wf1_timeserieswise,2,DB4,DB4,True,0.9999829530715942
658,DB5,P17,DB5_P17_T28_l_slow_relabeled,L,balanced,wf1_timeserieswise,2,DB5,DB5,True,0.9999052286148071
660,DB2,P13,DB2_P13_T03_p_relabeled,L,balanced,wf1_timeserieswise,2,DB2,DB2,True,0.9997816681861877
665,DB3,P03,DB3_P03_A_T01_relabeled,L,balanced,wf1_timeserieswise,2,DB3,DB3,True,0.9923763871192932
667,DB5,P17,DB5_P17_T08_l_comf_relabeled,L,balanced,wf1_timeserieswise,2,DB5,DB5,True,0.9999334812164307
669,DB3,P14,DB3_P14_A_T24_relabeled,L,balanced,wf1_timeserieswise,2,DB3,DB3,True,0.9998962879180908
674,DB5,P26,DB5_P26_T06_l_comf_relabeled,L,balanced,wf1_timeserieswise,2,DB5,DB5,True,0.9998836517333984
683,DB1,P19,DB1_P19_C2_T02_relabeled,L,balanced,wf1_timeserieswise,2,DB1,DB1,True,0.9999973773956299
685,DB1,P19,DB1_P19_C2_T05_relabeled,L,balanced,wf1_timeserieswise,2,DB1,DB1,True,0.9999988079071045
693,DB5,P17,DB5_P17_T23_l_slow_relabeled,L,balanced,wf1_timeserieswise,2,DB5,DB5,True,0.9999253749847412
699,DB3,P15,DB3_P15_A_T11_relabeled,R,balanced,wf1_timeserieswise,2,DB3,DB3,True,0.9978263974189758
705,DB5,P17,DB5_P17_T25_l_slow_relabeled,L,balanced,wf1_timeserieswise,2,DB5,DB5,True,0.9999915361404419
715,DB3,P14,DB3_P14_A_T22_relabeled,L,balanced,wf1_timeserieswise,2,DB3,DB3,True,0.9998948574066162
717,DB1,P08,DB1_P08_C2_T01_relabeled,L,balanced,wf1_timeserieswise,2,DB1,DB1,True,0.9999619722366333
728,DB4,P52,DB4_P52_T14_relabeled,R,balanced,wf1_timeserieswise,2,DB4,DB4,True,0.9999175071716309
731,DB3,P14,DB3_P14_A_T21_relabeled,L,balanced,wf1_timeserieswise,2,DB3,DB3,True,0.9999505281448364
738,DB4,P53,DB4_P53_T08_relabeled,R,balanced,wf1_timeserieswise,2,DB4,DB4,True,0.9999804496765137
745,DB2,P13,DB2_P13_T04_130_relabeled,L,balanced,wf1_timeserieswise,2,DB2,DB2,True,0.9999901056289673
751,DB5,P19,DB5_P19_T26_l_slow_relabeled,L,balanced,wf1_timeserieswise,2,DB5,DB5,True,0.9998836517333984
756,DB3,P15,DB3_P15_A_T07_relabeled,R,balanced,wf1_timeserieswise,2,DB3,DB3,True,0.9985262155532837
760,DB2,P03,DB2_P03_T03_-65_relabeled,L,balanced,wf1_timeserieswise,2,DB2,DB2,True,0.9999972581863403
766,DB3,P14,DB3_P14_A_T20_relabeled,L,balanced,wf1_timeserieswise,2,DB3,DB3,True,0.9999005794525146
770,DB1,P06,DB1_P06_C3_T02_relabeled,L,balanced,wf1_timeserieswise,2,DB1,DB1,True,0.9993535876274109
771,DB5,P17,DB5_P17_T37_r_slow_relabeled,L,balanced,wf1_timeserieswise,2,DB5,DB5,True,0.9997634291648865
772,DB4,P53,DB4_P53_T19_relabeled,R,balanced,wf1_timeserieswise,2,DB4,DB4,True,0.9999412298202515
773,DB1,P06,DB1_P06_C1_T04_relabeled,L,balanced,wf1_timeserieswise,2,DB1,DB1,True,0.999901294708252
798,DB2,P03,DB2_P03_T06_65_relabeled,L,balanced,wf1_timeserieswise,2,DB2,DB2,True,0.9999982118606567
799,DB4,P01,DB4_P01_T05_relabeled,R,balanced,wf1_timeserieswise,2,DB4,DB4,True,0.9999533891677856
801,DB5,P17,DB5_P17_T34_r_slow_relabeled,L,balanced,wf1_timeserieswise,2,DB5,DB5,True,0.9999552965164185
802,DB2,P13,DB2_P13_T01_130_relabeled,L,balanced,wf1_timeserieswise,2,DB2,DB2,True,0.999996542930603
809,DB3,P11,DB3_P11_A_T08,L,balanced,wf1_timeserieswise,2,DB3,DB3,True,0.9628564715385437
815,DB3,P03,DB3_P03_A_T06_relabeled,R,balanced,wf1_timeserieswise,2,DB3,DB3,True,0.9981902241706848
821,DB3,P03,DB3_P03_A_T11_relabeled,R,balanced,wf1_timeserieswise,2,DB3,DB3,True,0.9973690509796143
830,DB3,P11,DB3_P11_A_T01,R,balanced,wf1_timeserieswise,2,DB3,DB3,True,0.9997972846031189
832,DB3,P03,DB3_P03_A_T10_relabeled,L,balanced,wf1_timeserieswise,2,DB3,DB3,True,0.995240330696106
833,DB2,P13,DB2_P13_T01_p_relabeled,L,balanced,wf1_timeserieswise,2,DB2,DB2,True,0.9999208450317383
834,DB2,P13,DB2_P13_T05_-65_relabeled,L,balanced,wf1_timeserieswise,2,DB2,DB2,True,0.9999954700469971
0,DB3,P17,DB3_P17_A_T14,L,balanced,wf1_timeserieswise,3,DB3,DB3,True,0.9997324347496033
2,DB4,P43,DB4_P43_T20_relabeled,R,balanced,wf1_timeserieswise,3,DB4,DB4,True,0.999234676361084
14,DB4,P44,DB4_P44_T12_relabeled,R,balanced,wf1_timeserieswise,3,DB4,DB4,True,0.9996212720870972
15,DB2,P02,DB2_P02_T05_65_relabeled,L,balanced,wf1_timeserieswise,3,DB2,DB2,True,0.9999985694885254
16,DB5,P16,DB5_P16_T04_l_comf_relabeled,L,balanced,wf1_timeserieswise,3,DB5,DB5,True,0.9999357461929321
17,DB2,P12,DB2_P12_T02_-65_relabeled,L,balanced,wf1_timeserieswise,3,DB2,DB2,True,0.9998158812522888
20,DB3,P09,DB3_P09_A_T04,R,balanced,wf1_timeserieswise,3,DB3,DB3,True,0.9979780316352844
21,DB1,P09,DB1_P09_C3_T04_relabeled,L,balanced,wf1_timeserieswise,3,DB1,DB1,True,0.999403715133667
26,DB4,P08,DB4_P08_T08_relabeled,R,balanced,wf1_timeserieswise,3,DB4,DB4,True,0.9998795986175537
30,DB4,P49,DB4_P49_T08_relabeled,R,balanced,wf1_timeserieswise,3,DB4,DB4,True,0.9999091625213623
31,DB2,P02,DB2_P02_T02_130_relabeled,L,balanced,wf1_timeserieswise,3,DB2,DB2,True,0.9999985694885254
34,DB5,P08,DB5_P08_T02_r_fast_relabeled,L,balanced,wf1_timeserieswise,3,DB5,DB5,True,0.9999641180038452
35,DB1,P20,DB1_P20_C2_T03_relabeled,L,balanced,wf1_timeserieswise,3,DB1,DB1,True,0.9995772242546082
40,DB1,P13,DB1_P13_C2_T02_relabeled,L,balanced,wf1_timeserieswise,3,DB1,DB1,True,0.9999710321426392
55,DB5,P16,DB5_P16_T24_l_slow_relabeled,L,balanced,wf1_timeserieswise,3,DB5,DB5,True,0.9998935461044312
58,DB2,P02,DB2_P02_T03_250_relabeled,L,balanced,wf1_timeserieswise,3,DB2,DB2,True,0.9999923706054688
65,DB1,P13,DB1_P13_C2_T05_relabeled,L,balanced,wf1_timeserieswise,3,DB1,DB1,True,0.9999715089797974
67,DB5,P29,DB5_P29_T19_r_comf_relabeled,L,balanced,wf1_timeserieswise,3,DB5,DB5,True,0.9999500513076782
72,DB2,P12,DB2_P12_T04_-130_relabeled,L,balanced,wf1_timeserieswise,3,DB2,DB2,True,0.9991356730461121
78,DB2,P12,DB2_P12_T01_65_relabeled,L,balanced,wf1_timeserieswise,3,DB2,DB2,True,0.9999682903289795
81,DB5,P16,DB5_P16_T29_l_slow_relabeled,L,balanced,wf1_timeserieswise,3,DB5,DB5,True,0.9999244213104248
95,DB4,P03,DB4_P03_T10_relabeled,R,balanced,wf1_timeserieswise,3,DB4,DB4,True,0.9999088048934937
98,DB4,P08,DB4_P08_T11_relabeled,R,balanced,wf1_timeserieswise,3,DB4,DB4,True,0.9998959302902222
105,DB4,P05,DB4_P05_T11_relabeled,R,balanced,wf1_timeserieswise,3,DB4,DB4,True,0.997732400894165
111,DB1,P13,DB1_P13_C3_T03_relabeled,L,balanced,wf1_timeserieswise,3,DB1,DB1,True,0.9998171925544739
112,DB5,P11,DB5_P11_T08_l_comf_relabeled,L,balanced,wf1_timeserieswise,3,DB5,DB5,True,0.9999396800994873
128,DB1,P04,DB1_P04_C3_T02_relabeled,L,balanced,wf1_timeserieswise,3,DB1,DB1,True,0.999056875705719
145,DB3,P12,DB3_P12_A_T03,R,balanced,wf1_timeserieswise,3,DB3,DB3,True,0.9998774528503418
151,DB2,P12,DB2_P12_T04_65_relabeled,L,balanced,wf1_timeserieswise,3,DB2,DB2,True,0.9996649026870728
152,DB2,P12,DB2_P12_T02_-130_relabeled,L,balanced,wf1_timeserieswise,3,DB2,DB2,True,0.9998406171798706
159,DB3,P01,DB3_P01_A_T10_relabeled,L,balanced,wf1_timeserieswise,3,DB3,DB3,True,0.9994133710861206
162,DB3,P09,DB3_P09_A_T02,R,balanced,wf1_timeserieswise,3,DB3,DB3,True,0.9974920749664307
165,DB3,P01,DB3_P01_A_T04_relabeled,L,balanced,wf1_timeserieswise,3,DB3,DB3,True,0.9994198083877563
166,DB5,P16,DB5_P16_T05_l_comf_relabeled,L,balanced,wf1_timeserieswise,3,DB5,DB5,True,0.9999568462371826
167,DB2,P02,DB2_P02_T01_130_relabeled,L,balanced,wf1_timeserieswise,3,DB2,DB2,True,0.9999986886978149
173,DB3,P09,DB3_P09_A_T08,R,balanced,wf1_timeserieswise,3,DB3,DB3,True,0.997003972530365
181,DB4,P08,DB4_P08_T13_relabeled,R,balanced,wf1_timeserieswise,3,DB4,DB4,True,0.9998447895050049
188,DB3,P12,DB3_P12_A_T11,R,balanced,wf1_timeserieswise,3,DB3,DB3,True,0.9999113082885742
190,DB4,P24,DB4_P24_T15_relabeled,R,balanced,wf1_timeserieswise,3,DB4,DB4,True,0.9999494552612305
191,DB1,P41,DB1_P41_C3_T02_relabeled,L,balanced,wf1_timeserieswise,3,DB1,DB1,True,0.99918133020401
196,DB5,P08,DB5_P08_T01_r_comf_relabeled,L,balanced,wf1_timeserieswise,3,DB5,DB5,True,0.9998086094856262
197,DB4,P05,DB4_P05_T09_relabeled,R,balanced,wf1_timeserieswise,3,DB4,DB4,True,0.9995050430297852
200,DB2,P12,DB2_P12_T04_130_relabeled,L,balanced,wf1_timeserieswise,3,DB2,DB2,True,0.999909520149231
206,DB2,P12,DB2_P12_T05_250_relabeled,L,balanced,wf1_timeserieswise,3,DB2,DB2,True,0.9999960660934448
213,DB3,P01,DB3_P01_A_T06_relabeled,R,balanced,wf1_timeserieswise,3,DB3,DB3,True,0.9997933506965637
223,DB4,P24,DB4_P24_T23_relabeled,R,balanced,wf1_timeserieswise,3,DB4,DB4,True,0.9988526105880737
224,DB1,P04,DB1_P04_C3_T04_relabeled,L,balanced,wf1_timeserieswise,3,DB1,DB1,True,0.998745322227478
237,DB4,P05,DB4_P05_T04_relabeled,R,balanced,wf1_timeserieswise,3,DB4,DB4,True,0.9986893534660339
245,DB1,P09,DB1_P09_C3_T05_relabeled,L,balanced,wf1_timeserieswise,3,DB1,DB1,True,0.9997658133506775
273,DB1,P04,DB1_P04_C2_T01_relabeled,L,balanced,wf1_timeserieswise,3,DB1,DB1,True,0.9998636245727539
282,DB4,P05,DB4_P05_T20_relabeled,R,balanced,wf1_timeserieswise,3,DB4,DB4,True,0.9971352815628052
283,DB4,P34,DB4_P34_T17_relabeled,R,balanced,wf1_timeserieswise,3,DB4,DB4,True,0.9965226650238037
286,DB4,P44,DB4_P44_T06_relabeled,R,balanced,wf1_timeserieswise,3,DB4,DB4,True,0.9990774393081665
287,DB2,P02,DB2_P02_T04_250_relabeled,L,balanced,wf1_timeserieswise,3,DB2,DB2,True,0.9999850988388062
288,DB1,P18,DB1_P18_C2_T02_relabeled,L,balanced,wf1_timeserieswise,3,DB1,DB1,True,0.999622106552124
291,DB2,P02,DB2_P02_T05_130_relabeled,L,balanced,wf1_timeserieswise,3,DB2,DB2,True,0.9999990463256836
293,DB3,P17,DB3_P17_A_T02,R,balanced,wf1_timeserieswise,3,DB3,DB3,True,0.9981784820556641
294,DB3,P09,DB3_P09_A_T01,R,balanced,wf1_timeserieswise,3,DB3,DB3,True,0.9981254935264587
295,DB2,P02,DB2_P02_T03_p_relabeled,L,balanced,wf1_timeserieswise,3,DB2,DB2,True,0.9999855756759644
296,DB2,P02,DB2_P02_T04_65_relabeled,L,balanced,wf1_timeserieswise,3,DB2,DB2,True,0.9999985694885254
297,DB4,P14,DB4_P14_T11_relabeled,R,balanced,wf1_timeserieswise,3,DB4,DB4,True,0.9980954527854919
307,DB5,P16,DB5_P16_T27_l_slow_relabeled,L,balanced,wf1_timeserieswise,3,DB5,DB5,True,0.9998940229415894
312,DB1,P13,DB1_P13_C2_T03_relabeled,L,balanced,wf1_timeserieswise,3,DB1,DB1,True,0.9999830722808838
317,DB1,P09,DB1_P09_C2_T05_relabeled,L,balanced,wf1_timeserieswise,3,DB1,DB1,True,0.9997939467430115
318,DB3,P09,DB3_P09_A_T06,R,balanced,wf1_timeserieswise,3,DB3,DB3,True,0.9966885447502136
319,DB1,P09,DB1_P09_C3_T01_relabeled,L,balanced,wf1_timeserieswise,3,DB1,DB1,True,0.9997738003730774
333,DB1,P20,DB1_P20_C3_T03_relabeled,L,balanced,wf1_timeserieswise,3,DB1,DB1,True,0.9991326928138733
340,DB4,P03,DB4_P03_T05_relabeled,R,balanced,wf1_timeserieswise,3,DB4,DB4,True,0.9999009370803833
346,DB3,P17,DB3_P17_A_T09,L,balanced,wf1_timeserieswise,3,DB3,DB3,True,0.9996089339256287
354,DB3,P12,DB3_P12_A_T09,R,balanced,wf1_timeserieswise,3,DB3,DB3,True,0.999920129776001
363,DB2,P12,DB2_P12_T04_250_relabeled,L,balanced,wf1_timeserieswise,3,DB2,DB2,True,0.9999886751174927
367,DB5,P16,DB5_P16_T07_l_comf_relabeled,L,balanced,wf1_timeserieswise,3,DB5,DB5,True,0.9997685551643372
369,DB5,P16,DB5_P16_T40_r_slow_relabeled,L,balanced,wf1_timeserieswise,3,DB5,DB5,True,0.9997913241386414
370,DB3,P01,DB3_P01_A_T15_relabeled,R,balanced,wf1_timeserieswise,3,DB3,DB3,True,0.9998571872711182
371,DB3,P12,DB3_P12_A_T07,R,balanced,wf1_timeserieswise,3,DB3,DB3,True,0.9998898506164551
382,DB3,P17,DB3_P17_A_T03,R,balanced,wf1_timeserieswise,3,DB3,DB3,True,0.9962998032569885
384,DB1,P09,DB1_P09_C2_T03_relabeled,L,balanced,wf1_timeserieswise,3,DB1,DB1,True,0.9998189806938171
390,DB2,P02,DB2_P02_T02_250_relabeled,L,balanced,wf1_timeserieswise,3,DB2,DB2,True,0.9999955892562866
391,DB2,P12,DB2_P12_T02_250_relabeled,L,balanced,wf1_timeserieswise,3,DB2,DB2,True,0.9995380640029907
401,DB2,P02,DB2_P02_T03_65_relabeled,L,balanced,wf1_timeserieswise,3,DB2,DB2,True,0.9999990463256836
404,DB4,P05,DB4_P05_T16_relabeled,R,balanced,wf1_timeserieswise,3,DB4,DB4,True,0.9956969022750854
408,DB5,P11,DB5_P11_T39_r_slow_relabeled,L,balanced,wf1_timeserieswise,3,DB5,DB5,True,0.9999246597290039
411,DB1,P09,DB1_P09_C2_T01_relabeled,L,balanced,wf1_timeserieswise,3,DB1,DB1,True,0.9999362230300903
415,DB3,P17,DB3_P17_A_T10,L,balanced,wf1_timeserieswise,3,DB3,DB3,True,0.851921021938324
425,DB2,P02,DB2_P02_T03_-130_relabeled,L,balanced,wf1_timeserieswise,3,DB2,DB2,True,0.9999997615814209
426,DB4,P24,DB4_P24_T05_relabeled,R,balanced,wf1_timeserieswise,3,DB4,DB4,True,0.9999504089355469
431,DB1,P13,DB1_P13_C2_T04_relabeled,L,balanced,wf1_timeserieswise,3,DB1,DB1,True,0.9999779462814331
433,DB3,P17,DB3_P17_A_T06,R,balanced,wf1_timeserieswise,3,DB3,DB3,True,0.9938701391220093
435,DB2,P12,DB2_P12_T02_130_relabeled,L,balanced,wf1_timeserieswise,3,DB2,DB2,True,0.9999172687530518
437,DB5,P08,DB5_P08_T03_r_fast_relabeled,L,balanced,wf1_timeserieswise,3,DB5,DB5,True,0.9999771118164062
442,DB5,P29,DB5_P29_T09_l_comf_relabeled,L,balanced,wf1_timeserieswise,3,DB5,DB5,True,0.9999330043792725
443,DB1,P13,DB1_P13_C2_T01_relabeled,L,balanced,wf1_timeserieswise,3,DB1,DB1,True,0.9999603033065796
447,DB4,P44,DB4_P44_T02_relabeled,R,balanced,wf1_timeserieswise,3,DB4,DB4,True,0.9997639060020447
448,DB4,P03,DB4_P03_T22_relabeled,R,balanced,wf1_timeserieswise,3,DB4,DB4,True,0.9998490810394287
458,DB2,P02,DB2_P02_T01_65_relabeled,L,balanced,wf1_timeserieswise,3,DB2,DB2,True,0.9999983310699463
463,DB5,P11,DB5_P11_T17_r_comf_relabeled,L,balanced,wf1_timeserieswise,3,DB5,DB5,True,0.9998970031738281
466,DB3,P09,DB3_P09_A_T07,L,balanced,wf1_timeserieswise,3,DB3,DB3,True,0.516495943069458
481,DB1,P41,DB1_P41_C3_T03_relabeled,L,balanced,wf1_timeserieswise,3,DB1,DB1,True,0.9994896650314331
489,DB4,P05,DB4_P05_T02_relabeled,R,balanced,wf1_timeserieswise,3,DB4,DB4,True,0.9988227486610413
491,DB2,P12,DB2_P12_T04_-65_relabeled,L,balanced,wf1_timeserieswise,3,DB2,DB2,True,0.9996752738952637
495,DB3,P17,DB3_P17_A_T08,L,balanced,wf1_timeserieswise,3,DB3,DB3,True,0.9993442893028259
498,DB3,P01,DB3_P01_A_T07_relabeled,R,balanced,wf1_timeserieswise,3,DB3,DB3,True,0.9998843669891357
504,DB4,P43,DB4_P43_T04_relabeled,R,balanced,wf1_timeserieswise,3,DB4,DB4,True,0.9998558759689331
509,DB4,P43,DB4_P43_T12_relabeled,R,balanced,wf1_timeserieswise,3,DB4,DB4,True,0.9995197057723999
518,DB5,P16,DB5_P16_T01_l_comf_relabeled,L,balanced,wf1_timeserieswise,3,DB5,DB5,True,0.9999556541442871
523,DB2,P02,DB2_P02_T04_130_relabeled,L,balanced,wf1_timeserieswise,3,DB2,DB2,True,0.9999985694885254
535,DB2,P12,DB2_P12_T01_250_relabeled,L,balanced,wf1_timeserieswise,3,DB2,DB2,True,0.9999831914901733
541,DB4,P05,DB4_P05_T21_relabeled,R,balanced,wf1_timeserieswise,3,DB4,DB4,True,0.9996633529663086
544,DB5,P11,DB5_P11_T09_l_comf_relabeled,L,balanced,wf1_timeserieswise,3,DB5,DB5,True,0.9999297857284546
546,DB1,P18,DB1_P18_C2_T03_relabeled,L,balanced,wf1_timeserieswise,3,DB1,DB1,True,0.9993939399719238
558,DB2,P02,DB2_P02_T02_p_relabeled,L,balanced,wf1_timeserieswise,3,DB2,DB2,True,0.9999880790710449
559,DB5,P11,DB5_P11_T42_r_slow_relabeled,L,balanced,wf1_timeserieswise,3,DB5,DB5,True,0.999929666519165
560,DB5,P16,DB5_P16_T36_r_slow_relabeled,L,balanced,wf1_timeserieswise,3,DB5,DB5,True,0.9999192953109741
568,DB4,P03,DB4_P03_T11_relabeled,R,balanced,wf1_timeserieswise,3,DB4,DB4,True,0.9999217987060547
571,DB1,P18,DB1_P18_C2_T01_relabeled,L,balanced,wf1_timeserieswise,3,DB1,DB1,True,0.9994297623634338
573,DB4,P24,DB4_P24_T07_relabeled,R,balanced,wf1_timeserieswise,3,DB4,DB4,True,0.998875081539154
584,DB4,P14,DB4_P14_T19_relabeled,R,balanced,wf1_timeserieswise,3,DB4,DB4,True,0.9997780919075012
586,DB5,P11,DB5_P11_T32_l_slow_relabeled,L,balanced,wf1_timeserieswise,3,DB5,DB5,True,0.999904990196228
589,DB2,P02,DB2_P02_T04_p_relabeled,L,balanced,wf1_timeserieswise,3,DB2,DB2,True,0.9999793767929077
596,DB2,P02,DB2_P02_T03_130_relabeled,L,balanced,wf1_timeserieswise,3,DB2,DB2,True,0.9999963045120239
615,DB1,P09,DB1_P09_C3_T03_relabeled,L,balanced,wf1_timeserieswise,3,DB1,DB1,True,0.9996622800827026
616,DB5,P16,DB5_P16_T39_r_slow_relabeled,L,balanced,wf1_timeserieswise,3,DB5,DB5,True,0.9998812675476074
623,DB2,P12,DB2_P12_T05_-130_relabeled,L,balanced,wf1_timeserieswise,3,DB2,DB2,True,0.9999699592590332
630,DB3,P12,DB3_P12_A_T12,L,balanced,wf1_timeserieswise,3,DB3,DB3,True,0.8509173393249512
635,DB5,P16,DB5_P16_T28_l_slow_relabeled,L,balanced,wf1_timeserieswise,3,DB5,DB5,True,0.9999090433120728
639,DB5,P08,DB5_P08_T04_r_fast_relabeled,L,balanced,wf1_timeserieswise,3,DB5,DB5,True,0.9999672174453735
643,DB4,P05,DB4_P05_T13_relabeled,R,balanced,wf1_timeserieswise,3,DB4,DB4,True,0.9906575679779053
645,DB5,P11,DB5_P11_T29_l_slow_relabeled,L,balanced,wf1_timeserieswise,3,DB5,DB5,True,0.9990215301513672
650,DB5,P16,DB5_P16_T38_r_slow_relabeled,L,balanced,wf1_timeserieswise,3,DB5,DB5,True,0.9994505047798157
661,DB4,P43,DB4_P43_T14_relabeled,R,balanced,wf1_timeserieswise,3,DB4,DB4,True,0.999858021736145
668,DB5,P29,DB5_P29_T18_r_comf_relabeled,L,balanced,wf1_timeserieswise,3,DB5,DB5,True,0.9999351501464844
679,DB5,P16,DB5_P16_T09_l_comf_relabeled,L,balanced,wf1_timeserieswise,3,DB5,DB5,True,0.9988798499107361
686,DB4,P05,DB4_P05_T03_relabeled,R,balanced,wf1_timeserieswise,3,DB4,DB4,True,0.9784279465675354
689,DB2,P12,DB2_P12_T07_-130_relabeled,L,balanced,wf1_timeserieswise,3,DB2,DB2,True,0.9999747276306152
704,DB3,P17,DB3_P17_A_T11,L,balanced,wf1_timeserieswise,3,DB3,DB3,True,0.9996699094772339
708,DB4,P49,DB4_P49_T15_relabeled,R,balanced,wf1_timeserieswise,3,DB4,DB4,True,0.9999520778656006
720,DB1,P41,DB1_P41_C3_T04_relabeled,L,balanced,wf1_timeserieswise,3,DB1,DB1,True,0.9970698356628418
722,DB5,P08,DB5_P08_T07_r_comf_relabeled,L,balanced,wf1_timeserieswise,3,DB5,DB5,True,0.9999096393585205
724,DB3,P09,DB3_P09_A_T12,R,balanced,wf1_timeserieswise,3,DB3,DB3,True,0.9968658089637756
726,DB2,P02,DB2_P02_T02_-65_relabeled,L,balanced,wf1_timeserieswise,3,DB2,DB2,True,0.9999997615814209
729,DB3,P12,DB3_P12_A_T10,L,balanced,wf1_timeserieswise,3,DB3,DB3,True,0.999911904335022
736,DB1,P04,DB1_P04_C2_T04_relabeled,L,balanced,wf1_timeserieswise,3,DB1,DB1,True,0.9998421669006348
737,DB5,P08,DB5_P08_T03_r_comf_relabeled,L,balanced,wf1_timeserieswise,3,DB5,DB5,True,0.9998565912246704
742,DB1,P20,DB1_P20_C2_T02_relabeled,L,balanced,wf1_timeserieswise,3,DB1,DB1,True,0.9996887445449829
750,DB5,P29,DB5_P29_T10_l_comf_relabeled,L,balanced,wf1_timeserieswise,3,DB5,DB5,True,0.9999357461929321
752,DB2,P12,DB2_P12_T01_p_relabeled,L,balanced,wf1_timeserieswise,3,DB2,DB2,True,0.9995766282081604
754,DB2,P02,DB2_P02_T04_-65_relabeled,L,balanced,wf1_timeserieswise,3,DB2,DB2,True,0.9999997615814209
758,DB5,P29,DB5_P29_T08_l_comf_relabeled,L,balanced,wf1_timeserieswise,3,DB5,DB5,True,0.9999649524688721
762,DB4,P03,DB4_P03_T12_relabeled,R,balanced,wf1_timeserieswise,3,DB4,DB4,True,0.9999350309371948
769,DB3,P01,DB3_P01_A_T09_relabeled,L,balanced,wf1_timeserieswise,3,DB3,DB3,True,0.9997113347053528
776,DB5,P08,DB5_P08_T02_r_comf_relabeled,L,balanced,wf1_timeserieswise,3,DB5,DB5,True,0.999932050704956
777,DB4,P24,DB4_P24_T17_relabeled,R,balanced,wf1_timeserieswise,3,DB4,DB4,True,0.9997828602790833
781,DB1,P45,DB1_P45_C1_T03_relabeled,L,balanced,wf1_timeserieswise,3,DB1,DB1,True,0.5017521977424622
787,DB1,P09,DB1_P09_C2_T04_relabeled,L,balanced,wf1_timeserieswise,3,DB1,DB1,True,0.9998370409011841
792,DB1,P04,DB1_P04_C3_T01_relabeled,L,balanced,wf1_timeserieswise,3,DB1,DB1,True,0.9997156262397766
795,DB3,P12,DB3_P12_A_T05,R,balanced,wf1_timeserieswise,3,DB3,DB3,True,0.9999023675918579
804,DB5,P11,DB5_P11_T21_r_comf_relabeled,L,balanced,wf1_timeserieswise,3,DB5,DB5,True,0.9999377727508545
813,DB1,P04,DB1_P04_C3_T03_relabeled,L,balanced,wf1_timeserieswise,3,DB1,DB1,True,0.9988055229187012
819,DB3,P17,DB3_P17_A_T13,L,balanced,wf1_timeserieswise,3,DB3,DB3,True,0.9991212487220764
823,DB3,P17,DB3_P17_A_T04,R,balanced,wf1_timeserieswise,3,DB3,DB3,True,0.9965798258781433
824,DB5,P11,DB5_P11_T15_r_comf_relabeled,R,balanced,wf1_timeserieswise,3,DB5,DB5,True,0.9982701539993286
836,DB1,P18,DB1_P18_C2_T05_relabeled,L,balanced,wf1_timeserieswise,3,DB1,DB1,True,0.9996494054794312
842,DB2,P12,DB2_P12_T03_250_relabeled,L,balanced,wf1_timeserieswise,3,DB2,DB2,True,0.9999337196350098
843,DB3,P01,DB3_P01_A_T08_relabeled,R,balanced,wf1_timeserieswise,3,DB3,DB3,True,0.5375596284866333
3,DB5,P28,DB5_P28_T33_r_slow_relabeled,L,balanced,wf1_timeserieswise,4,DB5,DB5,True,0.9999785423278809
4,DB1,P46,DB1_P46_C2_T01_relabeled,L,balanced,wf1_timeserieswise,4,DB1,DB1,True,0.9995549321174622
6,DB5,P10,DB5_P10_T30_l_slow_relabeled,L,balanced,wf1_timeserieswise,4,DB5,DB5,True,0.9999740123748779
8,DB3,P16,DB3_P16_A_T08_relabeled,R,balanced,wf1_timeserieswise,4,DB3,DB3,True,0.5980419516563416
10,DB3,P19,DB3_P19_A_T20,R,balanced,wf1_timeserieswise,4,DB3,DB3,True,0.9993495345115662
11,DB2,P10,DB2_P10_T05_130_relabeled,L,balanced,wf1_timeserieswise,4,DB2,DB2,True,0.9998582601547241
22,DB1,P21,DB1_P21_C2_T03_relabeled,L,balanced,wf1_timeserieswise,4,DB1,DB1,True,0.9983490705490112
25,DB3,P16,DB3_P16_A_T12_relabeled,R,balanced,wf1_timeserieswise,4,DB3,DB3,True,0.8193746209144592
32,DB1,P07,DB1_P07_C3_T04_relabeled,L,balanced,wf1_timeserieswise,4,DB1,DB1,True,0.9589996933937073
33,DB5,P23,DB5_P23_T10_l_comf_relabeled,L,balanced,wf1_timeserieswise,4,DB5,DB5,True,0.9999743700027466
45,DB2,P10,DB2_P10_T04_-65_relabeled,L,balanced,wf1_timeserieswise,4,DB2,DB2,True,0.9998853206634521
46,DB5,P23,DB5_P23_T17_r_comf_relabeled,L,balanced,wf1_timeserieswise,4,DB5,DB5,True,0.9999723434448242
51,DB2,P10,DB2_P10_T02_65_relabeled,L,balanced,wf1_timeserieswise,4,DB2,DB2,True,0.9997474551200867
52,DB1,P07,DB1_P07_C3_T01_relabeled,L,balanced,wf1_timeserieswise,4,DB1,DB1,True,0.9443469047546387
56,DB4,P19,DB4_P19_T03_relabeled,R,balanced,wf1_timeserieswise,4,DB4,DB4,True,0.9997772574424744
61,DB5,P13,DB5_P13_T20_r_comf_relabeled,L,balanced,wf1_timeserieswise,4,DB5,DB5,True,0.999792754650116
70,DB5,P28,DB5_P28_T32_r_slow_relabeled,L,balanced,wf1_timeserieswise,4,DB5,DB5,True,0.9999805688858032
76,DB5,P13,DB5_P13_T11_r_comf_relabeled,L,balanced,wf1_timeserieswise,4,DB5,DB5,True,0.9999582767486572
101,DB3,P19,DB3_P19_A_T13,L,balanced,wf1_timeserieswise,4,DB3,DB3,True,0.994024932384491
109,DB2,P10,DB2_P10_T04_250_relabeled,L,balanced,wf1_timeserieswise,4,DB2,DB2,True,0.9996864795684814
110,DB1,P49,DB1_P49_C3_T03_relabeled,L,balanced,wf1_timeserieswise,4,DB1,DB1,True,0.9243110418319702
125,DB3,P16,DB3_P16_A_T07_relabeled,L,balanced,wf1_timeserieswise,4,DB3,DB3,True,0.772056519985199
130,DB2,P10,DB2_P10_T03_130_relabeled,L,balanced,wf1_timeserieswise,4,DB2,DB2,True,0.9996429681777954
157,DB2,P01,DB2_P01_T01_65_relabeled,L,balanced,wf1_timeserieswise,4,DB2,DB2,True,0.9999831914901733
160,DB3,P16,DB3_P16_A_T03_relabeled,L,balanced,wf1_timeserieswise,4,DB3,DB3,True,0.9179672598838806
169,DB3,P05,DB3_P05_A_T16_relabeled,L,balanced,wf1_timeserieswise,4,DB3,DB3,True,0.93918377161026
189,DB5,P13,DB5_P13_T13_r_comf_relabeled,L,balanced,wf1_timeserieswise,4,DB5,DB5,True,0.999976634979248
192,DB3,P16,DB3_P16_A_T05_relabeled,L,balanced,wf1_timeserieswise,4,DB3,DB3,True,0.914274275302887
193,DB4,P15,DB4_P15_T08_relabeled,R,balanced,wf1_timeserieswise,4,DB4,DB4,True,0.9994990825653076
194,DB4,P48,DB4_P48_T09_relabeled,R,balanced,wf1_timeserieswise,4,DB4,DB4,True,0.9995506405830383
195,DB2,P01,DB2_P01_T01_p_relabeled,L,balanced,wf1_timeserieswise,4,DB2,DB2,True,0.9990830421447754
203,DB2,P10,DB2_P10_T04_p_relabeled,L,balanced,wf1_timeserieswise,4,DB2,DB2,True,0.9990174770355225
205,DB3,P08,DB3_P08_A_T04_relabeled,L,balanced,wf1_timeserieswise,4,DB3,DB3,True,0.9632159471511841
208,DB3,P19,DB3_P19_A_T03,L,balanced,wf1_timeserieswise,4,DB3,DB3,True,0.9974397420883179
214,DB5,P13,DB5_P13_T05_l_comf_relabeled,L,balanced,wf1_timeserieswise,4,DB5,DB5,True,0.9998989105224609
216,DB5,P13,DB5_P13_T14_r_comf_relabeled,L,balanced,wf1_timeserieswise,4,DB5,DB5,True,0.999950647354126
219,DB3,P19,DB3_P19_A_T09,L,balanced,wf1_timeserieswise,4,DB3,DB3,True,0.9970847964286804
220,DB2,P10,DB2_P10_T02_-130_relabeled,L,balanced,wf1_timeserieswise,4,DB2,DB2,True,0.9997662901878357
222,DB1,P23,DB1_P23_C1_T03_relabeled,R,balanced,wf1_timeserieswise,4,DB1,DB1,True,0.998177170753479
226,DB3,P08,DB3_P08_A_T10_relabeled,L,balanced,wf1_timeserieswise,4,DB3,DB3,True,0.9996083378791809
231,DB2,P01,DB2_P01_T02_250_relabeled,L,balanced,wf1_timeserieswise,4,DB2,DB2,True,0.9999608993530273
241,DB3,P05,DB3_P05_A_T10_relabeled,R,balanced,wf1_timeserieswise,4,DB3,DB3,True,0.9821078181266785
243,DB3,P08,DB3_P08_A_T01_relabeled,R,balanced,wf1_timeserieswise,4,DB3,DB3,True,0.9997599720954895
248,DB4,P17,DB4_P17_T14_relabeled,R,balanced,wf1_timeserieswise,4,DB4,DB4,True,0.9999487400054932
249,DB4,P17,DB4_P17_T20_relabeled,R,balanced,wf1_timeserieswise,4,DB4,DB4,True,0.9998281002044678
259,DB4,P19,DB4_P19_T24_relabeled,L,balanced,wf1_timeserieswise,4,DB4,DB4,True,0.9526513814926147
269,DB1,P01,DB1_P01_C2_T04_relabeled,L,balanced,wf1_timeserieswise,4,DB1,DB1,True,0.9994596838951111
275,DB3,P08,DB3_P08_A_T09_relabeled,R,balanced,wf1_timeserieswise,4,DB3,DB3,True,0.999659538269043
277,DB1,P49,DB1_P49_C2_T04_relabeled,L,balanced,wf1_timeserieswise,4,DB1,DB1,True,0.9935694932937622
292,DB2,P10,DB2_P10_T06_65_relabeled,L,balanced,wf1_timeserieswise,4,DB2,DB2,True,0.9997256398200989
299,DB3,P16,DB3_P16_A_T06_relabeled,L,balanced,wf1_timeserieswise,4,DB3,DB3,True,0.9595370888710022
300,DB5,P10,DB5_P10_T18_r_comf_relabeled,L,balanced,wf1_timeserieswise,4,DB5,DB5,True,0.9999619722366333
301,DB3,P08,DB3_P08_A_T07_relabeled,R,balanced,wf1_timeserieswise,4,DB3,DB3,True,0.9990668892860413
309,DB2,P10,DB2_P10_T02_250_relabeled,L,balanced,wf1_timeserieswise,4,DB2,DB2,True,0.9998687505722046
324,DB5,P28,DB5_P28_T20_r_comf_relabeled,L,balanced,wf1_timeserieswise,4,DB5,DB5,True,0.9999927282333374
326,DB4,P15,DB4_P15_T03_relabeled,L,balanced,wf1_timeserieswise,4,DB4,DB4,True,0.9366735816001892
330,DB1,P46,DB1_P46_C2_T04_relabeled,L,balanced,wf1_timeserieswise,4,DB1,DB1,True,0.999518632888794
332,DB2,P10,DB2_P10_T02_-65_relabeled,L,balanced,wf1_timeserieswise,4,DB2,DB2,True,0.9997155070304871
336,DB4,P17,DB4_P17_T13_relabeled,R,balanced,wf1_timeserieswise,4,DB4,DB4,True,0.9998898506164551
338,DB2,P01,DB2_P01_T09_-130_relabeled,L,balanced,wf1_timeserieswise,4,DB2,DB2,True,0.9999690055847168
339,DB5,P10,DB5_P10_T24_l_slow_relabeled,L,balanced,wf1_timeserieswise,4,DB5,DB5,True,0.9999580383300781
342,DB4,P19,DB4_P19_T25_relabeled,R,balanced,wf1_timeserieswise,4,DB4,DB4,True,0.9998964071273804
344,DB4,P15,DB4_P15_T07_relabeled,R,balanced,wf1_timeserieswise,4,DB4,DB4,True,0.9995236396789551
348,DB4,P21,DB4_P21_T10_relabeled,R,balanced,wf1_timeserieswise,4,DB4,DB4,True,0.9996941089630127
355,DB3,P19,DB3_P19_A_T19,R,balanced,wf1_timeserieswise,4,DB3,DB3,True,0.9995442032814026
358,DB4,P15,DB4_P15_T12_relabeled,R,balanced,wf1_timeserieswise,4,DB4,DB4,True,0.9997976422309875
360,DB2,P10,DB2_P10_T04_65_relabeled,L,balanced,wf1_timeserieswise,4,DB2,DB2,True,0.9997738003730774
376,DB3,P16,DB3_P16_A_T11_relabeled,R,balanced,wf1_timeserieswise,4,DB3,DB3,True,0.8996371626853943
378,DB4,P19,DB4_P19_T04_relabeled,L,balanced,wf1_timeserieswise,4,DB4,DB4,True,0.9198530316352844
380,DB2,P10,DB2_P10_T05_-65_relabeled,L,balanced,wf1_timeserieswise,4,DB2,DB2,True,0.9998980760574341
381,DB5,P28,DB5_P28_T26_l_slow_relabeled,L,balanced,wf1_timeserieswise,4,DB5,DB5,True,0.9999659061431885
386,DB4,P15,DB4_P15_T05_relabeled,R,balanced,wf1_timeserieswise,4,DB4,DB4,True,0.9960998296737671
388,DB1,P02,DB1_P02_C3_T01_relabeled,L,balanced,wf1_timeserieswise,4,DB1,DB1,True,0.9988686442375183
396,DB5,P23,DB5_P23_T07_l_comf_relabeled,L,balanced,wf1_timeserieswise,4,DB5,DB5,True,0.9999768733978271
398,DB1,P02,DB1_P02_C2_T02_relabeled,L,balanced,wf1_timeserieswise,4,DB1,DB1,True,0.9997710585594177
403,DB5,P28,DB5_P28_T19_r_comf_relabeled,L,balanced,wf1_timeserieswise,4,DB5,DB5,True,0.9999927282333374
409,DB2,P10,DB2_P10_T03_65_relabeled,L,balanced,wf1_timeserieswise,4,DB2,DB2,True,0.999859094619751
418,DB5,P13,DB5_P13_T31_r_slow_relabeled,L,balanced,wf1_timeserieswise,4,DB5,DB5,True,0.9999492168426514
421,DB4,P09,DB4_P09_T08_relabeled,R,balanced,wf1_timeserieswise,4,DB4,DB4,True,0.9962016940116882
422,DB5,P13,DB5_P13_T15_r_comf_relabeled,L,balanced,wf1_timeserieswise,4,DB5,DB5,True,0.9999027252197266
424,DB3,P05,DB3_P05_A_T11_relabeled,R,balanced,wf1_timeserieswise,4,DB3,DB3,True,0.9928151369094849
439,DB1,P01,DB1_P01_C1_T04_relabeled,L,balanced,wf1_timeserieswise,4,DB1,DB1,True,0.9997764229774475
440,DB1,P46,DB1_P46_C3_T02_relabeled,L,balanced,wf1_timeserieswise,4,DB1,DB1,True,0.9870638847351074
446,DB5,P13,DB5_P13_T06_l_comf_relabeled,L,balanced,wf1_timeserieswise,4,DB5,DB5,True,0.9999568462371826
450,DB2,P10,DB2_P10_T01_-65_relabeled,L,balanced,wf1_timeserieswise,4,DB2,DB2,True,0.9998832941055298
457,DB5,P28,DB5_P28_T15_r_comf_relabeled,L,balanced,wf1_timeserieswise,4,DB5,DB5,True,0.9999802112579346
459,DB4,P15,DB4_P15_T10_relabeled,R,balanced,wf1_timeserieswise,4,DB4,DB4,True,0.9997345805168152
460,DB1,P23,DB1_P23_C2_T04_relabeled,L,balanced,wf1_timeserieswise,4,DB1,DB1,True,0.9998730421066284
476,DB2,P01,DB2_P01_T04_65_relabeled,L,balanced,wf1_timeserieswise,4,DB2,DB2,True,0.9999676942825317
486,DB1,P02,DB1_P02_C2_T03_relabeled,L,balanced,wf1_timeserieswise,4,DB1,DB1,True,0.9997581839561462
487,DB4,P15,DB4_P15_T06_relabeled,R,balanced,wf1_timeserieswise,4,DB4,DB4,True,0.9997715353965759
492,DB2,P10,DB2_P10_T04_-130_relabeled,L,balanced,wf1_timeserieswise,4,DB2,DB2,True,0.9999217987060547
493,DB2,P10,DB2_P10_T04_130_relabeled,L,balanced,wf1_timeserieswise,4,DB2,DB2,True,0.9998078942298889
496,DB5,P13,DB5_P13_T37_r_slow_relabeled,L,balanced,wf1_timeserieswise,4,DB5,DB5,True,0.9999340772628784
497,DB2,P01,DB2_P01_T01_-65_relabeled,L,balanced,wf1_timeserieswise,4,DB2,DB2,True,0.9999262094497681
502,DB1,P49,DB1_P49_C3_T01_relabeled,L,balanced,wf1_timeserieswise,4,DB1,DB1,True,0.9177060723304749
508,DB1,P07,DB1_P07_C3_T03_relabeled,L,balanced,wf1_timeserieswise,4,DB1,DB1,True,0.9565273523330688
510,DB2,P10,DB2_P10_T01_-130_relabeled,L,balanced,wf1_timeserieswise,4,DB2,DB2,True,0.9998857975006104
512,DB5,P13,DB5_P13_T38_r_slow_relabeled,L,balanced,wf1_timeserieswise,4,DB5,DB5,True,0.999881386756897
519,DB2,P01,DB2_P01_T05_-65_relabeled,L,balanced,wf1_timeserieswise,4,DB2,DB2,True,0.9999290704727173
520,DB1,P01,DB1_P01_C3_T01_relabeled,L,balanced,wf1_timeserieswise,4,DB1,DB1,True,0.995502769947052
524,DB5,P10,DB5_P10_T35_r_slow_relabeled,L,balanced,wf1_timeserieswise,4,DB5,DB5,True,0.9999494552612305
527,DB4,P04,DB4_P04_T06_relabeled,R,balanced,wf1_timeserieswise,4,DB4,DB4,True,0.9999606609344482
531,DB1,P21,DB1_P21_C3_T01_relabeled,L,balanced,wf1_timeserieswise,4,DB1,DB1,True,0.987159252166748
533,DB1,P21,DB1_P21_C3_T04_relabeled,L,balanced,wf1_timeserieswise,4,DB1,DB1,True,0.9965215921401978
534,DB4,P21,DB4_P21_T13_relabeled,R,balanced,wf1_timeserieswise,4,DB4,DB4,True,0.9986006617546082
551,DB1,P21,DB1_P21_C2_T01_relabeled,L,balanced,wf1_timeserieswise,4,DB1,DB1,True,0.9998431205749512
552,DB5,P23,DB5_P23_T21_l_slow_relabeled,L,balanced,wf1_timeserieswise,4,DB5,DB5,True,0.9999761581420898
556,DB5,P28,DB5_P28_T16_r_comf_relabeled,L,balanced,wf1_timeserieswise,4,DB5,DB5,True,0.9999778270721436
557,DB4,P04,DB4_P04_T03_relabeled,R,balanced,wf1_timeserieswise,4,DB4,DB4,True,0.9998959302902222
566,DB5,P13,DB5_P13_T34_r_slow_relabeled,L,balanced,wf1_timeserieswise,4,DB5,DB5,True,0.9998824596405029
569,DB4,P04,DB4_P04_T14_relabeled,R,balanced,wf1_timeserieswise,4,DB4,DB4,True,0.9999219179153442
575,DB3,P19,DB3_P19_A_T11,L,balanced,wf1_timeserieswise,4,DB3,DB3,True,0.9888283014297485
576,DB3,P05,DB3_P05_A_T15_relabeled,R,balanced,wf1_timeserieswise,4,DB3,DB3,True,0.9962975382804871
579,DB1,P01,DB1_P01_C1_T02_relabeled,L,balanced,wf1_timeserieswise,4,DB1,DB1,True,0.9979404807090759
580,DB3,P05,DB3_P05_A_T08_relabeled,R,balanced,wf1_timeserieswise,4,DB3,DB3,True,0.9704074859619141
587,DB1,P01,DB1_P01_C1_T03_relabeled,L,balanced,wf1_timeserieswise,4,DB1,DB1,True,0.9994039535522461
588,DB3,P19,DB3_P19_A_T02,L,balanced,wf1_timeserieswise,4,DB3,DB3,True,0.998528003692627
598,DB1,P49,DB1_P49_C2_T01_relabeled,L,balanced,wf1_timeserieswise,4,DB1,DB1,True,0.9956617951393127
600,DB5,P13,DB5_P13_T17_r_comf_relabeled,L,balanced,wf1_timeserieswise,4,DB5,DB5,True,0.9999537467956543
601,DB4,P47,DB4_P47_T19_relabeled,R,balanced,wf1_timeserieswise,4,DB4,DB4,True,0.9984498023986816
602,DB3,P19,DB3_P19_A_T01,L,balanced,wf1_timeserieswise,4,DB3,DB3,True,0.9987360835075378
603,DB1,P49,DB1_P49_C3_T04_relabeled,L,balanced,wf1_timeserieswise,4,DB1,DB1,True,0.9588356614112854
613,DB5,P23,DB5_P23_T23_l_slow_relabeled,L,balanced,wf1_timeserieswise,4,DB5,DB5,True,0.9999876022338867
614,DB4,P47,DB4_P47_T21_relabeled,R,balanced,wf1_timeserieswise,4,DB4,DB4,True,0.9930524230003357
620,DB2,P01,DB2_P01_T05_130_relabeled,L,balanced,wf1_timeserieswise,4,DB2,DB2,True,0.9999678134918213
624,DB2,P10,DB2_P10_T03_250_relabeled,L,balanced,wf1_timeserieswise,4,DB2,DB2,True,0.999862551689148
636,DB4,P04,DB4_P04_T18_relabeled,R,balanced,wf1_timeserieswise,4,DB4,DB4,True,0.9999738931655884
637,DB5,P13,DB5_P13_T12_r_comf_relabeled,L,balanced,wf1_timeserieswise,4,DB5,DB5,True,0.9999412298202515
644,DB2,P10,DB2_P10_T02_p_relabeled,L,balanced,wf1_timeserieswise,4,DB2,DB2,True,0.9988110065460205
647,DB3,P08,DB3_P08_A_T03_relabeled,R,balanced,wf1_timeserieswise,4,DB3,DB3,True,0.9996955394744873
656,DB4,P48,DB4_P48_T12_relabeled,R,balanced,wf1_timeserieswise,4,DB4,DB4,True,0.9996563196182251
657,DB3,P05,DB3_P05_A_T05_relabeled,L,balanced,wf1_timeserieswise,4,DB3,DB3,True,0.9507933259010315
664,DB3,P08,DB3_P08_A_T06_relabeled,L,balanced,wf1_timeserieswise,4,DB3,DB3,True,0.9996989965438843
673,DB5,P13,DB5_P13_T10_l_comf_relabeled,L,balanced,wf1_timeserieswise,4,DB5,DB5,True,0.9998569488525391
675,DB5,P10,DB5_P10_T13_r_comf_relabeled,L,balanced,wf1_timeserieswise,4,DB5,DB5,True,0.9999574422836304
678,DB4,P15,DB4_P15_T17_relabeled,R,balanced,wf1_timeserieswise,4,DB4,DB4,True,0.9996894598007202
680,DB4,P15,DB4_P15_T15_relabeled,R,balanced,wf1_timeserieswise,4,DB4,DB4,True,0.9997089505195618
684,DB2,P01,DB2_P01_T02_130_relabeled,L,balanced,wf1_timeserieswise,4,DB2,DB2,True,0.9999048709869385
690,DB4,P21,DB4_P21_T03_relabeled,L,balanced,wf1_timeserieswise,4,DB4,DB4,True,0.7010083198547363
695,DB4,P09,DB4_P09_T04_relabeled,R,balanced,wf1_timeserieswise,4,DB4,DB4,True,0.998794436454773
697,DB4,P47,DB4_P47_T18_relabeled,R,balanced,wf1_timeserieswise,4,DB4,DB4,True,0.9992141723632812
700,DB4,P19,DB4_P19_T11_relabeled,L,balanced,wf1_timeserieswise,4,DB4,DB4,True,0.9496779441833496
702,DB2,P01,DB2_P01_T11_p_relabeled,L,balanced,wf1_timeserieswise,4,DB2,DB2,True,0.99981290102005
707,DB1,P46,DB1_P46_C2_T02_relabeled,L,balanced,wf1_timeserieswise,4,DB1,DB1,True,0.9997839331626892
712,DB5,P13,DB5_P13_T30_l_slow_relabeled,L,balanced,wf1_timeserieswise,4,DB5,DB5,True,0.9998621940612793
714,DB4,P48,DB4_P48_T06_relabeled,R,balanced,wf1_timeserieswise,4,DB4,DB4,True,0.9996877908706665
721,DB1,P21,DB1_P21_C3_T02_relabeled,R,balanced,wf1_timeserieswise,4,DB1,DB1,True,0.7494900226593018
725,DB3,P19,DB3_P19_A_T06,R,balanced,wf1_timeserieswise,4,DB3,DB3,True,0.9995555281639099
727,DB3,P08,DB3_P08_A_T08_relabeled,L,balanced,wf1_timeserieswise,4,DB3,DB3,True,0.9994423985481262
733,DB1,P01,DB1_P01_C1_T05_relabeled,L,balanced,wf1_timeserieswise,4,DB1,DB1,True,0.999636173248291
734,DB3,P05,DB3_P05_A_T09_relabeled,L,balanced,wf1_timeserieswise,4,DB3,DB3,True,0.9840738773345947
735,DB4,P17,DB4_P17_T06_relabeled,R,balanced,wf1_timeserieswise,4,DB4,DB4,True,0.9999432563781738
739,DB1,P07,DB1_P07_C2_T03_relabeled,L,balanced,wf1_timeserieswise,4,DB1,DB1,True,0.9967654943466187
744,DB3,P05,DB3_P05_A_T01_relabeled,L,balanced,wf1_timeserieswise,4,DB3,DB3,True,0.8428483009338379
747,DB1,P21,DB1_P21_C2_T04_relabeled,L,balanced,wf1_timeserieswise,4,DB1,DB1,True,0.9997814297676086
748,DB2,P01,DB2_P01_T02_65_relabeled,L,balanced,wf1_timeserieswise,4,DB2,DB2,True,0.9999579191207886
765,DB5,P28,DB5_P28_T04_l_comf_relabeled,L,balanced,wf1_timeserieswise,4,DB5,DB5,True,0.9999716281890869
767,DB1,P01,DB1_P01_C2_T02_relabeled,L,balanced,wf1_timeserieswise,4,DB1,DB1,True,0.9593570828437805
779,DB3,P05,DB3_P05_A_T04_relabeled,R,balanced,wf1_timeserieswise,4,DB3,DB3,True,0.9730609655380249
785,DB5,P10,DB5_P10_T23_l_slow_relabeled,L,balanced,wf1_timeserieswise,4,DB5,DB5,True,0.9999212026596069
791,DB2,P01,DB2_P01_T01_250_relabeled,L,balanced,wf1_timeserieswise,4,DB2,DB2,True,0.9999690055847168
812,DB2,P01,DB2_P01_T06_p_relabeled,L,balanced,wf1_timeserieswise,4,DB2,DB2,True,0.9988399147987366
827,DB1,P46,DB1_P46_C2_T03_relabeled,L,balanced,wf1_timeserieswise,4,DB1,DB1,True,0.9996562004089355
828,DB4,P21,DB4_P21_T17_relabeled,R,balanced,wf1_timeserieswise,4,DB4,DB4,True,0.9996612071990967
831,DB1,P21,DB1_P21_C2_T02_relabeled,L,balanced,wf1_timeserieswise,4,DB1,DB1,True,0.9993246793746948
835,DB3,P05,DB3_P05_A_T03_relabeled,L,balanced,wf1_timeserieswise,4,DB3,DB3,True,0.8736234903335571
840,DB1,P01,DB1_P01_C1_T01_relabeled,L,balanced,wf1_timeserieswise,4,DB1,DB1,True,0.9997153878211975
1,DB2,P07,DB2_P07_T07_250_relabeled,L,balanced,wf1_timeserieswise,5,DB2,DB2,True,0.9999336004257202
5,DB2,P07,DB2_P07_T01_65_relabeled,L,balanced,wf1_timeserieswise,5,DB2,DB2,True,0.9929537177085876
7,DB1,P30,DB1_P30_C1_T04_relabeled,R,balanced,wf1_timeserieswise,5,DB1,DB1,True,0.7269711494445801
36,DB2,P09,DB2_P09_T02_-65_relabeled,L,balanced,wf1_timeserieswise,5,DB2,DB2,True,0.6377990245819092
43,DB3,P13,DB3_P13_A_T09_relabeled,R,balanced,wf1_timeserieswise,5,DB3,DB3,True,0.9945650100708008
44,DB5,P21,DB5_P21_T09_l_comf_relabeled,L,balanced,wf1_timeserieswise,5,DB5,DB5,True,0.9999823570251465
47,DB4,P29,DB4_P29_T09_relabeled,R,balanced,wf1_timeserieswise,5,DB4,DB4,True,0.9999693632125854
48,DB1,P05,DB1_P05_C2_T01_relabeled,L,balanced,wf1_timeserieswise,5,DB1,DB1,True,0.9816702604293823
50,DB3,P04,DB3_P04_A_T10_relabeled,R,balanced,wf1_timeserieswise,5,DB3,DB3,True,0.9997684359550476
53,DB3,P04,DB3_P04_A_T05_relabeled,L,balanced,wf1_timeserieswise,5,DB3,DB3,True,0.9996720552444458
73,DB3,P13,DB3_P13_A_T19_relabeled,R,balanced,wf1_timeserieswise,5,DB3,DB3,True,0.9838142395019531
74,DB5,P27,DB5_P27_T05_l_comf_relabeled,L,balanced,wf1_timeserieswise,5,DB5,DB5,True,0.9998155236244202
75,DB1,P05,DB1_P05_C3_T02_relabeled,L,balanced,wf1_timeserieswise,5,DB1,DB1,True,0.6770772933959961
77,DB4,P57,DB4_P57_T03_relabeled,R,balanced,wf1_timeserieswise,5,DB4,DB4,True,0.9997484087944031
80,DB2,P09,DB2_P09_T05_130_relabeled,L,balanced,wf1_timeserieswise,5,DB2,DB2,True,0.9988113641738892
85,DB4,P13,DB4_P13_T13_relabeled,R,balanced,wf1_timeserieswise,5,DB4,DB4,True,0.9913917779922485
87,DB5,P27,DB5_P27_T10_l_comf_relabeled,L,balanced,wf1_timeserieswise,5,DB5,DB5,True,0.9997052550315857
88,DB4,P57,DB4_P57_T17_relabeled,R,balanced,wf1_timeserieswise,5,DB4,DB4,True,0.9998736381530762
96,DB4,P13,DB4_P13_T11_relabeled,R,balanced,wf1_timeserieswise,5,DB4,DB4,True,0.996931791305542
99,DB4,P57,DB4_P57_T07_relabeled,R,balanced,wf1_timeserieswise,5,DB4,DB4,True,0.9997522234916687
106,DB2,P09,DB2_P09_T01_250_relabeled,L,balanced,wf1_timeserieswise,5,DB2,DB2,True,0.796458899974823
113,DB5,P20,DB5_P20_T21_r_comf_relabeled,L,balanced,wf1_timeserieswise,5,DB5,DB5,True,0.999967098236084
114,DB2,P09,DB2_P09_T04_65_relabeled,L,balanced,wf1_timeserieswise,5,DB2,DB2,True,0.9990276098251343
115,DB3,P02,DB3_P02_A_T12_relabeled,L,balanced,wf1_timeserieswise,5,DB3,DB3,True,0.9993334412574768
116,DB4,P13,DB4_P13_T02_relabeled,R,balanced,wf1_timeserieswise,5,DB4,DB4,True,0.9875484704971313
117,DB1,P48,DB1_P48_C3_T03_relabeled,L,balanced,wf1_timeserieswise,5,DB1,DB1,True,0.9918370842933655
120,DB4,P30,DB4_P30_T05_relabeled,R,balanced,wf1_timeserieswise,5,DB4,DB4,True,0.9967454671859741
121,DB5,P20,DB5_P20_T35_r_slow_relabeled,L,balanced,wf1_timeserieswise,5,DB5,DB5,True,0.999980092048645
122,DB5,P20,DB5_P20_T30_l_slow_relabeled,L,balanced,wf1_timeserieswise,5,DB5,DB5,True,0.9999802112579346
123,DB2,P07,DB2_P07_T01_-65_relabeled,L,balanced,wf1_timeserieswise,5,DB2,DB2,True,0.9997503161430359
124,DB5,P27,DB5_P27_T12_r_comf_relabeled,L,balanced,wf1_timeserieswise,5,DB5,DB5,True,0.9912245869636536
127,DB1,P17,DB1_P17_C3_T04_relabeled,L,balanced,wf1_timeserieswise,5,DB1,DB1,True,0.7594125866889954
134,DB2,P09,DB2_P09_T02_250_relabeled,L,balanced,wf1_timeserieswise,5,DB2,DB2,True,0.6678855419158936
136,DB5,P27,DB5_P27_T08_l_comf_relabeled,L,balanced,wf1_timeserieswise,5,DB5,DB5,True,0.9996510744094849
140,DB1,P05,DB1_P05_C3_T03_relabeled,L,balanced,wf1_timeserieswise,5,DB1,DB1,True,0.7839264273643494
148,DB5,P20,DB5_P20_T20_r_comf_relabeled,L,balanced,wf1_timeserieswise,5,DB5,DB5,True,0.9999825954437256
153,DB2,P09,DB2_P09_T03_-65_relabeled,L,balanced,wf1_timeserieswise,5,DB2,DB2,True,0.9611873626708984
154,DB1,P10,DB1_P10_C2_T01_relabeled,L,balanced,wf1_timeserieswise,5,DB1,DB1,True,0.9994912147521973
155,DB4,P27,DB4_P27_T02_relabeled,R,balanced,wf1_timeserieswise,5,DB4,DB4,True,0.9999748468399048
156,DB1,P48,DB1_P48_C1_T02_relabeled,L,balanced,wf1_timeserieswise,5,DB1,DB1,True,0.9999206066131592
164,DB3,P04,DB3_P04_A_T07_relabeled,L,balanced,wf1_timeserieswise,5,DB3,DB3,True,0.9998599290847778
172,DB2,P07,DB2_P07_T05_-130_relabeled,L,balanced,wf1_timeserieswise,5,DB2,DB2,True,0.999728262424469
176,DB5,P20,DB5_P20_T13_r_comf_relabeled,L,balanced,wf1_timeserieswise,5,DB5,DB5,True,0.9999520778656006
179,DB1,P30,DB1_P30_C2_T03_relabeled,L,balanced,wf1_timeserieswise,5,DB1,DB1,True,0.9879967570304871
209,DB4,P25,DB4_P25_T19_relabeled,R,balanced,wf1_timeserieswise,5,DB4,DB4,True,0.9999809265136719
212,DB4,P25,DB4_P25_T14_relabeled,R,balanced,wf1_timeserieswise,5,DB4,DB4,True,0.9999748468399048
235,DB1,P15,DB1_P15_C2_T05_relabeled,L,balanced,wf1_timeserieswise,5,DB1,DB1,True,0.9952848553657532
236,DB1,P17,DB1_P17_C2_T03_relabeled,L,balanced,wf1_timeserieswise,5,DB1,DB1,True,0.9867048263549805
242,DB1,P48,DB1_P48_C2_T04_relabeled,L,balanced,wf1_timeserieswise,5,DB1,DB1,True,0.9987754225730896
250,DB2,P09,DB2_P09_T03_-130_relabeled,L,balanced,wf1_timeserieswise,5,DB2,DB2,True,0.7877563834190369
253,DB4,P20,DB4_P20_T05_relabeled,R,balanced,wf1_timeserieswise,5,DB4,DB4,True,0.9960254430770874
256,DB1,P05,DB1_P05_C2_T05_relabeled,L,balanced,wf1_timeserieswise,5,DB1,DB1,True,0.9911375045776367
261,DB1,P15,DB1_P15_C3_T01_relabeled,L,balanced,wf1_timeserieswise,5,DB1,DB1,True,0.9051107168197632
262,DB4,P20,DB4_P20_T24_relabeled,R,balanced,wf1_timeserieswise,5,DB4,DB4,True,0.9962387084960938
267,DB1,P48,DB1_P48_C3_T01_relabeled,L,balanced,wf1_timeserieswise,5,DB1,DB1,True,0.9961561560630798
268,DB4,P57,DB4_P57_T18_relabeled,R,balanced,wf1_timeserieswise,5,DB4,DB4,True,0.9998708963394165
270,DB3,P02,DB3_P02_A_T05_relabeled,R,balanced,wf1_timeserieswise,5,DB3,DB3,True,0.9995431900024414
271,DB2,P09,DB2_P09_T05_-130_relabeled,L,balanced,wf1_timeserieswise,5,DB2,DB2,True,0.8969196677207947
278,DB3,P02,DB3_P02_A_T01_relabeled,R,balanced,wf1_timeserieswise,5,DB3,DB3,True,0.9998210072517395
279,DB5,P27,DB5_P27_T19_r_comf_relabeled,L,balanced,wf1_timeserieswise,5,DB5,DB5,True,0.9993118047714233
281,DB3,P04,DB3_P04_A_T12_relabeled,R,balanced,wf1_timeserieswise,5,DB3,DB3,True,0.9998335838317871
285,DB1,P17,DB1_P17_C2_T02_relabeled,L,balanced,wf1_timeserieswise,5,DB1,DB1,True,0.9795932769775391
298,DB2,P09,DB2_P09_T02_-130_relabeled,L,balanced,wf1_timeserieswise,5,DB2,DB2,True,0.8587806224822998
308,DB1,P05,DB1_P05_C2_T03_relabeled,L,balanced,wf1_timeserieswise,5,DB1,DB1,True,0.9875237345695496
313,DB5,P27,DB5_P27_T33_r_slow_relabeled,L,balanced,wf1_timeserieswise,5,DB5,DB5,True,0.9989686012268066
315,DB3,P04,DB3_P04_A_T09_relabeled,L,balanced,wf1_timeserieswise,5,DB3,DB3,True,0.9998338222503662
316,DB1,P10,DB1_P10_C2_T04_relabeled,L,balanced,wf1_timeserieswise,5,DB1,DB1,True,0.999154806137085
325,DB4,P30,DB4_P30_T14_relabeled,R,balanced,wf1_timeserieswise,5,DB4,DB4,True,0.9980669617652893
328,DB1,P48,DB1_P48_C3_T02_relabeled,L,balanced,wf1_timeserieswise,5,DB1,DB1,True,0.9900534749031067
329,DB5,P21,DB5_P21_T32_r_slow_relabeled,L,balanced,wf1_timeserieswise,5,DB5,DB5,True,0.9998409748077393
334,DB5,P27,DB5_P27_T24_l_slow_relabeled,L,balanced,wf1_timeserieswise,5,DB5,DB5,True,0.9994755387306213
335,DB4,P25,DB4_P25_T05_relabeled,L,balanced,wf1_timeserieswise,5,DB4,DB4,True,0.9990935325622559
343,DB5,P21,DB5_P21_T07_l_comf_relabeled,L,balanced,wf1_timeserieswise,5,DB5,DB5,True,0.999967098236084
347,DB2,P07,DB2_P07_T05_65_relabeled,L,balanced,wf1_timeserieswise,5,DB2,DB2,True,0.9994025230407715
361,DB5,P21,DB5_P21_T19_r_comf_relabeled,L,balanced,wf1_timeserieswise,5,DB5,DB5,True,0.9999858140945435
372,DB5,P27,DB5_P27_T02_l_comf_relabeled,L,balanced,wf1_timeserieswise,5,DB5,DB5,True,0.9993801116943359
373,DB2,P09,DB2_P09_T05_250_relabeled,L,balanced,wf1_timeserieswise,5,DB2,DB2,True,0.9612577557563782
374,DB2,P07,DB2_P07_T04_130_relabeled,L,balanced,wf1_timeserieswise,5,DB2,DB2,True,0.9981739521026611
375,DB1,P30,DB1_P30_C2_T02_relabeled,L,balanced,wf1_timeserieswise,5,DB1,DB1,True,0.986810564994812
377,DB3,P06,DB3_P06_A_T14_relabeled,L,balanced,wf1_timeserieswise,5,DB3,DB3,True,0.9997381567955017
387,DB2,P09,DB2_P09_T03_130_relabeled,L,balanced,wf1_timeserieswise,5,DB2,DB2,True,0.9928079843521118
393,DB4,P30,DB4_P30_T13_relabeled,R,balanced,wf1_timeserieswise,5,DB4,DB4,True,0.9995009899139404
394,DB2,P07,DB2_P07_T02_65_relabeled,L,balanced,wf1_timeserieswise,5,DB2,DB2,True,0.9992565512657166
397,DB1,P15,DB1_P15_C2_T02_relabeled,L,balanced,wf1_timeserieswise,5,DB1,DB1,True,0.998116135597229
400,DB2,P09,DB2_P09_T04_130_relabeled,L,balanced,wf1_timeserieswise,5,DB2,DB2,True,0.9964748024940491
413,DB4,P29,DB4_P29_T07_relabeled,R,balanced,wf1_timeserieswise,5,DB4,DB4,True,0.9998351335525513
416,DB2,P07,DB2_P07_T04_p_relabeled,L,balanced,wf1_timeserieswise,5,DB2,DB2,True,0.998417854309082
420,DB4,P25,DB4_P25_T11_relabeled,L,balanced,wf1_timeserieswise,5,DB4,DB4,True,0.9956820011138916
423,DB4,P57,DB4_P57_T09_relabeled,R,balanced,wf1_timeserieswise,5,DB4,DB4,True,0.9998830556869507
427,DB2,P07,DB2_P07_T03_-130_relabeled,L,balanced,wf1_timeserieswise,5,DB2,DB2,True,0.9995737671852112
428,DB3,P04,DB3_P04_A_T14_relabeled,L,balanced,wf1_timeserieswise,5,DB3,DB3,True,0.9998641014099121
438,DB5,P20,DB5_P20_T19_r_comf_relabeled,L,balanced,wf1_timeserieswise,5,DB5,DB5,True,0.9999760389328003
441,DB4,P20,DB4_P20_T21_relabeled,L,balanced,wf1_timeserieswise,5,DB4,DB4,True,0.8857805728912354
444,DB3,P13,DB3_P13_A_T01_relabeled,R,balanced,wf1_timeserieswise,5,DB3,DB3,True,0.9921755194664001
456,DB4,P57,DB4_P57_T13_relabeled,R,balanced,wf1_timeserieswise,5,DB4,DB4,True,0.9998553991317749
470,DB4,P29,DB4_P29_T20_relabeled,R,balanced,wf1_timeserieswise,5,DB4,DB4,True,0.9999752044677734
472,DB3,P04,DB3_P04_A_T08_relabeled,R,balanced,wf1_timeserieswise,5,DB3,DB3,True,0.9999016523361206
477,DB5,P20,DB5_P20_T32_l_slow_relabeled,L,balanced,wf1_timeserieswise,5,DB5,DB5,True,0.9999758005142212
479,DB3,P13,DB3_P13_A_T18_relabeled,R,balanced,wf1_timeserieswise,5,DB3,DB3,True,0.9923445582389832
482,DB3,P06,DB3_P06_A_T08_relabeled,R,balanced,wf1_timeserieswise,5,DB3,DB3,True,0.9997945427894592
485,DB3,P06,DB3_P06_A_T13_relabeled,L,balanced,wf1_timeserieswise,5,DB3,DB3,True,0.999576985836029
488,DB2,P07,DB2_P07_T02_p_relabeled,L,balanced,wf1_timeserieswise,5,DB2,DB2,True,0.9986166954040527
490,DB1,P42,DB1_P42_C3_T01_relabeled,L,balanced,wf1_timeserieswise,5,DB1,DB1,True,0.9918340444564819
499,DB5,P27,DB5_P27_T34_r_slow_relabeled,L,balanced,wf1_timeserieswise,5,DB5,DB5,True,0.9992245435714722
503,DB3,P13,DB3_P13_A_T07_relabeled,R,balanced,wf1_timeserieswise,5,DB3,DB3,True,0.9905893802642822
511,DB3,P13,DB3_P13_A_T26_relabeled,L,balanced,wf1_timeserieswise,5,DB3,DB3,True,0.9972459077835083
517,DB5,P21,DB5_P21_T12_r_comf_relabeled,L,balanced,wf1_timeserieswise,5,DB5,DB5,True,0.9999904632568359
530,DB5,P27,DB5_P27_T36_r_slow_relabeled,L,balanced,wf1_timeserieswise,5,DB5,DB5,True,0.9993972778320312
532,DB5,P21,DB5_P21_T33_r_slow_relabeled,L,balanced,wf1_timeserieswise,5,DB5,DB5,True,0.9999837875366211
542,DB3,P06,DB3_P06_A_T06_relabeled,R,balanced,wf1_timeserieswise,5,DB3,DB3,True,0.9994980096817017
553,DB3,P13,DB3_P13_A_T29_relabeled,L,balanced,wf1_timeserieswise,5,DB3,DB3,True,0.9840025305747986
564,DB5,P27,DB5_P27_T17_r_comf_relabeled,L,balanced,wf1_timeserieswise,5,DB5,DB5,True,0.9995648264884949
567,DB1,P10,DB1_P10_C2_T02_relabeled,L,balanced,wf1_timeserieswise,5,DB1,DB1,True,0.9989356398582458
570,DB4,P42,DB4_P42_T18_relabeled,R,balanced,wf1_timeserieswise,5,DB4,DB4,True,0.9999510049819946
572,DB2,P07,DB2_P07_T03_65_relabeled,L,balanced,wf1_timeserieswise,5,DB2,DB2,True,0.9988657236099243
578,DB1,P03,DB1_P03_C3_T01_relabeled,L,balanced,wf1_timeserieswise,5,DB1,DB1,True,0.9949618577957153
592,DB4,P20,DB4_P20_T06_relabeled,R,balanced,wf1_timeserieswise,5,DB4,DB4,True,0.9912402033805847
594,DB4,P20,DB4_P20_T15_relabeled,R,balanced,wf1_timeserieswise,5,DB4,DB4,True,0.9793459177017212
595,DB2,P07,DB2_P07_T04_250_relabeled,L,balanced,wf1_timeserieswise,5,DB2,DB2,True,0.9995367527008057
605,DB4,P20,DB4_P20_T17_relabeled,L,balanced,wf1_timeserieswise,5,DB4,DB4,True,0.9527405500411987
611,DB2,P09,DB2_P09_T02_65_relabeled,L,balanced,wf1_timeserieswise,5,DB2,DB2,True,0.9933292865753174
612,DB1,P48,DB1_P48_C1_T03_relabeled,L,balanced,wf1_timeserieswise,5,DB1,DB1,True,0.999894380569458
621,DB3,P02,DB3_P02_A_T06_relabeled,L,balanced,wf1_timeserieswise,5,DB3,DB3,True,0.9992706179618835
622,DB1,P48,DB1_P48_C2_T05_relabeled,L,balanced,wf1_timeserieswise,5,DB1,DB1,True,0.998113751411438
631,DB4,P25,DB4_P25_T07_relabeled,L,balanced,wf1_timeserieswise,5,DB4,DB4,True,0.9991777539253235
633,DB5,P24,DB5_P24_T17_r_comf_relabeled,R,balanced,wf1_timeserieswise,5,DB5,DB5,True,0.9998636245727539
641,DB3,P13,DB3_P13_A_T34_relabeled,L,balanced,wf1_timeserieswise,5,DB3,DB3,True,0.9988765120506287
642,DB5,P21,DB5_P21_T36_r_slow_relabeled,L,balanced,wf1_timeserieswise,5,DB5,DB5,True,0.9999798536300659
646,DB3,P02,DB3_P02_A_T03_relabeled,R,balanced,wf1_timeserieswise,5,DB3,DB3,True,0.9998832941055298
648,DB1,P17,DB1_P17_C2_T04_relabeled,L,balanced,wf1_timeserieswise,5,DB1,DB1,True,0.9256244897842407
653,DB2,P07,DB2_P07_T02_-65_relabeled,L,balanced,wf1_timeserieswise,5,DB2,DB2,True,0.9995158910751343
655,DB2,P07,DB2_P07_T06_-65_relabeled,L,balanced,wf1_timeserieswise,5,DB2,DB2,True,0.9997010827064514
659,DB3,P02,DB3_P02_A_T11_relabeled,R,balanced,wf1_timeserieswise,5,DB3,DB3,True,0.9998186230659485
676,DB4,P27,DB4_P27_T17_relabeled,L,balanced,wf1_timeserieswise,5,DB4,DB4,True,0.9981399774551392
677,DB5,P27,DB5_P27_T21_l_slow_relabeled,L,balanced,wf1_timeserieswise,5,DB5,DB5,True,0.9990513920783997
681,DB5,P21,DB5_P21_T03_l_comf_relabeled,L,balanced,wf1_timeserieswise,5,DB5,DB5,True,0.9999872446060181
694,DB1,P15,DB1_P15_C3_T02_relabeled,L,balanced,wf1_timeserieswise,5,DB1,DB1,True,0.7612181901931763
696,DB2,P09,DB2_P09_T06_p_relabeled,L,balanced,wf1_timeserieswise,5,DB2,DB2,True,0.9903280138969421
698,DB5,P02,DB5_P02_T18_r_comf_relabeled,R,balanced,wf1_timeserieswise,5,DB5,DB5,True,0.9999299049377441
709,DB5,P24,DB5_P24_T13_r_comf_relabeled,R,balanced,wf1_timeserieswise,5,DB5,DB5,True,0.9998939037322998
711,DB4,P42,DB4_P42_T12_relabeled,R,balanced,wf1_timeserieswise,5,DB4,DB4,True,0.9999531507492065
716,DB3,P06,DB3_P06_A_T12_relabeled,L,balanced,wf1_timeserieswise,5,DB3,DB3,True,0.9992672801017761
718,DB1,P48,DB1_P48_C2_T03_relabeled,L,balanced,wf1_timeserieswise,5,DB1,DB1,True,0.9954106211662292
719,DB2,P07,DB2_P07_T01_p_relabeled,L,balanced,wf1_timeserieswise,5,DB2,DB2,True,0.9959611296653748
732,DB1,P10,DB1_P10_C3_T02_relabeled,L,balanced,wf1_timeserieswise,5,DB1,DB1,True,0.9626144170761108
746,DB2,P09,DB2_P09_T04_-65_relabeled,L,balanced,wf1_timeserieswise,5,DB2,DB2,True,0.9509881138801575
757,DB3,P13,DB3_P13_A_T28_relabeled,L,balanced,wf1_timeserieswise,5,DB3,DB3,True,0.9985625147819519
763,DB5,P20,DB5_P20_T02_l_comf_relabeled,L,balanced,wf1_timeserieswise,5,DB5,DB5,True,0.999987006187439
764,DB3,P04,DB3_P04_A_T13_relabeled,L,balanced,wf1_timeserieswise,5,DB3,DB3,True,0.9997561573982239
768,DB4,P30,DB4_P30_T07_relabeled,R,balanced,wf1_timeserieswise,5,DB4,DB4,True,0.9992383718490601
780,DB3,P02,DB3_P02_A_T13_relabeled,L,balanced,wf1_timeserieswise,5,DB3,DB3,True,0.999430239200592
782,DB3,P02,DB3_P02_A_T09_relabeled,R,balanced,wf1_timeserieswise,5,DB3,DB3,True,0.9997361302375793
786,DB2,P07,DB2_P07_T05_130_relabeled,L,balanced,wf1_timeserieswise,5,DB2,DB2,True,0.9949023723602295
790,DB3,P13,DB3_P13_A_T06_relabeled,L,balanced,wf1_timeserieswise,5,DB3,DB3,True,0.9977540373802185
797,DB3,P06,DB3_P06_A_T07_relabeled,R,balanced,wf1_timeserieswise,5,DB3,DB3,True,0.9996366500854492
800,DB4,P27,DB4_P27_T04_relabeled,R,balanced,wf1_timeserieswise,5,DB4,DB4,True,0.9999616146087646
805,DB3,P06,DB3_P06_A_T10_relabeled,L,balanced,wf1_timeserieswise,5,DB3,DB3,True,0.999504804611206
807,DB4,P27,DB4_P27_T14_relabeled,L,balanced,wf1_timeserieswise,5,DB4,DB4,True,0.9966506361961365
808,DB1,P17,DB1_P17_C2_T05_relabeled,L,balanced,wf1_timeserieswise,5,DB1,DB1,True,0.9941576719284058
811,DB5,P27,DB5_P27_T32_r_slow_relabeled,L,balanced,wf1_timeserieswise,5,DB5,DB5,True,0.9971917271614075
814,DB2,P09,DB2_P09_T05_-65_relabeled,L,balanced,wf1_timeserieswise,5,DB2,DB2,True,0.950796902179718
816,DB1,P17,DB1_P17_C2_T01_relabeled,L,balanced,wf1_timeserieswise,5,DB1,DB1,True,0.9891258478164673
820,DB5,P20,DB5_P20_T07_l_comf_relabeled,L,balanced,wf1_timeserieswise,5,DB5,DB5,True,0.9999794960021973
822,DB3,P02,DB3_P02_A_T07_relabeled,R,balanced,wf1_timeserieswise,5,DB3,DB3,True,0.9998394250869751
838,DB1,P05,DB1_P05_C2_T02_relabeled,L,balanced,wf1_timeserieswise,5,DB1,DB1,True,0.9915598034858704
839,DB5,P24,DB5_P24_T15_r_comf_relabeled,R,balanced,wf1_timeserieswise,5,DB5,DB5,True,0.9998942613601685
