epoch,train_loss,train_accuracy,val_loss,val_accuracy
1,0.23571118964063006,0.9294532627865961,0.02572718525978283,1.0
2,0.010733688786885385,0.9991181657848325,0.005174080141532328,1.0
3,0.0038888372815127042,1.0,0.0031481218440165618,1.0
4,0.002192887824769518,1.0,0.00210603117651467,1.0
5,0.001454828681122032,1.0,0.001752711552760871,1.0
6,0.0010306798289176832,1.0,0.001172154106130258,1.0
7,0.0007854914782376635,1.0,0.0009121344859360751,1.0
8,0.0006159139987318636,1.0,0.0006688439506057318,1.0
9,0.0005019141967164852,1.0,0.0005990307979561213,1.0
10,0.0004366102430380625,1.0,0.0005647324638030399,1.0
11,0.0003398441913048203,1.0,0.0004208876508475813,1.0
12,0.0003154021167709423,1.0,0.00035405416173113176,1.0
13,0.0002569756569173286,1.0,0.00033088342226610194,1.0
14,0.0002180831419844821,1.0,0.00027717344944532327,1.0
15,0.0001954382445469804,1.0,0.0002417917013185401,1.0
16,0.0001734126456827377,1.0,0.00025246243969462957,1.0
17,0.00015847985977651897,1.0,0.00024085030790433015,1.0
18,0.00013649945928929932,1.0,0.00017571193853674178,1.0
19,0.00011901832838596964,1.0,0.00016964195095489035,1.0
20,0.00010923511981865559,1.0,0.0001399652410994335,1.0
21,9.64732093312445e-05,1.0,0.00013167288513818795,1.0
22,8.679218426133453e-05,1.0,0.00012066968331664755,1.0
23,8.098082106838264e-05,1.0,0.00011475002783780652,1.0
24,7.30195445803362e-05,1.0,0.00010268491494485497,1.0
25,6.539518784771047e-05,1.0,9.519518696272097e-05,1.0
26,5.9635269191162085e-05,1.0,8.805636995944685e-05,1.0
27,5.530258788925048e-05,1.0,8.187692305219424e-05,1.0
28,5.044951898994433e-05,1.0,7.200912938793665e-05,1.0
29,4.6212957001188965e-05,1.0,6.587919765312794e-05,1.0
30,4.32974925203942e-05,1.0,6.0672339756929816e-05,1.0
31,3.9060137013552016e-05,1.0,5.7893389147709075e-05,1.0
32,3.6513070263925016e-05,1.0,5.3350741812957485e-05,1.0
33,3.419985439285687e-05,1.0,4.8302651673602e-05,1.0
34,3.184390180365727e-05,1.0,4.575783120454088e-05,1.0
35,2.9237844096820078e-05,1.0,4.2419529720768757e-05,1.0
36,2.7502594116132385e-05,1.0,4.2531380738673096e-05,1.0
37,2.5803260835119837e-05,1.0,3.6149068171615104e-05,1.0
38,2.3906266902146036e-05,1.0,3.311161538319743e-05,1.0
39,2.2488556664915036e-05,1.0,3.238723314274209e-05,1.0
40,2.0813258380631793e-05,1.0,3.069415727370609e-05,1.0
41,1.9651415764931217e-05,1.0,2.799294275992854e-05,1.0
42,1.8359161141848276e-05,1.0,2.678516463308241e-05,1.0
43,1.7407408897327962e-05,1.0,2.5528046052010167e-05,1.0
44,1.6126923292080554e-05,1.0,2.272051090523689e-05,1.0
45,1.541351747582153e-05,1.0,2.2633969523743662e-05,1.0
46,1.4364663329423238e-05,1.0,2.0178555834946845e-05,1.0
47,1.361516386383602e-05,1.0,1.9389463425019673e-05,1.0
48,1.2646611273180858e-05,1.0,1.756559200867165e-05,1.0
49,1.2334147916508348e-05,1.0,1.652091940936461e-05,1.0
