method,DB,precision,recall,f1,support
wf1_featurewise,DB1,0.9649122807017544,0.9763313609467456,0.9705882352941176,169.0
wf1_featurewise,DB2,1.0,0.9763313609467456,0.9880239520958084,169.0
wf1_featurewise,DB3,0.9367816091954023,0.9644970414201184,0.9504373177842566,169.0
wf1_featurewise,DB4,1.0,0.9704142011834319,0.984984984984985,169.0
wf1_featurewise,DB5,0.9883040935672515,1.0,0.9941176470588236,169.0
wf1_timeserieswise,DB1,0.9766081871345029,0.9881656804733728,0.9823529411764705,169.0
wf1_timeserieswise,DB2,1.0,1.0,1.0,169.0
wf1_timeserieswise,DB3,0.9880239520958084,0.9763313609467456,0.9821428571428571,169.0
wf1_timeserieswise,DB4,1.0,0.9822485207100592,0.991044776119403,169.0
wf1_timeserieswise,DB5,0.9825581395348837,1.0,0.9912023460410557,169.0
wf2_featurewise,DB1,0.9825581395348837,1.0,0.9912023460410557,169.0
wf2_featurewise,DB2,0.9878787878787879,0.9644970414201184,0.9760479041916168,169.0
wf2_featurewise,DB3,0.9940476190476191,0.9881656804733728,0.9910979228486647,169.0
wf2_featurewise,DB4,0.9939759036144579,0.9763313609467456,0.9850746268656716,169.0
wf2_featurewise,DB5,0.9712643678160919,1.0,0.9854227405247813,169.0
wf2_timeserieswise,DB1,0.9821428571428571,0.9763313609467456,0.9792284866468842,169.0
wf2_timeserieswise,DB2,0.9818181818181818,0.9585798816568047,0.9700598802395209,169.0
wf2_timeserieswise,DB3,0.9540229885057471,0.9822485207100592,0.967930029154519,169.0
wf2_timeserieswise,DB4,1.0,1.0,1.0,169.0
wf2_timeserieswise,DB5,1.0,1.0,1.0,169.0
wf3_trialwise,DB1,0.9390243902439024,0.9112426035502958,0.924924924924925,169.0
wf3_trialwise,DB2,0.9512195121951219,0.9230769230769231,0.9369369369369369,169.0
wf3_trialwise,DB3,0.8833333333333333,0.9408284023668639,0.9111747851002865,169.0
wf3_trialwise,DB4,1.0,0.9940828402366864,0.9970326409495549,169.0
wf3_trialwise,DB5,1.0,1.0,1.0,169.0
