gait_cycle_percent,IK_ankle_angle_1,IK_ankle_angle_2,IK_hip_flexion_1,IK_hip_flexion_2,IK_knee_angle_1,IK_knee_angle_2
0.0,0.20976464,0.10745701,0.00026178526,0.30328223,4.9336784e-05,0.68110526
1.0,0.23707597,0.22795549,0.0032326495,0.23721252,7.715514e-05,0.6413173
2.0,0.27171415,0.20106336,6.8752684e-05,0.21649311,0.000101850776,0.48219374
3.0,0.39589402,0.15913142,0.0008226086,0.10308979,0.00020584719,0.36141163
4.0,0.2862802,0.09928131,0.048917487,0.1201923,0.00022943743,0.3118416
5.0,0.11196056,0.08640928,0.0013732013,0.025169501,8.808758e-05,0.25212052
6.0,0.16585347,0.10753486,0.007446411,0.020502087,0.0,0.12810384
7.0,0.119639836,0.081819385,0.0038985228,0.02373245,0.0,0.11658582
8.0,0.018736644,0.079781495,0.026176918,0.0,0.0,0.055822082
9.0,0.007982168,0.051502995,0.00057458517,0.0,0.0,0.03428169
10.0,0.00076355593,0.06618184,0.037546676,4.078887e-05,0.0,0.033345256
11.0,0.0027237218,0.052310415,0.033135395,8.253718e-05,0.0,0.05108039
12.0,0.0010938697,0.02495984,0.020656008,1.503417e-05,0.0073630554,0.00025973978
13.0,0.0006056384,0.025393533,0.022761742,3.658751e-05,0.010487144,4.7192076e-05
14.0,0.00012073248,0.0057966155,0.065483175,0.0,0.11475936,0.010941408
15.0,0.0004898417,5.3198128e-05,0.08511116,0.0,0.16541779,0.0
16.0,0.0005646311,0.00011988928,0.10718113,0.0,0.112677306,0.0
17.0,0.00013745212,7.5130534e-05,0.11593576,0.0,0.11900883,0.0
18.0,3.0786327e-06,1.3516839e-05,0.23296762,0.0,0.28794894,0.003543734
19.0,0.0,0.00024122818,0.25526264,0.0034799604,0.35704014,0.013320674
20.0,0.0007878479,0.00026261708,0.23404528,0.006906939,0.37256,0.00047921212
21.0,0.004111446,0.00014633201,0.17988513,0.0070203324,0.36186993,0.08527757
22.0,0.0016405787,0.00010615185,0.29500103,0.0049058106,0.39577228,0.050159756
23.0,0.007214699,0.0003840688,0.17256978,0.003779082,0.52574646,0.118619524
24.0,0.009327422,1.8815022e-05,0.23456043,0.00043238618,0.68283266,0.2279838
25.0,0.026504787,0.00012749468,0.36196986,0.09597709,0.53106815,0.16133986
26.0,0.011476061,8.8424866e-05,0.33892354,0.0076457597,0.6299024,0.31308013
27.0,0.094047666,7.621887e-05,0.24631698,0.050635476,0.5082357,0.37997076
28.0,0.057468984,7.232481e-05,0.20145747,0.0037808963,0.5705683,0.28973004
29.0,0.10984328,0.00010088821,0.22306588,0.052647214,0.5740855,0.38369188
30.0,0.016749818,9.434866e-05,0.30165672,0.02289436,0.4876981,0.38016135
31.0,0.089083485,8.13006e-05,0.30363047,0.00061050756,0.61042666,0.53029233
32.0,0.15043473,0.00014284012,0.34369212,0.014223922,0.5009449,0.47202533
33.0,0.073628336,0.00028393188,0.31918585,0.025053516,0.68644184,0.45884347
34.0,0.058950704,0.008009091,0.2724277,0.011761354,0.67600846,0.41868734
35.0,0.09208613,0.0001305732,0.26206127,0.015309564,0.6139006,0.53969395
36.0,0.12373479,0.0004901444,0.21749844,0.055883877,0.59836894,0.5134225
37.0,0.14778224,2.098518e-06,0.25377437,0.021536129,0.6995734,0.44361538
38.0,0.19232482,0.0,0.34377003,0.0018173917,0.7474632,0.46825227
39.0,0.1757319,0.0,0.36625114,0.011139486,0.7148022,0.30598944
40.0,0.09110481,0.0121536525,0.32911935,0.01871566,0.7054718,0.37663594
41.0,0.112845175,0.038130317,0.30152985,0.008791964,0.7227081,0.30940235
42.0,0.26099047,0.010284375,0.3423732,0.0,0.8092922,0.20077543
43.0,0.136558,0.028837001,0.38690358,0.038741212,0.6193011,0.24890597
44.0,0.18165183,0.10669605,0.39380935,0.00016395171,0.7697416,0.11655952
45.0,0.22835654,0.101350784,0.2958667,0.014663535,0.65650785,0.08774717
46.0,0.12705852,0.079482704,0.27633458,0.042582106,0.7342774,0.030187601
47.0,0.113753356,0.24773616,0.20316815,0.00024091048,0.69595397,0.031037897
48.0,0.08763527,0.17719811,0.24047175,0.016253417,0.69901985,0.0010280971
49.0,0.13273987,0.21456686,0.2808997,0.0046575326,0.6282303,0.0
50.0,0.097681694,0.25510472,0.25211537,0.013233397,0.6766484,0.0
51.0,0.072753616,0.18348235,0.055533856,0.018191937,0.53871644,0.0
52.0,0.03774017,0.17195228,0.14003208,0.0087504275,0.4851833,0.00032931706
53.0,0.013915368,0.17265779,0.10693814,0.018762143,0.35756546,0.000729455
54.0,0.036435094,0.1816485,0.04997176,0.022749236,0.26073486,0.0
55.0,0.005291378,0.10249624,0.04408307,0.059990324,0.2392667,0.0
56.0,0.010522593,0.07658738,0.0047697625,0.027569674,0.04654257,0.00466093
57.0,0.0055848854,0.022686431,0.0,0.011119021,0.09015884,0.00017873882
58.0,0.007021373,0.0038505353,0.0,0.049512047,0.059947398,0.0018379245
59.0,0.008841185,0.006496295,0.0013747743,0.05364534,0.013703553,0.0026498765
60.0,0.0012870072,0.00040246974,0.00038416276,0.06413679,0.045940492,0.042608727
61.0,7.866623e-06,0.00019150293,0.007340114,0.14183481,0.050557874,0.036175363
62.0,0.0,0.0010739905,0.0,0.12999871,0.027267747,0.06868932
63.0,0.0014812808,0.000970877,0.0025851647,0.056089062,0.018457893,0.08518223
64.0,0.001680496,0.0014923705,0.0,0.047984384,0.010182511,0.101118654
65.0,0.0,0.002902321,0.026528396,0.1004421,0.01063898,0.18460631
66.0,0.0048403614,0.0016466613,0.0012768289,0.13915361,0.0133530805,0.38464767
67.0,0.006620587,0.00025724916,0.030040322,0.20404077,0.008880032,0.19547491
68.0,0.0,0.009632911,0.0026471133,0.20674984,0.011624135,0.27545428
69.0,0.0,0.00025477877,0.031124944,0.21081269,0.044314925,0.3903067
70.0,0.0,0.00073240366,0.11985306,0.26075816,0.010237084,0.322576
71.0,1.8904182e-05,0.00033153847,0.016332772,0.30160105,0.018720955,0.43569648
72.0,0.0002621236,0.010734772,0.08504972,0.24072294,0.07806676,0.42106256
73.0,0.00022298215,0.022203512,0.049915425,0.20136945,0.043064978,0.34115985
74.0,0.0007741165,0.008092958,0.07322922,0.14006364,0.060748868,0.4428575
75.0,0.00078519364,0.021858204,0.09435619,0.23934467,0.067732684,0.31356952
76.0,0.00093666394,0.0040206714,0.13494594,0.22977531,0.052671682,0.30614457
77.0,0.009370219,0.027213506,0.05011997,0.12956446,0.18871124,0.30268803
78.0,0.00041800784,0.0067331945,0.1202887,0.27808377,0.061255362,0.3174826
79.0,0.00020972117,0.010387855,0.085917465,0.17855652,0.22599943,0.37685266
80.0,0.0012537698,0.0030925411,0.0014619535,0.19858386,0.11112947,0.42041066
81.0,0.0006312133,0.014948826,0.018099872,0.32934266,0.07366316,0.52666056
82.0,0.0011790289,0.007019595,0.022198604,0.20663096,0.1405584,0.3988889
83.0,0.0,0.04633016,0.038011968,0.20828322,0.06911441,0.5271249
84.0,0.0034234205,0.018766675,0.028602112,0.27788255,0.036653105,0.48266128
85.0,0.0015653291,0.035071045,0.055111825,0.29883564,0.065184675,0.53705174
86.0,0.014029465,0.02365906,0.044928696,0.28240886,0.046345484,0.55908763
87.0,0.031396315,0.019994805,0.00061171467,0.27738488,0.0065863673,0.5712993
88.0,0.040633604,0.036372036,0.087372795,0.26067963,0.04645645,0.5660288
89.0,0.058493488,0.07120358,0.024501676,0.32549813,0.06600527,0.691053
90.0,0.16059254,0.07927303,0.03605048,0.342486,0.0719212,0.61259764
91.0,0.15024903,0.000382816,0.09971501,0.34209448,0.059706137,0.6329637
92.0,0.073043674,0.10921377,0.06812341,0.37622488,0.07525769,0.6175435
93.0,0.15865985,0.054060645,0.044625632,0.2762847,0.09015066,0.6967536
94.0,0.22098252,0.032092225,0.05728986,0.2988729,0.11622456,0.5852887
95.0,0.24281476,0.00857265,0.029698756,0.3383911,0.1200794,0.6226272
96.0,0.20850426,0.070602246,0.106999524,0.18343501,0.13116287,0.6030103
97.0,0.16368562,0.0,0.057305835,0.24571739,0.112953186,0.5928251
98.0,0.15172929,0.02213532,0.07590013,0.3349627,0.13088447,0.43443382
99.0,0.16404153,0.0,0.059924677,0.15720317,0.15005144,0.51274
100.0,0.15943015,0.0,0.07796373,0.13306959,0.05670985,0.50927424
