DB,n_samples,feature,modality,relative_contribution,relative_contribution_percent
DB1,169,IK_ankle_angle_1,IK,0.05789852514863014,5.789852619171143
DB1,169,IK_ankle_angle_2,IK,0.12022491544485092,12.022491455078125
DB1,169,IK_hip_flexion_1,IK,0.0361177995800972,3.6117799282073975
DB1,169,IK_hip_flexion_2,IK,0.035534318536520004,3.553431749343872
DB1,169,IK_knee_angle_1,IK,0.01136898621916771,1.1368986368179321
DB1,169,IK_knee_angle_2,IK,0.006298488471657038,0.629848837852478
DB1,169,ID_ankle_angle_1_moment,ID,0.16877926886081696,16.877927780151367
DB1,169,ID_ankle_angle_2_moment,ID,0.3608897030353546,36.08897018432617
DB1,169,ID_hip_flexion_1_moment,ID,0.0031145764514803886,0.31145763397216797
DB1,169,ID_hip_flexion_2_moment,ID,0.0032276019919663668,0.3227601945400238
DB1,169,ID_knee_angle_1_moment,ID,0.03323855623602867,3.3238556385040283
DB1,169,ID_knee_angle_2_moment,ID,0.16330724954605103,16.330724716186523
DB2,235,IK_ankle_angle_1,IK,0.04961080104112625,4.961080074310303
DB2,235,IK_ankle_angle_2,IK,0.022889336571097374,2.288933753967285
DB2,235,IK_hip_flexion_1,IK,0.05258984491229057,5.258984565734863
DB2,235,IK_hip_flexion_2,IK,0.10652898252010345,10.652897834777832
DB2,235,IK_knee_angle_1,IK,0.02515294961631298,2.5152950286865234
DB2,235,IK_knee_angle_2,IK,0.032935433089733124,3.2935433387756348
DB2,235,ID_ankle_angle_1_moment,ID,0.0469210259616375,4.692102432250977
DB2,235,ID_ankle_angle_2_moment,ID,0.2422998696565628,24.2299861907959
DB2,235,ID_hip_flexion_1_moment,ID,0.13793280720710754,13.793280601501465
DB2,235,ID_hip_flexion_2_moment,ID,0.12339313328266144,12.339313507080078
DB2,235,ID_knee_angle_1_moment,ID,0.08859684318304062,8.859683990478516
DB2,235,ID_knee_angle_2_moment,ID,0.07114890217781067,7.114890098571777
DB3,199,IK_ankle_angle_1,IK,0.11760926246643066,11.760926246643066
DB3,199,IK_ankle_angle_2,IK,0.08517453074455261,8.51745319366455
DB3,199,IK_hip_flexion_1,IK,0.1546216458082199,15.462164878845215
DB3,199,IK_hip_flexion_2,IK,0.08860453218221664,8.860453605651855
DB3,199,IK_knee_angle_1,IK,0.04281219094991684,4.281219005584717
DB3,199,IK_knee_angle_2,IK,0.07286220788955688,7.286220550537109
DB3,199,ID_ankle_angle_1_moment,ID,0.11982917785644531,11.982917785644531
DB3,199,ID_ankle_angle_2_moment,ID,0.018344854936003685,1.8344855308532715
DB3,199,ID_hip_flexion_1_moment,ID,0.09239766001701355,9.239766120910645
DB3,199,ID_hip_flexion_2_moment,ID,0.08507762849330902,8.507762908935547
DB3,199,ID_knee_angle_1_moment,ID,0.08247527480125427,8.247527122497559
DB3,199,ID_knee_angle_2_moment,ID,0.04019107669591904,4.019107818603516
DB4,677,IK_ankle_angle_1,IK,0.04482625797390938,4.482625961303711
DB4,677,IK_ankle_angle_2,IK,0.033122967928647995,3.3122968673706055
DB4,677,IK_hip_flexion_1,IK,0.03757903352379799,3.7579033374786377
DB4,677,IK_hip_flexion_2,IK,0.07535021752119064,7.535021781921387
DB4,677,IK_knee_angle_1,IK,0.1598704755306244,15.98704719543457
DB4,677,IK_knee_angle_2,IK,0.12174925208091736,12.174924850463867
DB4,677,ID_ankle_angle_1_moment,ID,0.0321110337972641,3.2111034393310547
DB4,677,ID_ankle_angle_2_moment,ID,0.00978938676416874,0.9789386987686157
DB4,677,ID_hip_flexion_1_moment,ID,0.0671723335981369,6.717233180999756
DB4,677,ID_hip_flexion_2_moment,ID,0.22061355412006378,22.061355590820312
DB4,677,ID_knee_angle_1_moment,ID,0.07598979771137238,7.598979949951172
DB4,677,ID_knee_angle_2_moment,ID,0.12182573229074478,12.182573318481445
DB5,622,IK_ankle_angle_1,IK,0.037978239357471466,3.797823905944824
DB5,622,IK_ankle_angle_2,IK,0.07001574337482452,7.001574516296387
DB5,622,IK_hip_flexion_1,IK,0.031631533056497574,3.1631534099578857
DB5,622,IK_hip_flexion_2,IK,0.016454847529530525,1.6454848051071167
DB5,622,IK_knee_angle_1,IK,0.0880984365940094,8.809844017028809
DB5,622,IK_knee_angle_2,IK,0.09268411248922348,9.268411636352539
DB5,622,ID_ankle_angle_1_moment,ID,0.09461577236652374,9.461577415466309
DB5,622,ID_ankle_angle_2_moment,ID,0.1367713212966919,13.677131652832031
DB5,622,ID_hip_flexion_1_moment,ID,0.2226657122373581,22.266571044921875
DB5,622,ID_hip_flexion_2_moment,ID,0.059058595448732376,5.905859470367432
DB5,622,ID_knee_angle_1_moment,ID,0.05257096141576767,5.257096290588379
DB5,622,ID_knee_angle_2_moment,ID,0.09745475649833679,9.745475769042969
