DB,n_samples,modality,relative_contribution,relative_contribution_percent
DB1,164,GRF,0.400336729362607,40.0336729362607
DB1,164,Marker/TRC,0.5996632168535143,59.96632168535143
DB2,235,GRF,0.41791232163086534,41.79123216308653
DB2,235,Marker/TRC,0.5820876499637961,58.208764996379614
DB3,199,GRF,0.19029568508267403,19.029568508267403
DB3,199,Marker/TRC,0.8097042161971331,80.9704216197133
DB4,677,GRF,0.5540471049025655,55.40471049025655
DB4,677,Marker/TRC,0.445952916983515,44.5952916983515
DB5,571,GRF,0.9571954850107431,95.71954850107431
DB5,571,Marker/TRC,0.042804545820217754,4.280454582021775
