flat_index,channel_index,feature,time_index,gait_cycle_percent
0,0,IK_ankle_angle_1,0,0.0
1,0,IK_ankle_angle_1,1,1.0
2,0,IK_ankle_angle_1,2,2.0
3,0,IK_ankle_angle_1,3,3.0
4,0,IK_ankle_angle_1,4,4.0
5,0,IK_ankle_angle_1,5,5.0
6,0,IK_ankle_angle_1,6,6.0
7,0,IK_ankle_angle_1,7,7.0
8,0,IK_ankle_angle_1,8,8.0
9,0,IK_ankle_angle_1,9,9.0
10,0,IK_ankle_angle_1,10,10.0
11,0,IK_ankle_angle_1,11,11.0
12,0,IK_ankle_angle_1,12,12.0
13,0,IK_ankle_angle_1,13,13.0
14,0,IK_ankle_angle_1,14,14.0
15,0,IK_ankle_angle_1,15,15.0
16,0,IK_ankle_angle_1,16,16.0
17,0,IK_ankle_angle_1,17,17.0
18,0,IK_ankle_angle_1,18,18.0
19,0,IK_ankle_angle_1,19,19.0
20,0,IK_ankle_angle_1,20,20.0
21,0,IK_ankle_angle_1,21,21.0
22,0,IK_ankle_angle_1,22,22.0
23,0,IK_ankle_angle_1,23,23.0
24,0,IK_ankle_angle_1,24,24.0
25,0,IK_ankle_angle_1,25,25.0
26,0,IK_ankle_angle_1,26,26.0
27,0,IK_ankle_angle_1,27,27.0
28,0,IK_ankle_angle_1,28,28.0
29,0,IK_ankle_angle_1,29,29.0
30,0,IK_ankle_angle_1,30,30.0
31,0,IK_ankle_angle_1,31,31.0
32,0,IK_ankle_angle_1,32,32.0
33,0,IK_ankle_angle_1,33,33.0
34,0,IK_ankle_angle_1,34,34.0
35,0,IK_ankle_angle_1,35,35.0
36,0,IK_ankle_angle_1,36,36.0
37,0,IK_ankle_angle_1,37,37.0
38,0,IK_ankle_angle_1,38,38.0
39,0,IK_ankle_angle_1,39,39.0
40,0,IK_ankle_angle_1,40,40.0
41,0,IK_ankle_angle_1,41,41.0
42,0,IK_ankle_angle_1,42,42.0
43,0,IK_ankle_angle_1,43,43.0
44,0,IK_ankle_angle_1,44,44.0
45,0,IK_ankle_angle_1,45,45.0
46,0,IK_ankle_angle_1,46,46.0
47,0,IK_ankle_angle_1,47,47.0
48,0,IK_ankle_angle_1,48,48.0
49,0,IK_ankle_angle_1,49,49.0
50,0,IK_ankle_angle_1,50,50.0
51,0,IK_ankle_angle_1,51,51.0
52,0,IK_ankle_angle_1,52,52.0
53,0,IK_ankle_angle_1,53,53.0
54,0,IK_ankle_angle_1,54,54.0
55,0,IK_ankle_angle_1,55,55.0
56,0,IK_ankle_angle_1,56,56.0
57,0,IK_ankle_angle_1,57,57.0
58,0,IK_ankle_angle_1,58,58.0
59,0,IK_ankle_angle_1,59,59.0
60,0,IK_ankle_angle_1,60,60.0
61,0,IK_ankle_angle_1,61,61.0
62,0,IK_ankle_angle_1,62,62.0
63,0,IK_ankle_angle_1,63,63.0
64,0,IK_ankle_angle_1,64,64.0
65,0,IK_ankle_angle_1,65,65.0
66,0,IK_ankle_angle_1,66,66.0
67,0,IK_ankle_angle_1,67,67.0
68,0,IK_ankle_angle_1,68,68.0
69,0,IK_ankle_angle_1,69,69.0
70,0,IK_ankle_angle_1,70,70.0
71,0,IK_ankle_angle_1,71,71.0
72,0,IK_ankle_angle_1,72,72.0
73,0,IK_ankle_angle_1,73,73.0
74,0,IK_ankle_angle_1,74,74.0
75,0,IK_ankle_angle_1,75,75.0
76,0,IK_ankle_angle_1,76,76.0
77,0,IK_ankle_angle_1,77,77.0
78,0,IK_ankle_angle_1,78,78.0
79,0,IK_ankle_angle_1,79,79.0
80,0,IK_ankle_angle_1,80,80.0
81,0,IK_ankle_angle_1,81,81.0
82,0,IK_ankle_angle_1,82,82.0
83,0,IK_ankle_angle_1,83,83.0
84,0,IK_ankle_angle_1,84,84.0
85,0,IK_ankle_angle_1,85,85.0
86,0,IK_ankle_angle_1,86,86.0
87,0,IK_ankle_angle_1,87,87.0
88,0,IK_ankle_angle_1,88,88.0
89,0,IK_ankle_angle_1,89,89.0
90,0,IK_ankle_angle_1,90,90.0
91,0,IK_ankle_angle_1,91,91.0
92,0,IK_ankle_angle_1,92,92.0
93,0,IK_ankle_angle_1,93,93.0
94,0,IK_ankle_angle_1,94,94.0
95,0,IK_ankle_angle_1,95,95.0
96,0,IK_ankle_angle_1,96,96.0
97,0,IK_ankle_angle_1,97,97.0
98,0,IK_ankle_angle_1,98,98.0
99,0,IK_ankle_angle_1,99,99.0
100,0,IK_ankle_angle_1,100,100.0
101,1,IK_ankle_angle_2,0,0.0
102,1,IK_ankle_angle_2,1,1.0
103,1,IK_ankle_angle_2,2,2.0
104,1,IK_ankle_angle_2,3,3.0
105,1,IK_ankle_angle_2,4,4.0
106,1,IK_ankle_angle_2,5,5.0
107,1,IK_ankle_angle_2,6,6.0
108,1,IK_ankle_angle_2,7,7.0
109,1,IK_ankle_angle_2,8,8.0
110,1,IK_ankle_angle_2,9,9.0
111,1,IK_ankle_angle_2,10,10.0
112,1,IK_ankle_angle_2,11,11.0
113,1,IK_ankle_angle_2,12,12.0
114,1,IK_ankle_angle_2,13,13.0
115,1,IK_ankle_angle_2,14,14.0
116,1,IK_ankle_angle_2,15,15.0
117,1,IK_ankle_angle_2,16,16.0
118,1,IK_ankle_angle_2,17,17.0
119,1,IK_ankle_angle_2,18,18.0
120,1,IK_ankle_angle_2,19,19.0
121,1,IK_ankle_angle_2,20,20.0
122,1,IK_ankle_angle_2,21,21.0
123,1,IK_ankle_angle_2,22,22.0
124,1,IK_ankle_angle_2,23,23.0
125,1,IK_ankle_angle_2,24,24.0
126,1,IK_ankle_angle_2,25,25.0
127,1,IK_ankle_angle_2,26,26.0
128,1,IK_ankle_angle_2,27,27.0
129,1,IK_ankle_angle_2,28,28.0
130,1,IK_ankle_angle_2,29,29.0
131,1,IK_ankle_angle_2,30,30.0
132,1,IK_ankle_angle_2,31,31.0
133,1,IK_ankle_angle_2,32,32.0
134,1,IK_ankle_angle_2,33,33.0
135,1,IK_ankle_angle_2,34,34.0
136,1,IK_ankle_angle_2,35,35.0
137,1,IK_ankle_angle_2,36,36.0
138,1,IK_ankle_angle_2,37,37.0
139,1,IK_ankle_angle_2,38,38.0
140,1,IK_ankle_angle_2,39,39.0
141,1,IK_ankle_angle_2,40,40.0
142,1,IK_ankle_angle_2,41,41.0
143,1,IK_ankle_angle_2,42,42.0
144,1,IK_ankle_angle_2,43,43.0
145,1,IK_ankle_angle_2,44,44.0
146,1,IK_ankle_angle_2,45,45.0
147,1,IK_ankle_angle_2,46,46.0
148,1,IK_ankle_angle_2,47,47.0
149,1,IK_ankle_angle_2,48,48.0
150,1,IK_ankle_angle_2,49,49.0
151,1,IK_ankle_angle_2,50,50.0
152,1,IK_ankle_angle_2,51,51.0
153,1,IK_ankle_angle_2,52,52.0
154,1,IK_ankle_angle_2,53,53.0
155,1,IK_ankle_angle_2,54,54.0
156,1,IK_ankle_angle_2,55,55.0
157,1,IK_ankle_angle_2,56,56.0
158,1,IK_ankle_angle_2,57,57.0
159,1,IK_ankle_angle_2,58,58.0
160,1,IK_ankle_angle_2,59,59.0
161,1,IK_ankle_angle_2,60,60.0
162,1,IK_ankle_angle_2,61,61.0
163,1,IK_ankle_angle_2,62,62.0
164,1,IK_ankle_angle_2,63,63.0
165,1,IK_ankle_angle_2,64,64.0
166,1,IK_ankle_angle_2,65,65.0
167,1,IK_ankle_angle_2,66,66.0
168,1,IK_ankle_angle_2,67,67.0
169,1,IK_ankle_angle_2,68,68.0
170,1,IK_ankle_angle_2,69,69.0
171,1,IK_ankle_angle_2,70,70.0
172,1,IK_ankle_angle_2,71,71.0
173,1,IK_ankle_angle_2,72,72.0
174,1,IK_ankle_angle_2,73,73.0
175,1,IK_ankle_angle_2,74,74.0
176,1,IK_ankle_angle_2,75,75.0
177,1,IK_ankle_angle_2,76,76.0
178,1,IK_ankle_angle_2,77,77.0
179,1,IK_ankle_angle_2,78,78.0
180,1,IK_ankle_angle_2,79,79.0
181,1,IK_ankle_angle_2,80,80.0
182,1,IK_ankle_angle_2,81,81.0
183,1,IK_ankle_angle_2,82,82.0
184,1,IK_ankle_angle_2,83,83.0
185,1,IK_ankle_angle_2,84,84.0
186,1,IK_ankle_angle_2,85,85.0
187,1,IK_ankle_angle_2,86,86.0
188,1,IK_ankle_angle_2,87,87.0
189,1,IK_ankle_angle_2,88,88.0
190,1,IK_ankle_angle_2,89,89.0
191,1,IK_ankle_angle_2,90,90.0
192,1,IK_ankle_angle_2,91,91.0
193,1,IK_ankle_angle_2,92,92.0
194,1,IK_ankle_angle_2,93,93.0
195,1,IK_ankle_angle_2,94,94.0
196,1,IK_ankle_angle_2,95,95.0
197,1,IK_ankle_angle_2,96,96.0
198,1,IK_ankle_angle_2,97,97.0
199,1,IK_ankle_angle_2,98,98.0
200,1,IK_ankle_angle_2,99,99.0
201,1,IK_ankle_angle_2,100,100.0
202,2,IK_hip_flexion_1,0,0.0
203,2,IK_hip_flexion_1,1,1.0
204,2,IK_hip_flexion_1,2,2.0
205,2,IK_hip_flexion_1,3,3.0
206,2,IK_hip_flexion_1,4,4.0
207,2,IK_hip_flexion_1,5,5.0
208,2,IK_hip_flexion_1,6,6.0
209,2,IK_hip_flexion_1,7,7.0
210,2,IK_hip_flexion_1,8,8.0
211,2,IK_hip_flexion_1,9,9.0
212,2,IK_hip_flexion_1,10,10.0
213,2,IK_hip_flexion_1,11,11.0
214,2,IK_hip_flexion_1,12,12.0
215,2,IK_hip_flexion_1,13,13.0
216,2,IK_hip_flexion_1,14,14.0
217,2,IK_hip_flexion_1,15,15.0
218,2,IK_hip_flexion_1,16,16.0
219,2,IK_hip_flexion_1,17,17.0
220,2,IK_hip_flexion_1,18,18.0
221,2,IK_hip_flexion_1,19,19.0
222,2,IK_hip_flexion_1,20,20.0
223,2,IK_hip_flexion_1,21,21.0
224,2,IK_hip_flexion_1,22,22.0
225,2,IK_hip_flexion_1,23,23.0
226,2,IK_hip_flexion_1,24,24.0
227,2,IK_hip_flexion_1,25,25.0
228,2,IK_hip_flexion_1,26,26.0
229,2,IK_hip_flexion_1,27,27.0
230,2,IK_hip_flexion_1,28,28.0
231,2,IK_hip_flexion_1,29,29.0
232,2,IK_hip_flexion_1,30,30.0
233,2,IK_hip_flexion_1,31,31.0
234,2,IK_hip_flexion_1,32,32.0
235,2,IK_hip_flexion_1,33,33.0
236,2,IK_hip_flexion_1,34,34.0
237,2,IK_hip_flexion_1,35,35.0
238,2,IK_hip_flexion_1,36,36.0
239,2,IK_hip_flexion_1,37,37.0
240,2,IK_hip_flexion_1,38,38.0
241,2,IK_hip_flexion_1,39,39.0
242,2,IK_hip_flexion_1,40,40.0
243,2,IK_hip_flexion_1,41,41.0
244,2,IK_hip_flexion_1,42,42.0
245,2,IK_hip_flexion_1,43,43.0
246,2,IK_hip_flexion_1,44,44.0
247,2,IK_hip_flexion_1,45,45.0
248,2,IK_hip_flexion_1,46,46.0
249,2,IK_hip_flexion_1,47,47.0
250,2,IK_hip_flexion_1,48,48.0
251,2,IK_hip_flexion_1,49,49.0
252,2,IK_hip_flexion_1,50,50.0
253,2,IK_hip_flexion_1,51,51.0
254,2,IK_hip_flexion_1,52,52.0
255,2,IK_hip_flexion_1,53,53.0
256,2,IK_hip_flexion_1,54,54.0
257,2,IK_hip_flexion_1,55,55.0
258,2,IK_hip_flexion_1,56,56.0
259,2,IK_hip_flexion_1,57,57.0
260,2,IK_hip_flexion_1,58,58.0
261,2,IK_hip_flexion_1,59,59.0
262,2,IK_hip_flexion_1,60,60.0
263,2,IK_hip_flexion_1,61,61.0
264,2,IK_hip_flexion_1,62,62.0
265,2,IK_hip_flexion_1,63,63.0
266,2,IK_hip_flexion_1,64,64.0
267,2,IK_hip_flexion_1,65,65.0
268,2,IK_hip_flexion_1,66,66.0
269,2,IK_hip_flexion_1,67,67.0
270,2,IK_hip_flexion_1,68,68.0
271,2,IK_hip_flexion_1,69,69.0
272,2,IK_hip_flexion_1,70,70.0
273,2,IK_hip_flexion_1,71,71.0
274,2,IK_hip_flexion_1,72,72.0
275,2,IK_hip_flexion_1,73,73.0
276,2,IK_hip_flexion_1,74,74.0
277,2,IK_hip_flexion_1,75,75.0
278,2,IK_hip_flexion_1,76,76.0
279,2,IK_hip_flexion_1,77,77.0
280,2,IK_hip_flexion_1,78,78.0
281,2,IK_hip_flexion_1,79,79.0
282,2,IK_hip_flexion_1,80,80.0
283,2,IK_hip_flexion_1,81,81.0
284,2,IK_hip_flexion_1,82,82.0
285,2,IK_hip_flexion_1,83,83.0
286,2,IK_hip_flexion_1,84,84.0
287,2,IK_hip_flexion_1,85,85.0
288,2,IK_hip_flexion_1,86,86.0
289,2,IK_hip_flexion_1,87,87.0
290,2,IK_hip_flexion_1,88,88.0
291,2,IK_hip_flexion_1,89,89.0
292,2,IK_hip_flexion_1,90,90.0
293,2,IK_hip_flexion_1,91,91.0
294,2,IK_hip_flexion_1,92,92.0
295,2,IK_hip_flexion_1,93,93.0
296,2,IK_hip_flexion_1,94,94.0
297,2,IK_hip_flexion_1,95,95.0
298,2,IK_hip_flexion_1,96,96.0
299,2,IK_hip_flexion_1,97,97.0
300,2,IK_hip_flexion_1,98,98.0
301,2,IK_hip_flexion_1,99,99.0
302,2,IK_hip_flexion_1,100,100.0
303,3,IK_hip_flexion_2,0,0.0
304,3,IK_hip_flexion_2,1,1.0
305,3,IK_hip_flexion_2,2,2.0
306,3,IK_hip_flexion_2,3,3.0
307,3,IK_hip_flexion_2,4,4.0
308,3,IK_hip_flexion_2,5,5.0
309,3,IK_hip_flexion_2,6,6.0
310,3,IK_hip_flexion_2,7,7.0
311,3,IK_hip_flexion_2,8,8.0
312,3,IK_hip_flexion_2,9,9.0
313,3,IK_hip_flexion_2,10,10.0
314,3,IK_hip_flexion_2,11,11.0
315,3,IK_hip_flexion_2,12,12.0
316,3,IK_hip_flexion_2,13,13.0
317,3,IK_hip_flexion_2,14,14.0
318,3,IK_hip_flexion_2,15,15.0
319,3,IK_hip_flexion_2,16,16.0
320,3,IK_hip_flexion_2,17,17.0
321,3,IK_hip_flexion_2,18,18.0
322,3,IK_hip_flexion_2,19,19.0
323,3,IK_hip_flexion_2,20,20.0
324,3,IK_hip_flexion_2,21,21.0
325,3,IK_hip_flexion_2,22,22.0
326,3,IK_hip_flexion_2,23,23.0
327,3,IK_hip_flexion_2,24,24.0
328,3,IK_hip_flexion_2,25,25.0
329,3,IK_hip_flexion_2,26,26.0
330,3,IK_hip_flexion_2,27,27.0
331,3,IK_hip_flexion_2,28,28.0
332,3,IK_hip_flexion_2,29,29.0
333,3,IK_hip_flexion_2,30,30.0
334,3,IK_hip_flexion_2,31,31.0
335,3,IK_hip_flexion_2,32,32.0
336,3,IK_hip_flexion_2,33,33.0
337,3,IK_hip_flexion_2,34,34.0
338,3,IK_hip_flexion_2,35,35.0
339,3,IK_hip_flexion_2,36,36.0
340,3,IK_hip_flexion_2,37,37.0
341,3,IK_hip_flexion_2,38,38.0
342,3,IK_hip_flexion_2,39,39.0
343,3,IK_hip_flexion_2,40,40.0
344,3,IK_hip_flexion_2,41,41.0
345,3,IK_hip_flexion_2,42,42.0
346,3,IK_hip_flexion_2,43,43.0
347,3,IK_hip_flexion_2,44,44.0
348,3,IK_hip_flexion_2,45,45.0
349,3,IK_hip_flexion_2,46,46.0
350,3,IK_hip_flexion_2,47,47.0
351,3,IK_hip_flexion_2,48,48.0
352,3,IK_hip_flexion_2,49,49.0
353,3,IK_hip_flexion_2,50,50.0
354,3,IK_hip_flexion_2,51,51.0
355,3,IK_hip_flexion_2,52,52.0
356,3,IK_hip_flexion_2,53,53.0
357,3,IK_hip_flexion_2,54,54.0
358,3,IK_hip_flexion_2,55,55.0
359,3,IK_hip_flexion_2,56,56.0
360,3,IK_hip_flexion_2,57,57.0
361,3,IK_hip_flexion_2,58,58.0
362,3,IK_hip_flexion_2,59,59.0
363,3,IK_hip_flexion_2,60,60.0
364,3,IK_hip_flexion_2,61,61.0
365,3,IK_hip_flexion_2,62,62.0
366,3,IK_hip_flexion_2,63,63.0
367,3,IK_hip_flexion_2,64,64.0
368,3,IK_hip_flexion_2,65,65.0
369,3,IK_hip_flexion_2,66,66.0
370,3,IK_hip_flexion_2,67,67.0
371,3,IK_hip_flexion_2,68,68.0
372,3,IK_hip_flexion_2,69,69.0
373,3,IK_hip_flexion_2,70,70.0
374,3,IK_hip_flexion_2,71,71.0
375,3,IK_hip_flexion_2,72,72.0
376,3,IK_hip_flexion_2,73,73.0
377,3,IK_hip_flexion_2,74,74.0
378,3,IK_hip_flexion_2,75,75.0
379,3,IK_hip_flexion_2,76,76.0
380,3,IK_hip_flexion_2,77,77.0
381,3,IK_hip_flexion_2,78,78.0
382,3,IK_hip_flexion_2,79,79.0
383,3,IK_hip_flexion_2,80,80.0
384,3,IK_hip_flexion_2,81,81.0
385,3,IK_hip_flexion_2,82,82.0
386,3,IK_hip_flexion_2,83,83.0
387,3,IK_hip_flexion_2,84,84.0
388,3,IK_hip_flexion_2,85,85.0
389,3,IK_hip_flexion_2,86,86.0
390,3,IK_hip_flexion_2,87,87.0
391,3,IK_hip_flexion_2,88,88.0
392,3,IK_hip_flexion_2,89,89.0
393,3,IK_hip_flexion_2,90,90.0
394,3,IK_hip_flexion_2,91,91.0
395,3,IK_hip_flexion_2,92,92.0
396,3,IK_hip_flexion_2,93,93.0
397,3,IK_hip_flexion_2,94,94.0
398,3,IK_hip_flexion_2,95,95.0
399,3,IK_hip_flexion_2,96,96.0
400,3,IK_hip_flexion_2,97,97.0
401,3,IK_hip_flexion_2,98,98.0
402,3,IK_hip_flexion_2,99,99.0
403,3,IK_hip_flexion_2,100,100.0
404,4,IK_knee_angle_1,0,0.0
405,4,IK_knee_angle_1,1,1.0
406,4,IK_knee_angle_1,2,2.0
407,4,IK_knee_angle_1,3,3.0
408,4,IK_knee_angle_1,4,4.0
409,4,IK_knee_angle_1,5,5.0
410,4,IK_knee_angle_1,6,6.0
411,4,IK_knee_angle_1,7,7.0
412,4,IK_knee_angle_1,8,8.0
413,4,IK_knee_angle_1,9,9.0
414,4,IK_knee_angle_1,10,10.0
415,4,IK_knee_angle_1,11,11.0
416,4,IK_knee_angle_1,12,12.0
417,4,IK_knee_angle_1,13,13.0
418,4,IK_knee_angle_1,14,14.0
419,4,IK_knee_angle_1,15,15.0
420,4,IK_knee_angle_1,16,16.0
421,4,IK_knee_angle_1,17,17.0
422,4,IK_knee_angle_1,18,18.0
423,4,IK_knee_angle_1,19,19.0
424,4,IK_knee_angle_1,20,20.0
425,4,IK_knee_angle_1,21,21.0
426,4,IK_knee_angle_1,22,22.0
427,4,IK_knee_angle_1,23,23.0
428,4,IK_knee_angle_1,24,24.0
429,4,IK_knee_angle_1,25,25.0
430,4,IK_knee_angle_1,26,26.0
431,4,IK_knee_angle_1,27,27.0
432,4,IK_knee_angle_1,28,28.0
433,4,IK_knee_angle_1,29,29.0
434,4,IK_knee_angle_1,30,30.0
435,4,IK_knee_angle_1,31,31.0
436,4,IK_knee_angle_1,32,32.0
437,4,IK_knee_angle_1,33,33.0
438,4,IK_knee_angle_1,34,34.0
439,4,IK_knee_angle_1,35,35.0
440,4,IK_knee_angle_1,36,36.0
441,4,IK_knee_angle_1,37,37.0
442,4,IK_knee_angle_1,38,38.0
443,4,IK_knee_angle_1,39,39.0
444,4,IK_knee_angle_1,40,40.0
445,4,IK_knee_angle_1,41,41.0
446,4,IK_knee_angle_1,42,42.0
447,4,IK_knee_angle_1,43,43.0
448,4,IK_knee_angle_1,44,44.0
449,4,IK_knee_angle_1,45,45.0
450,4,IK_knee_angle_1,46,46.0
451,4,IK_knee_angle_1,47,47.0
452,4,IK_knee_angle_1,48,48.0
453,4,IK_knee_angle_1,49,49.0
454,4,IK_knee_angle_1,50,50.0
455,4,IK_knee_angle_1,51,51.0
456,4,IK_knee_angle_1,52,52.0
457,4,IK_knee_angle_1,53,53.0
458,4,IK_knee_angle_1,54,54.0
459,4,IK_knee_angle_1,55,55.0
460,4,IK_knee_angle_1,56,56.0
461,4,IK_knee_angle_1,57,57.0
462,4,IK_knee_angle_1,58,58.0
463,4,IK_knee_angle_1,59,59.0
464,4,IK_knee_angle_1,60,60.0
465,4,IK_knee_angle_1,61,61.0
466,4,IK_knee_angle_1,62,62.0
467,4,IK_knee_angle_1,63,63.0
468,4,IK_knee_angle_1,64,64.0
469,4,IK_knee_angle_1,65,65.0
470,4,IK_knee_angle_1,66,66.0
471,4,IK_knee_angle_1,67,67.0
472,4,IK_knee_angle_1,68,68.0
473,4,IK_knee_angle_1,69,69.0
474,4,IK_knee_angle_1,70,70.0
475,4,IK_knee_angle_1,71,71.0
476,4,IK_knee_angle_1,72,72.0
477,4,IK_knee_angle_1,73,73.0
478,4,IK_knee_angle_1,74,74.0
479,4,IK_knee_angle_1,75,75.0
480,4,IK_knee_angle_1,76,76.0
481,4,IK_knee_angle_1,77,77.0
482,4,IK_knee_angle_1,78,78.0
483,4,IK_knee_angle_1,79,79.0
484,4,IK_knee_angle_1,80,80.0
485,4,IK_knee_angle_1,81,81.0
486,4,IK_knee_angle_1,82,82.0
487,4,IK_knee_angle_1,83,83.0
488,4,IK_knee_angle_1,84,84.0
489,4,IK_knee_angle_1,85,85.0
490,4,IK_knee_angle_1,86,86.0
491,4,IK_knee_angle_1,87,87.0
492,4,IK_knee_angle_1,88,88.0
493,4,IK_knee_angle_1,89,89.0
494,4,IK_knee_angle_1,90,90.0
495,4,IK_knee_angle_1,91,91.0
496,4,IK_knee_angle_1,92,92.0
497,4,IK_knee_angle_1,93,93.0
498,4,IK_knee_angle_1,94,94.0
499,4,IK_knee_angle_1,95,95.0
500,4,IK_knee_angle_1,96,96.0
501,4,IK_knee_angle_1,97,97.0
502,4,IK_knee_angle_1,98,98.0
503,4,IK_knee_angle_1,99,99.0
504,4,IK_knee_angle_1,100,100.0
505,5,IK_knee_angle_2,0,0.0
506,5,IK_knee_angle_2,1,1.0
507,5,IK_knee_angle_2,2,2.0
508,5,IK_knee_angle_2,3,3.0
509,5,IK_knee_angle_2,4,4.0
510,5,IK_knee_angle_2,5,5.0
511,5,IK_knee_angle_2,6,6.0
512,5,IK_knee_angle_2,7,7.0
513,5,IK_knee_angle_2,8,8.0
514,5,IK_knee_angle_2,9,9.0
515,5,IK_knee_angle_2,10,10.0
516,5,IK_knee_angle_2,11,11.0
517,5,IK_knee_angle_2,12,12.0
518,5,IK_knee_angle_2,13,13.0
519,5,IK_knee_angle_2,14,14.0
520,5,IK_knee_angle_2,15,15.0
521,5,IK_knee_angle_2,16,16.0
522,5,IK_knee_angle_2,17,17.0
523,5,IK_knee_angle_2,18,18.0
524,5,IK_knee_angle_2,19,19.0
525,5,IK_knee_angle_2,20,20.0
526,5,IK_knee_angle_2,21,21.0
527,5,IK_knee_angle_2,22,22.0
528,5,IK_knee_angle_2,23,23.0
529,5,IK_knee_angle_2,24,24.0
530,5,IK_knee_angle_2,25,25.0
531,5,IK_knee_angle_2,26,26.0
532,5,IK_knee_angle_2,27,27.0
533,5,IK_knee_angle_2,28,28.0
534,5,IK_knee_angle_2,29,29.0
535,5,IK_knee_angle_2,30,30.0
536,5,IK_knee_angle_2,31,31.0
537,5,IK_knee_angle_2,32,32.0
538,5,IK_knee_angle_2,33,33.0
539,5,IK_knee_angle_2,34,34.0
540,5,IK_knee_angle_2,35,35.0
541,5,IK_knee_angle_2,36,36.0
542,5,IK_knee_angle_2,37,37.0
543,5,IK_knee_angle_2,38,38.0
544,5,IK_knee_angle_2,39,39.0
545,5,IK_knee_angle_2,40,40.0
546,5,IK_knee_angle_2,41,41.0
547,5,IK_knee_angle_2,42,42.0
548,5,IK_knee_angle_2,43,43.0
549,5,IK_knee_angle_2,44,44.0
550,5,IK_knee_angle_2,45,45.0
551,5,IK_knee_angle_2,46,46.0
552,5,IK_knee_angle_2,47,47.0
553,5,IK_knee_angle_2,48,48.0
554,5,IK_knee_angle_2,49,49.0
555,5,IK_knee_angle_2,50,50.0
556,5,IK_knee_angle_2,51,51.0
557,5,IK_knee_angle_2,52,52.0
558,5,IK_knee_angle_2,53,53.0
559,5,IK_knee_angle_2,54,54.0
560,5,IK_knee_angle_2,55,55.0
561,5,IK_knee_angle_2,56,56.0
562,5,IK_knee_angle_2,57,57.0
563,5,IK_knee_angle_2,58,58.0
564,5,IK_knee_angle_2,59,59.0
565,5,IK_knee_angle_2,60,60.0
566,5,IK_knee_angle_2,61,61.0
567,5,IK_knee_angle_2,62,62.0
568,5,IK_knee_angle_2,63,63.0
569,5,IK_knee_angle_2,64,64.0
570,5,IK_knee_angle_2,65,65.0
571,5,IK_knee_angle_2,66,66.0
572,5,IK_knee_angle_2,67,67.0
573,5,IK_knee_angle_2,68,68.0
574,5,IK_knee_angle_2,69,69.0
575,5,IK_knee_angle_2,70,70.0
576,5,IK_knee_angle_2,71,71.0
577,5,IK_knee_angle_2,72,72.0
578,5,IK_knee_angle_2,73,73.0
579,5,IK_knee_angle_2,74,74.0
580,5,IK_knee_angle_2,75,75.0
581,5,IK_knee_angle_2,76,76.0
582,5,IK_knee_angle_2,77,77.0
583,5,IK_knee_angle_2,78,78.0
584,5,IK_knee_angle_2,79,79.0
585,5,IK_knee_angle_2,80,80.0
586,5,IK_knee_angle_2,81,81.0
587,5,IK_knee_angle_2,82,82.0
588,5,IK_knee_angle_2,83,83.0
589,5,IK_knee_angle_2,84,84.0
590,5,IK_knee_angle_2,85,85.0
591,5,IK_knee_angle_2,86,86.0
592,5,IK_knee_angle_2,87,87.0
593,5,IK_knee_angle_2,88,88.0
594,5,IK_knee_angle_2,89,89.0
595,5,IK_knee_angle_2,90,90.0
596,5,IK_knee_angle_2,91,91.0
597,5,IK_knee_angle_2,92,92.0
598,5,IK_knee_angle_2,93,93.0
599,5,IK_knee_angle_2,94,94.0
600,5,IK_knee_angle_2,95,95.0
601,5,IK_knee_angle_2,96,96.0
602,5,IK_knee_angle_2,97,97.0
603,5,IK_knee_angle_2,98,98.0
604,5,IK_knee_angle_2,99,99.0
605,5,IK_knee_angle_2,100,100.0
606,6,ID_ankle_angle_1_moment,0,0.0
607,6,ID_ankle_angle_1_moment,1,1.0
608,6,ID_ankle_angle_1_moment,2,2.0
609,6,ID_ankle_angle_1_moment,3,3.0
610,6,ID_ankle_angle_1_moment,4,4.0
611,6,ID_ankle_angle_1_moment,5,5.0
612,6,ID_ankle_angle_1_moment,6,6.0
613,6,ID_ankle_angle_1_moment,7,7.0
614,6,ID_ankle_angle_1_moment,8,8.0
615,6,ID_ankle_angle_1_moment,9,9.0
616,6,ID_ankle_angle_1_moment,10,10.0
617,6,ID_ankle_angle_1_moment,11,11.0
618,6,ID_ankle_angle_1_moment,12,12.0
619,6,ID_ankle_angle_1_moment,13,13.0
620,6,ID_ankle_angle_1_moment,14,14.0
621,6,ID_ankle_angle_1_moment,15,15.0
622,6,ID_ankle_angle_1_moment,16,16.0
623,6,ID_ankle_angle_1_moment,17,17.0
624,6,ID_ankle_angle_1_moment,18,18.0
625,6,ID_ankle_angle_1_moment,19,19.0
626,6,ID_ankle_angle_1_moment,20,20.0
627,6,ID_ankle_angle_1_moment,21,21.0
628,6,ID_ankle_angle_1_moment,22,22.0
629,6,ID_ankle_angle_1_moment,23,23.0
630,6,ID_ankle_angle_1_moment,24,24.0
631,6,ID_ankle_angle_1_moment,25,25.0
632,6,ID_ankle_angle_1_moment,26,26.0
633,6,ID_ankle_angle_1_moment,27,27.0
634,6,ID_ankle_angle_1_moment,28,28.0
635,6,ID_ankle_angle_1_moment,29,29.0
636,6,ID_ankle_angle_1_moment,30,30.0
637,6,ID_ankle_angle_1_moment,31,31.0
638,6,ID_ankle_angle_1_moment,32,32.0
639,6,ID_ankle_angle_1_moment,33,33.0
640,6,ID_ankle_angle_1_moment,34,34.0
641,6,ID_ankle_angle_1_moment,35,35.0
642,6,ID_ankle_angle_1_moment,36,36.0
643,6,ID_ankle_angle_1_moment,37,37.0
644,6,ID_ankle_angle_1_moment,38,38.0
645,6,ID_ankle_angle_1_moment,39,39.0
646,6,ID_ankle_angle_1_moment,40,40.0
647,6,ID_ankle_angle_1_moment,41,41.0
648,6,ID_ankle_angle_1_moment,42,42.0
649,6,ID_ankle_angle_1_moment,43,43.0
650,6,ID_ankle_angle_1_moment,44,44.0
651,6,ID_ankle_angle_1_moment,45,45.0
652,6,ID_ankle_angle_1_moment,46,46.0
653,6,ID_ankle_angle_1_moment,47,47.0
654,6,ID_ankle_angle_1_moment,48,48.0
655,6,ID_ankle_angle_1_moment,49,49.0
656,6,ID_ankle_angle_1_moment,50,50.0
657,6,ID_ankle_angle_1_moment,51,51.0
658,6,ID_ankle_angle_1_moment,52,52.0
659,6,ID_ankle_angle_1_moment,53,53.0
660,6,ID_ankle_angle_1_moment,54,54.0
661,6,ID_ankle_angle_1_moment,55,55.0
662,6,ID_ankle_angle_1_moment,56,56.0
663,6,ID_ankle_angle_1_moment,57,57.0
664,6,ID_ankle_angle_1_moment,58,58.0
665,6,ID_ankle_angle_1_moment,59,59.0
666,6,ID_ankle_angle_1_moment,60,60.0
667,6,ID_ankle_angle_1_moment,61,61.0
668,6,ID_ankle_angle_1_moment,62,62.0
669,6,ID_ankle_angle_1_moment,63,63.0
670,6,ID_ankle_angle_1_moment,64,64.0
671,6,ID_ankle_angle_1_moment,65,65.0
672,6,ID_ankle_angle_1_moment,66,66.0
673,6,ID_ankle_angle_1_moment,67,67.0
674,6,ID_ankle_angle_1_moment,68,68.0
675,6,ID_ankle_angle_1_moment,69,69.0
676,6,ID_ankle_angle_1_moment,70,70.0
677,6,ID_ankle_angle_1_moment,71,71.0
678,6,ID_ankle_angle_1_moment,72,72.0
679,6,ID_ankle_angle_1_moment,73,73.0
680,6,ID_ankle_angle_1_moment,74,74.0
681,6,ID_ankle_angle_1_moment,75,75.0
682,6,ID_ankle_angle_1_moment,76,76.0
683,6,ID_ankle_angle_1_moment,77,77.0
684,6,ID_ankle_angle_1_moment,78,78.0
685,6,ID_ankle_angle_1_moment,79,79.0
686,6,ID_ankle_angle_1_moment,80,80.0
687,6,ID_ankle_angle_1_moment,81,81.0
688,6,ID_ankle_angle_1_moment,82,82.0
689,6,ID_ankle_angle_1_moment,83,83.0
690,6,ID_ankle_angle_1_moment,84,84.0
691,6,ID_ankle_angle_1_moment,85,85.0
692,6,ID_ankle_angle_1_moment,86,86.0
693,6,ID_ankle_angle_1_moment,87,87.0
694,6,ID_ankle_angle_1_moment,88,88.0
695,6,ID_ankle_angle_1_moment,89,89.0
696,6,ID_ankle_angle_1_moment,90,90.0
697,6,ID_ankle_angle_1_moment,91,91.0
698,6,ID_ankle_angle_1_moment,92,92.0
699,6,ID_ankle_angle_1_moment,93,93.0
700,6,ID_ankle_angle_1_moment,94,94.0
701,6,ID_ankle_angle_1_moment,95,95.0
702,6,ID_ankle_angle_1_moment,96,96.0
703,6,ID_ankle_angle_1_moment,97,97.0
704,6,ID_ankle_angle_1_moment,98,98.0
705,6,ID_ankle_angle_1_moment,99,99.0
706,6,ID_ankle_angle_1_moment,100,100.0
707,7,ID_ankle_angle_2_moment,0,0.0
708,7,ID_ankle_angle_2_moment,1,1.0
709,7,ID_ankle_angle_2_moment,2,2.0
710,7,ID_ankle_angle_2_moment,3,3.0
711,7,ID_ankle_angle_2_moment,4,4.0
712,7,ID_ankle_angle_2_moment,5,5.0
713,7,ID_ankle_angle_2_moment,6,6.0
714,7,ID_ankle_angle_2_moment,7,7.0
715,7,ID_ankle_angle_2_moment,8,8.0
716,7,ID_ankle_angle_2_moment,9,9.0
717,7,ID_ankle_angle_2_moment,10,10.0
718,7,ID_ankle_angle_2_moment,11,11.0
719,7,ID_ankle_angle_2_moment,12,12.0
720,7,ID_ankle_angle_2_moment,13,13.0
721,7,ID_ankle_angle_2_moment,14,14.0
722,7,ID_ankle_angle_2_moment,15,15.0
723,7,ID_ankle_angle_2_moment,16,16.0
724,7,ID_ankle_angle_2_moment,17,17.0
725,7,ID_ankle_angle_2_moment,18,18.0
726,7,ID_ankle_angle_2_moment,19,19.0
727,7,ID_ankle_angle_2_moment,20,20.0
728,7,ID_ankle_angle_2_moment,21,21.0
729,7,ID_ankle_angle_2_moment,22,22.0
730,7,ID_ankle_angle_2_moment,23,23.0
731,7,ID_ankle_angle_2_moment,24,24.0
732,7,ID_ankle_angle_2_moment,25,25.0
733,7,ID_ankle_angle_2_moment,26,26.0
734,7,ID_ankle_angle_2_moment,27,27.0
735,7,ID_ankle_angle_2_moment,28,28.0
736,7,ID_ankle_angle_2_moment,29,29.0
737,7,ID_ankle_angle_2_moment,30,30.0
738,7,ID_ankle_angle_2_moment,31,31.0
739,7,ID_ankle_angle_2_moment,32,32.0
740,7,ID_ankle_angle_2_moment,33,33.0
741,7,ID_ankle_angle_2_moment,34,34.0
742,7,ID_ankle_angle_2_moment,35,35.0
743,7,ID_ankle_angle_2_moment,36,36.0
744,7,ID_ankle_angle_2_moment,37,37.0
745,7,ID_ankle_angle_2_moment,38,38.0
746,7,ID_ankle_angle_2_moment,39,39.0
747,7,ID_ankle_angle_2_moment,40,40.0
748,7,ID_ankle_angle_2_moment,41,41.0
749,7,ID_ankle_angle_2_moment,42,42.0
750,7,ID_ankle_angle_2_moment,43,43.0
751,7,ID_ankle_angle_2_moment,44,44.0
752,7,ID_ankle_angle_2_moment,45,45.0
753,7,ID_ankle_angle_2_moment,46,46.0
754,7,ID_ankle_angle_2_moment,47,47.0
755,7,ID_ankle_angle_2_moment,48,48.0
756,7,ID_ankle_angle_2_moment,49,49.0
757,7,ID_ankle_angle_2_moment,50,50.0
758,7,ID_ankle_angle_2_moment,51,51.0
759,7,ID_ankle_angle_2_moment,52,52.0
760,7,ID_ankle_angle_2_moment,53,53.0
761,7,ID_ankle_angle_2_moment,54,54.0
762,7,ID_ankle_angle_2_moment,55,55.0
763,7,ID_ankle_angle_2_moment,56,56.0
764,7,ID_ankle_angle_2_moment,57,57.0
765,7,ID_ankle_angle_2_moment,58,58.0
766,7,ID_ankle_angle_2_moment,59,59.0
767,7,ID_ankle_angle_2_moment,60,60.0
768,7,ID_ankle_angle_2_moment,61,61.0
769,7,ID_ankle_angle_2_moment,62,62.0
770,7,ID_ankle_angle_2_moment,63,63.0
771,7,ID_ankle_angle_2_moment,64,64.0
772,7,ID_ankle_angle_2_moment,65,65.0
773,7,ID_ankle_angle_2_moment,66,66.0
774,7,ID_ankle_angle_2_moment,67,67.0
775,7,ID_ankle_angle_2_moment,68,68.0
776,7,ID_ankle_angle_2_moment,69,69.0
777,7,ID_ankle_angle_2_moment,70,70.0
778,7,ID_ankle_angle_2_moment,71,71.0
779,7,ID_ankle_angle_2_moment,72,72.0
780,7,ID_ankle_angle_2_moment,73,73.0
781,7,ID_ankle_angle_2_moment,74,74.0
782,7,ID_ankle_angle_2_moment,75,75.0
783,7,ID_ankle_angle_2_moment,76,76.0
784,7,ID_ankle_angle_2_moment,77,77.0
785,7,ID_ankle_angle_2_moment,78,78.0
786,7,ID_ankle_angle_2_moment,79,79.0
787,7,ID_ankle_angle_2_moment,80,80.0
788,7,ID_ankle_angle_2_moment,81,81.0
789,7,ID_ankle_angle_2_moment,82,82.0
790,7,ID_ankle_angle_2_moment,83,83.0
791,7,ID_ankle_angle_2_moment,84,84.0
792,7,ID_ankle_angle_2_moment,85,85.0
793,7,ID_ankle_angle_2_moment,86,86.0
794,7,ID_ankle_angle_2_moment,87,87.0
795,7,ID_ankle_angle_2_moment,88,88.0
796,7,ID_ankle_angle_2_moment,89,89.0
797,7,ID_ankle_angle_2_moment,90,90.0
798,7,ID_ankle_angle_2_moment,91,91.0
799,7,ID_ankle_angle_2_moment,92,92.0
800,7,ID_ankle_angle_2_moment,93,93.0
801,7,ID_ankle_angle_2_moment,94,94.0
802,7,ID_ankle_angle_2_moment,95,95.0
803,7,ID_ankle_angle_2_moment,96,96.0
804,7,ID_ankle_angle_2_moment,97,97.0
805,7,ID_ankle_angle_2_moment,98,98.0
806,7,ID_ankle_angle_2_moment,99,99.0
807,7,ID_ankle_angle_2_moment,100,100.0
808,8,ID_hip_flexion_1_moment,0,0.0
809,8,ID_hip_flexion_1_moment,1,1.0
810,8,ID_hip_flexion_1_moment,2,2.0
811,8,ID_hip_flexion_1_moment,3,3.0
812,8,ID_hip_flexion_1_moment,4,4.0
813,8,ID_hip_flexion_1_moment,5,5.0
814,8,ID_hip_flexion_1_moment,6,6.0
815,8,ID_hip_flexion_1_moment,7,7.0
816,8,ID_hip_flexion_1_moment,8,8.0
817,8,ID_hip_flexion_1_moment,9,9.0
818,8,ID_hip_flexion_1_moment,10,10.0
819,8,ID_hip_flexion_1_moment,11,11.0
820,8,ID_hip_flexion_1_moment,12,12.0
821,8,ID_hip_flexion_1_moment,13,13.0
822,8,ID_hip_flexion_1_moment,14,14.0
823,8,ID_hip_flexion_1_moment,15,15.0
824,8,ID_hip_flexion_1_moment,16,16.0
825,8,ID_hip_flexion_1_moment,17,17.0
826,8,ID_hip_flexion_1_moment,18,18.0
827,8,ID_hip_flexion_1_moment,19,19.0
828,8,ID_hip_flexion_1_moment,20,20.0
829,8,ID_hip_flexion_1_moment,21,21.0
830,8,ID_hip_flexion_1_moment,22,22.0
831,8,ID_hip_flexion_1_moment,23,23.0
832,8,ID_hip_flexion_1_moment,24,24.0
833,8,ID_hip_flexion_1_moment,25,25.0
834,8,ID_hip_flexion_1_moment,26,26.0
835,8,ID_hip_flexion_1_moment,27,27.0
836,8,ID_hip_flexion_1_moment,28,28.0
837,8,ID_hip_flexion_1_moment,29,29.0
838,8,ID_hip_flexion_1_moment,30,30.0
839,8,ID_hip_flexion_1_moment,31,31.0
840,8,ID_hip_flexion_1_moment,32,32.0
841,8,ID_hip_flexion_1_moment,33,33.0
842,8,ID_hip_flexion_1_moment,34,34.0
843,8,ID_hip_flexion_1_moment,35,35.0
844,8,ID_hip_flexion_1_moment,36,36.0
845,8,ID_hip_flexion_1_moment,37,37.0
846,8,ID_hip_flexion_1_moment,38,38.0
847,8,ID_hip_flexion_1_moment,39,39.0
848,8,ID_hip_flexion_1_moment,40,40.0
849,8,ID_hip_flexion_1_moment,41,41.0
850,8,ID_hip_flexion_1_moment,42,42.0
851,8,ID_hip_flexion_1_moment,43,43.0
852,8,ID_hip_flexion_1_moment,44,44.0
853,8,ID_hip_flexion_1_moment,45,45.0
854,8,ID_hip_flexion_1_moment,46,46.0
855,8,ID_hip_flexion_1_moment,47,47.0
856,8,ID_hip_flexion_1_moment,48,48.0
857,8,ID_hip_flexion_1_moment,49,49.0
858,8,ID_hip_flexion_1_moment,50,50.0
859,8,ID_hip_flexion_1_moment,51,51.0
860,8,ID_hip_flexion_1_moment,52,52.0
861,8,ID_hip_flexion_1_moment,53,53.0
862,8,ID_hip_flexion_1_moment,54,54.0
863,8,ID_hip_flexion_1_moment,55,55.0
864,8,ID_hip_flexion_1_moment,56,56.0
865,8,ID_hip_flexion_1_moment,57,57.0
866,8,ID_hip_flexion_1_moment,58,58.0
867,8,ID_hip_flexion_1_moment,59,59.0
868,8,ID_hip_flexion_1_moment,60,60.0
869,8,ID_hip_flexion_1_moment,61,61.0
870,8,ID_hip_flexion_1_moment,62,62.0
871,8,ID_hip_flexion_1_moment,63,63.0
872,8,ID_hip_flexion_1_moment,64,64.0
873,8,ID_hip_flexion_1_moment,65,65.0
874,8,ID_hip_flexion_1_moment,66,66.0
875,8,ID_hip_flexion_1_moment,67,67.0
876,8,ID_hip_flexion_1_moment,68,68.0
877,8,ID_hip_flexion_1_moment,69,69.0
878,8,ID_hip_flexion_1_moment,70,70.0
879,8,ID_hip_flexion_1_moment,71,71.0
880,8,ID_hip_flexion_1_moment,72,72.0
881,8,ID_hip_flexion_1_moment,73,73.0
882,8,ID_hip_flexion_1_moment,74,74.0
883,8,ID_hip_flexion_1_moment,75,75.0
884,8,ID_hip_flexion_1_moment,76,76.0
885,8,ID_hip_flexion_1_moment,77,77.0
886,8,ID_hip_flexion_1_moment,78,78.0
887,8,ID_hip_flexion_1_moment,79,79.0
888,8,ID_hip_flexion_1_moment,80,80.0
889,8,ID_hip_flexion_1_moment,81,81.0
890,8,ID_hip_flexion_1_moment,82,82.0
891,8,ID_hip_flexion_1_moment,83,83.0
892,8,ID_hip_flexion_1_moment,84,84.0
893,8,ID_hip_flexion_1_moment,85,85.0
894,8,ID_hip_flexion_1_moment,86,86.0
895,8,ID_hip_flexion_1_moment,87,87.0
896,8,ID_hip_flexion_1_moment,88,88.0
897,8,ID_hip_flexion_1_moment,89,89.0
898,8,ID_hip_flexion_1_moment,90,90.0
899,8,ID_hip_flexion_1_moment,91,91.0
900,8,ID_hip_flexion_1_moment,92,92.0
901,8,ID_hip_flexion_1_moment,93,93.0
902,8,ID_hip_flexion_1_moment,94,94.0
903,8,ID_hip_flexion_1_moment,95,95.0
904,8,ID_hip_flexion_1_moment,96,96.0
905,8,ID_hip_flexion_1_moment,97,97.0
906,8,ID_hip_flexion_1_moment,98,98.0
907,8,ID_hip_flexion_1_moment,99,99.0
908,8,ID_hip_flexion_1_moment,100,100.0
909,9,ID_hip_flexion_2_moment,0,0.0
910,9,ID_hip_flexion_2_moment,1,1.0
911,9,ID_hip_flexion_2_moment,2,2.0
912,9,ID_hip_flexion_2_moment,3,3.0
913,9,ID_hip_flexion_2_moment,4,4.0
914,9,ID_hip_flexion_2_moment,5,5.0
915,9,ID_hip_flexion_2_moment,6,6.0
916,9,ID_hip_flexion_2_moment,7,7.0
917,9,ID_hip_flexion_2_moment,8,8.0
918,9,ID_hip_flexion_2_moment,9,9.0
919,9,ID_hip_flexion_2_moment,10,10.0
920,9,ID_hip_flexion_2_moment,11,11.0
921,9,ID_hip_flexion_2_moment,12,12.0
922,9,ID_hip_flexion_2_moment,13,13.0
923,9,ID_hip_flexion_2_moment,14,14.0
924,9,ID_hip_flexion_2_moment,15,15.0
925,9,ID_hip_flexion_2_moment,16,16.0
926,9,ID_hip_flexion_2_moment,17,17.0
927,9,ID_hip_flexion_2_moment,18,18.0
928,9,ID_hip_flexion_2_moment,19,19.0
929,9,ID_hip_flexion_2_moment,20,20.0
930,9,ID_hip_flexion_2_moment,21,21.0
931,9,ID_hip_flexion_2_moment,22,22.0
932,9,ID_hip_flexion_2_moment,23,23.0
933,9,ID_hip_flexion_2_moment,24,24.0
934,9,ID_hip_flexion_2_moment,25,25.0
935,9,ID_hip_flexion_2_moment,26,26.0
936,9,ID_hip_flexion_2_moment,27,27.0
937,9,ID_hip_flexion_2_moment,28,28.0
938,9,ID_hip_flexion_2_moment,29,29.0
939,9,ID_hip_flexion_2_moment,30,30.0
940,9,ID_hip_flexion_2_moment,31,31.0
941,9,ID_hip_flexion_2_moment,32,32.0
942,9,ID_hip_flexion_2_moment,33,33.0
943,9,ID_hip_flexion_2_moment,34,34.0
944,9,ID_hip_flexion_2_moment,35,35.0
945,9,ID_hip_flexion_2_moment,36,36.0
946,9,ID_hip_flexion_2_moment,37,37.0
947,9,ID_hip_flexion_2_moment,38,38.0
948,9,ID_hip_flexion_2_moment,39,39.0
949,9,ID_hip_flexion_2_moment,40,40.0
950,9,ID_hip_flexion_2_moment,41,41.0
951,9,ID_hip_flexion_2_moment,42,42.0
952,9,ID_hip_flexion_2_moment,43,43.0
953,9,ID_hip_flexion_2_moment,44,44.0
954,9,ID_hip_flexion_2_moment,45,45.0
955,9,ID_hip_flexion_2_moment,46,46.0
956,9,ID_hip_flexion_2_moment,47,47.0
957,9,ID_hip_flexion_2_moment,48,48.0
958,9,ID_hip_flexion_2_moment,49,49.0
959,9,ID_hip_flexion_2_moment,50,50.0
960,9,ID_hip_flexion_2_moment,51,51.0
961,9,ID_hip_flexion_2_moment,52,52.0
962,9,ID_hip_flexion_2_moment,53,53.0
963,9,ID_hip_flexion_2_moment,54,54.0
964,9,ID_hip_flexion_2_moment,55,55.0
965,9,ID_hip_flexion_2_moment,56,56.0
966,9,ID_hip_flexion_2_moment,57,57.0
967,9,ID_hip_flexion_2_moment,58,58.0
968,9,ID_hip_flexion_2_moment,59,59.0
969,9,ID_hip_flexion_2_moment,60,60.0
970,9,ID_hip_flexion_2_moment,61,61.0
971,9,ID_hip_flexion_2_moment,62,62.0
972,9,ID_hip_flexion_2_moment,63,63.0
973,9,ID_hip_flexion_2_moment,64,64.0
974,9,ID_hip_flexion_2_moment,65,65.0
975,9,ID_hip_flexion_2_moment,66,66.0
976,9,ID_hip_flexion_2_moment,67,67.0
977,9,ID_hip_flexion_2_moment,68,68.0
978,9,ID_hip_flexion_2_moment,69,69.0
979,9,ID_hip_flexion_2_moment,70,70.0
980,9,ID_hip_flexion_2_moment,71,71.0
981,9,ID_hip_flexion_2_moment,72,72.0
982,9,ID_hip_flexion_2_moment,73,73.0
983,9,ID_hip_flexion_2_moment,74,74.0
984,9,ID_hip_flexion_2_moment,75,75.0
985,9,ID_hip_flexion_2_moment,76,76.0
986,9,ID_hip_flexion_2_moment,77,77.0
987,9,ID_hip_flexion_2_moment,78,78.0
988,9,ID_hip_flexion_2_moment,79,79.0
989,9,ID_hip_flexion_2_moment,80,80.0
990,9,ID_hip_flexion_2_moment,81,81.0
991,9,ID_hip_flexion_2_moment,82,82.0
992,9,ID_hip_flexion_2_moment,83,83.0
993,9,ID_hip_flexion_2_moment,84,84.0
994,9,ID_hip_flexion_2_moment,85,85.0
995,9,ID_hip_flexion_2_moment,86,86.0
996,9,ID_hip_flexion_2_moment,87,87.0
997,9,ID_hip_flexion_2_moment,88,88.0
998,9,ID_hip_flexion_2_moment,89,89.0
999,9,ID_hip_flexion_2_moment,90,90.0
1000,9,ID_hip_flexion_2_moment,91,91.0
1001,9,ID_hip_flexion_2_moment,92,92.0
1002,9,ID_hip_flexion_2_moment,93,93.0
1003,9,ID_hip_flexion_2_moment,94,94.0
1004,9,ID_hip_flexion_2_moment,95,95.0
1005,9,ID_hip_flexion_2_moment,96,96.0
1006,9,ID_hip_flexion_2_moment,97,97.0
1007,9,ID_hip_flexion_2_moment,98,98.0
1008,9,ID_hip_flexion_2_moment,99,99.0
1009,9,ID_hip_flexion_2_moment,100,100.0
1010,10,ID_knee_angle_1_moment,0,0.0
1011,10,ID_knee_angle_1_moment,1,1.0
1012,10,ID_knee_angle_1_moment,2,2.0
1013,10,ID_knee_angle_1_moment,3,3.0
1014,10,ID_knee_angle_1_moment,4,4.0
1015,10,ID_knee_angle_1_moment,5,5.0
1016,10,ID_knee_angle_1_moment,6,6.0
1017,10,ID_knee_angle_1_moment,7,7.0
1018,10,ID_knee_angle_1_moment,8,8.0
1019,10,ID_knee_angle_1_moment,9,9.0
1020,10,ID_knee_angle_1_moment,10,10.0
1021,10,ID_knee_angle_1_moment,11,11.0
1022,10,ID_knee_angle_1_moment,12,12.0
1023,10,ID_knee_angle_1_moment,13,13.0
1024,10,ID_knee_angle_1_moment,14,14.0
1025,10,ID_knee_angle_1_moment,15,15.0
1026,10,ID_knee_angle_1_moment,16,16.0
1027,10,ID_knee_angle_1_moment,17,17.0
1028,10,ID_knee_angle_1_moment,18,18.0
1029,10,ID_knee_angle_1_moment,19,19.0
1030,10,ID_knee_angle_1_moment,20,20.0
1031,10,ID_knee_angle_1_moment,21,21.0
1032,10,ID_knee_angle_1_moment,22,22.0
1033,10,ID_knee_angle_1_moment,23,23.0
1034,10,ID_knee_angle_1_moment,24,24.0
1035,10,ID_knee_angle_1_moment,25,25.0
1036,10,ID_knee_angle_1_moment,26,26.0
1037,10,ID_knee_angle_1_moment,27,27.0
1038,10,ID_knee_angle_1_moment,28,28.0
1039,10,ID_knee_angle_1_moment,29,29.0
1040,10,ID_knee_angle_1_moment,30,30.0
1041,10,ID_knee_angle_1_moment,31,31.0
1042,10,ID_knee_angle_1_moment,32,32.0
1043,10,ID_knee_angle_1_moment,33,33.0
1044,10,ID_knee_angle_1_moment,34,34.0
1045,10,ID_knee_angle_1_moment,35,35.0
1046,10,ID_knee_angle_1_moment,36,36.0
1047,10,ID_knee_angle_1_moment,37,37.0
1048,10,ID_knee_angle_1_moment,38,38.0
1049,10,ID_knee_angle_1_moment,39,39.0
1050,10,ID_knee_angle_1_moment,40,40.0
1051,10,ID_knee_angle_1_moment,41,41.0
1052,10,ID_knee_angle_1_moment,42,42.0
1053,10,ID_knee_angle_1_moment,43,43.0
1054,10,ID_knee_angle_1_moment,44,44.0
1055,10,ID_knee_angle_1_moment,45,45.0
1056,10,ID_knee_angle_1_moment,46,46.0
1057,10,ID_knee_angle_1_moment,47,47.0
1058,10,ID_knee_angle_1_moment,48,48.0
1059,10,ID_knee_angle_1_moment,49,49.0
1060,10,ID_knee_angle_1_moment,50,50.0
1061,10,ID_knee_angle_1_moment,51,51.0
1062,10,ID_knee_angle_1_moment,52,52.0
1063,10,ID_knee_angle_1_moment,53,53.0
1064,10,ID_knee_angle_1_moment,54,54.0
1065,10,ID_knee_angle_1_moment,55,55.0
1066,10,ID_knee_angle_1_moment,56,56.0
1067,10,ID_knee_angle_1_moment,57,57.0
1068,10,ID_knee_angle_1_moment,58,58.0
1069,10,ID_knee_angle_1_moment,59,59.0
1070,10,ID_knee_angle_1_moment,60,60.0
1071,10,ID_knee_angle_1_moment,61,61.0
1072,10,ID_knee_angle_1_moment,62,62.0
1073,10,ID_knee_angle_1_moment,63,63.0
1074,10,ID_knee_angle_1_moment,64,64.0
1075,10,ID_knee_angle_1_moment,65,65.0
1076,10,ID_knee_angle_1_moment,66,66.0
1077,10,ID_knee_angle_1_moment,67,67.0
1078,10,ID_knee_angle_1_moment,68,68.0
1079,10,ID_knee_angle_1_moment,69,69.0
1080,10,ID_knee_angle_1_moment,70,70.0
1081,10,ID_knee_angle_1_moment,71,71.0
1082,10,ID_knee_angle_1_moment,72,72.0
1083,10,ID_knee_angle_1_moment,73,73.0
1084,10,ID_knee_angle_1_moment,74,74.0
1085,10,ID_knee_angle_1_moment,75,75.0
1086,10,ID_knee_angle_1_moment,76,76.0
1087,10,ID_knee_angle_1_moment,77,77.0
1088,10,ID_knee_angle_1_moment,78,78.0
1089,10,ID_knee_angle_1_moment,79,79.0
1090,10,ID_knee_angle_1_moment,80,80.0
1091,10,ID_knee_angle_1_moment,81,81.0
1092,10,ID_knee_angle_1_moment,82,82.0
1093,10,ID_knee_angle_1_moment,83,83.0
1094,10,ID_knee_angle_1_moment,84,84.0
1095,10,ID_knee_angle_1_moment,85,85.0
1096,10,ID_knee_angle_1_moment,86,86.0
1097,10,ID_knee_angle_1_moment,87,87.0
1098,10,ID_knee_angle_1_moment,88,88.0
1099,10,ID_knee_angle_1_moment,89,89.0
1100,10,ID_knee_angle_1_moment,90,90.0
1101,10,ID_knee_angle_1_moment,91,91.0
1102,10,ID_knee_angle_1_moment,92,92.0
1103,10,ID_knee_angle_1_moment,93,93.0
1104,10,ID_knee_angle_1_moment,94,94.0
1105,10,ID_knee_angle_1_moment,95,95.0
1106,10,ID_knee_angle_1_moment,96,96.0
1107,10,ID_knee_angle_1_moment,97,97.0
1108,10,ID_knee_angle_1_moment,98,98.0
1109,10,ID_knee_angle_1_moment,99,99.0
1110,10,ID_knee_angle_1_moment,100,100.0
1111,11,ID_knee_angle_2_moment,0,0.0
1112,11,ID_knee_angle_2_moment,1,1.0
1113,11,ID_knee_angle_2_moment,2,2.0
1114,11,ID_knee_angle_2_moment,3,3.0
1115,11,ID_knee_angle_2_moment,4,4.0
1116,11,ID_knee_angle_2_moment,5,5.0
1117,11,ID_knee_angle_2_moment,6,6.0
1118,11,ID_knee_angle_2_moment,7,7.0
1119,11,ID_knee_angle_2_moment,8,8.0
1120,11,ID_knee_angle_2_moment,9,9.0
1121,11,ID_knee_angle_2_moment,10,10.0
1122,11,ID_knee_angle_2_moment,11,11.0
1123,11,ID_knee_angle_2_moment,12,12.0
1124,11,ID_knee_angle_2_moment,13,13.0
1125,11,ID_knee_angle_2_moment,14,14.0
1126,11,ID_knee_angle_2_moment,15,15.0
1127,11,ID_knee_angle_2_moment,16,16.0
1128,11,ID_knee_angle_2_moment,17,17.0
1129,11,ID_knee_angle_2_moment,18,18.0
1130,11,ID_knee_angle_2_moment,19,19.0
1131,11,ID_knee_angle_2_moment,20,20.0
1132,11,ID_knee_angle_2_moment,21,21.0
1133,11,ID_knee_angle_2_moment,22,22.0
1134,11,ID_knee_angle_2_moment,23,23.0
1135,11,ID_knee_angle_2_moment,24,24.0
1136,11,ID_knee_angle_2_moment,25,25.0
1137,11,ID_knee_angle_2_moment,26,26.0
1138,11,ID_knee_angle_2_moment,27,27.0
1139,11,ID_knee_angle_2_moment,28,28.0
1140,11,ID_knee_angle_2_moment,29,29.0
1141,11,ID_knee_angle_2_moment,30,30.0
1142,11,ID_knee_angle_2_moment,31,31.0
1143,11,ID_knee_angle_2_moment,32,32.0
1144,11,ID_knee_angle_2_moment,33,33.0
1145,11,ID_knee_angle_2_moment,34,34.0
1146,11,ID_knee_angle_2_moment,35,35.0
1147,11,ID_knee_angle_2_moment,36,36.0
1148,11,ID_knee_angle_2_moment,37,37.0
1149,11,ID_knee_angle_2_moment,38,38.0
1150,11,ID_knee_angle_2_moment,39,39.0
1151,11,ID_knee_angle_2_moment,40,40.0
1152,11,ID_knee_angle_2_moment,41,41.0
1153,11,ID_knee_angle_2_moment,42,42.0
1154,11,ID_knee_angle_2_moment,43,43.0
1155,11,ID_knee_angle_2_moment,44,44.0
1156,11,ID_knee_angle_2_moment,45,45.0
1157,11,ID_knee_angle_2_moment,46,46.0
1158,11,ID_knee_angle_2_moment,47,47.0
1159,11,ID_knee_angle_2_moment,48,48.0
1160,11,ID_knee_angle_2_moment,49,49.0
1161,11,ID_knee_angle_2_moment,50,50.0
1162,11,ID_knee_angle_2_moment,51,51.0
1163,11,ID_knee_angle_2_moment,52,52.0
1164,11,ID_knee_angle_2_moment,53,53.0
1165,11,ID_knee_angle_2_moment,54,54.0
1166,11,ID_knee_angle_2_moment,55,55.0
1167,11,ID_knee_angle_2_moment,56,56.0
1168,11,ID_knee_angle_2_moment,57,57.0
1169,11,ID_knee_angle_2_moment,58,58.0
1170,11,ID_knee_angle_2_moment,59,59.0
1171,11,ID_knee_angle_2_moment,60,60.0
1172,11,ID_knee_angle_2_moment,61,61.0
1173,11,ID_knee_angle_2_moment,62,62.0
1174,11,ID_knee_angle_2_moment,63,63.0
1175,11,ID_knee_angle_2_moment,64,64.0
1176,11,ID_knee_angle_2_moment,65,65.0
1177,11,ID_knee_angle_2_moment,66,66.0
1178,11,ID_knee_angle_2_moment,67,67.0
1179,11,ID_knee_angle_2_moment,68,68.0
1180,11,ID_knee_angle_2_moment,69,69.0
1181,11,ID_knee_angle_2_moment,70,70.0
1182,11,ID_knee_angle_2_moment,71,71.0
1183,11,ID_knee_angle_2_moment,72,72.0
1184,11,ID_knee_angle_2_moment,73,73.0
1185,11,ID_knee_angle_2_moment,74,74.0
1186,11,ID_knee_angle_2_moment,75,75.0
1187,11,ID_knee_angle_2_moment,76,76.0
1188,11,ID_knee_angle_2_moment,77,77.0
1189,11,ID_knee_angle_2_moment,78,78.0
1190,11,ID_knee_angle_2_moment,79,79.0
1191,11,ID_knee_angle_2_moment,80,80.0
1192,11,ID_knee_angle_2_moment,81,81.0
1193,11,ID_knee_angle_2_moment,82,82.0
1194,11,ID_knee_angle_2_moment,83,83.0
1195,11,ID_knee_angle_2_moment,84,84.0
1196,11,ID_knee_angle_2_moment,85,85.0
1197,11,ID_knee_angle_2_moment,86,86.0
1198,11,ID_knee_angle_2_moment,87,87.0
1199,11,ID_knee_angle_2_moment,88,88.0
1200,11,ID_knee_angle_2_moment,89,89.0
1201,11,ID_knee_angle_2_moment,90,90.0
1202,11,ID_knee_angle_2_moment,91,91.0
1203,11,ID_knee_angle_2_moment,92,92.0
1204,11,ID_knee_angle_2_moment,93,93.0
1205,11,ID_knee_angle_2_moment,94,94.0
1206,11,ID_knee_angle_2_moment,95,95.0
1207,11,ID_knee_angle_2_moment,96,96.0
1208,11,ID_knee_angle_2_moment,97,97.0
1209,11,ID_knee_angle_2_moment,98,98.0
1210,11,ID_knee_angle_2_moment,99,99.0
1211,11,ID_knee_angle_2_moment,100,100.0
