gait_cycle_percent,TRC_ANKL_X1,TRC_ANKL_X2,TRC_ANKL_Y1,TRC_ANKL_Y2,TRC_ANKL_Z1,TRC_ANKL_Z2,TRC_ASI_X1,TRC_ASI_X2,TRC_ASI_Y1,TRC_ASI_Y2,TRC_ASI_Z1,TRC_ASI_Z2,TRC_HEE_X1,TRC_HEE_X2,TRC_HEE_Y1,TRC_HEE_Y2,TRC_HEE_Z1,TRC_HEE_Z2,TRC_KNE_X1,TRC_KNE_X2,TRC_KNE_Y1,TRC_KNE_Y2,TRC_KNE_Z1,TRC_KNE_Z2,TRC_SHO_X1,TRC_SHO_X2,TRC_SHO_Y1,TRC_SHO_Y2,TRC_SHO_Z1,TRC_SHO_Z2,GRF_ground_force_calcn_mx1,GRF_ground_force_calcn_mx2,GRF_ground_force_calcn_my1,GRF_ground_force_calcn_my2,GRF_ground_force_calcn_mz1,GRF_ground_force_calcn_mz2,GRF_ground_force_calcn_px1,GRF_ground_force_calcn_px2,GRF_ground_force_calcn_py1,GRF_ground_force_calcn_py2,GRF_ground_force_calcn_pz1,GRF_ground_force_calcn_pz2,GRF_ground_force_calcn_vx1,GRF_ground_force_calcn_vx2,GRF_ground_force_calcn_vy1,GRF_ground_force_calcn_vy2,GRF_ground_force_calcn_vz1,GRF_ground_force_calcn_vz2
0.0,0.12830476,0.0,0.12744254,0.08766657,0.099217,0.15321438,0.01812729,0.000854305,0.028081719,0.06519017,0.013227318,0.08344041,0.12723789,0.0,0.0,0.04302103,0.0,0.0649345,0.21921527,0.0,0.10328938,0.101234905,0.19267307,0.082635604,0.011836042,0.018594692,0.05010964,0.090288304,0.035666075,0.042304326,0.0018755143,0.03321125,0.022691287,0.026641844,0.14499032,0.10396564,0.0,0.49376813,0.11625363,0.21223156,0.008773777,0.24234101,0.06060037,0.035639822,0.23029552,0.0,0.0,0.3395912
1.0,0.12441303,0.0,0.12533778,0.19105153,0.10566652,0.14309415,0.0840639,0.0,0.0543909,0.015173022,0.08162299,0.04042215,0.07317421,0.0,0.0,0.075859144,0.0,0.06524231,0.11288735,0.0001113164,0.13464889,0.14124472,0.2399261,0.13105248,0.012869363,0.0144466,0.041850485,0.052604202,0.01411053,0.0057611354,0.11212454,0.024435043,0.028464409,0.037558455,0.09933877,0.08922677,9.817884e-06,0.5038242,0.0,0.0,0.006533628,0.26046017,0.019353917,0.075226866,0.26583856,0.0,0.0,0.40001148
2.0,0.06844254,0.0,0.04195073,0.1345091,0.19676825,0.15969919,0.019809201,0.005647438,0.03007294,0.0,0.050254285,0.009897489,0.0688879,0.0,0.0,0.07468248,0.0,0.06536808,0.19019927,0.0020382337,0.21560606,0.09956519,0.16965897,0.14267018,0.020665115,0.046621017,0.042315982,0.041764975,0.044168666,0.060469523,0.06197323,0.011437488,0.02680621,0.031129224,0.024241162,0.023699725,1.2497891e-06,0.6744959,0.16096641,0.15902558,2.6596757e-05,0.33758426,0.017108507,0.050611086,0.2652813,0.0,0.014281484,0.26674643
3.0,0.14827205,0.0,0.11228123,0.092934296,0.1446842,0.075870566,0.104116246,0.0044071395,0.014156149,0.0,0.042895723,0.0248129,0.013376803,0.0,0.0,0.05630246,0.0,0.046643287,0.061574765,0.010140411,0.08900614,0.15586883,0.08711942,0.124436595,0.012324228,0.07623038,0.044160653,0.024667863,0.0036332794,0.031474356,0.10340509,0.0055156252,0.03193459,0.04453427,0.12622276,0.11367835,0.0,0.43044162,0.12393819,0.2036993,0.0019526677,0.27524012,0.0036795367,0.08216833,0.2430361,0.0,0.002383512,0.31280956
4.0,0.14745183,0.0,0.056026228,0.11634062,0.19303475,0.1571389,0.043277007,0.01808717,0.0854596,0.11464248,0.052355904,0.082398914,0.054224603,0.0,0.0,0.08245533,0.0,0.07249256,0.053676598,0.030844772,0.107651055,0.062248737,0.20915642,0.25675315,2.3270782e-06,0.0021015785,0.05528134,0.13302518,0.023805406,0.00018161377,0.077413306,0.03598361,0.034227062,0.057837196,0.05890584,0.06960561,0.0,0.4752369,0.18455599,0.24226102,0.0,0.25193554,0.0,0.015304769,0.26796094,0.0,0.016680723,0.30559838
5.0,0.06410604,0.0,0.04000308,0.17354414,0.21401031,0.13939075,0.010101958,0.0096849175,0.024549251,0.0064708395,0.026728878,0.068589605,0.029243425,0.0,0.0,0.061117552,0.0,0.070436224,0.07294252,0.054310754,0.07001544,0.12645839,0.08774519,0.12696613,0.0070445067,0.008583981,0.036375288,0.018845703,0.0031316509,0.039517526,0.09568004,0.03533091,0.07936358,0.04474425,0.09407496,0.11444834,0.0,0.52446795,0.12973289,0.19206245,8.04032e-06,0.21324958,0.0,0.023642829,0.354183,0.0,0.058951013,0.17592865
6.0,0.064908355,0.0,0.08575508,0.098296046,0.14919302,0.0635922,0.056667138,0.011400481,0.039803546,0.030014575,0.029597437,8.906265e-05,0.057030115,0.0,0.0,0.10364304,0.0,0.095813744,0.11862288,0.08040346,0.10051022,0.048096,0.21421258,0.24084376,0.020096693,0.02711129,0.022908736,0.034795385,0.0,0.025477733,0.032792963,0.010983252,0.0914342,0.045573846,0.1459423,0.06857911,0.0,0.31096825,0.14078537,0.112117924,0.00031182647,0.1972284,0.00033672515,0.036438722,0.20940758,7.336904e-05,0.053165883,0.19288051
7.0,0.017739257,0.0,0.021466404,0.08243613,0.16969517,0.058489673,0.03423712,0.01122625,0.04028028,0.015303661,0.103641786,0.011958874,0.109594084,1.02064505e-05,0.0,0.117589675,0.0,0.09773278,0.22647908,0.10949708,0.13030756,0.13242598,0.16217597,0.15027685,0.009710248,0.12757581,0.059845712,0.012089504,0.00015571195,0.015666237,0.014551888,0.01071689,0.08711036,0.0380262,0.056004915,0.07234716,0.0,0.6585187,0.19738299,0.122465104,0.036701646,0.26469034,0.0,0.021659784,0.2109645,1.1777073e-05,0.013649045,0.18964465
8.0,0.086417995,4.435301e-05,0.02989277,0.09493815,0.24795835,0.15091506,0.013490806,0.034850337,0.0020201607,0.030176895,0.007843323,0.05682329,0.020876301,0.008920746,0.0,0.117541976,0.0,0.035110045,0.16837281,0.15984684,0.06512652,0.02786478,0.121168084,0.14058064,0.026060358,0.076447695,0.03331446,0.0,0.0,0.017895138,0.0014571559,0.016666638,0.123238444,0.020704245,0.09170646,0.07713452,0.0,0.44071335,0.109943286,0.16446595,0.0,0.2274423,0.0,0.003293468,0.21553734,6.7782667e-06,0.08999407,0.13303322
9.0,0.11242211,0.0059512644,0.06137377,0.08738478,0.21548878,0.059639405,0.021079004,0.034536004,0.041537583,0.027470227,0.018859675,0.056441065,0.005798333,0.032877985,0.0,0.1367046,0.0,0.05537411,0.16618769,0.16678615,0.05481378,0.042449772,0.21189626,0.14970751,0.009250071,0.11771804,0.00013388821,0.033333723,0.00047959955,0.0025009743,6.457998e-05,0.047238845,0.05733934,0.0097358,0.17318577,0.034095984,0.0,0.45226133,0.19545108,0.122128494,1.3568512e-05,0.25007966,0.0,0.07487807,0.22460909,3.642715e-06,0.22901939,0.18397242
10.0,0.12351192,0.028755227,0.07935813,0.095579535,0.081730284,0.09822981,0.0605955,0.008651901,0.009383205,0.0053045894,0.0,0.0031004632,0.045954145,0.050930027,0.0,0.17540671,0.0,0.048134513,0.15732464,0.18944977,0.21260218,0.08219193,0.1155508,0.33753565,0.04169752,0.052266903,0.12328475,0.05262848,7.5593685e-05,0.020094423,0.004275726,0.0105079515,0.0868341,0.09163053,0.14290977,0.039976623,5.8567788e-05,0.38299513,0.1156998,0.16956112,1.0463842e-05,0.24496208,0.0,0.028677385,0.18235841,0.0005950401,0.275662,0.13432427
11.0,0.008520548,0.047590125,0.09261848,0.21926408,0.13247734,0.028277315,0.0016531359,0.027352892,0.057039592,0.00038997806,0.008005503,0.043398295,0.025690332,0.08015822,0.0,0.08262156,0.0,0.032540724,0.110468626,0.20177166,0.12543525,0.047135167,0.08375285,0.17961897,0.053422008,0.14675409,0.045499697,0.009101274,8.595515e-05,0.0,0.05523729,0.011811596,0.021056248,0.047554094,0.08714432,0.06765195,0.0,0.5318081,0.10833647,0.12003419,0.010462735,0.3247332,5.3373465e-06,0.061770476,0.06817303,0.0007675431,0.36222926,0.13940722
12.0,0.18955293,0.06452538,0.04787923,0.11375507,0.076464556,0.082392454,0.0009567104,0.017696321,0.075361505,0.0018654098,0.022215022,0.0055613895,0.002072707,0.11610106,0.0,0.110867605,0.0,0.035120275,0.16588308,0.22075048,0.24647808,0.008815266,0.1493113,0.13088395,0.08630572,0.13408923,0.02122069,0.024477387,2.9625202e-05,0.0,0.080233425,0.042105727,0.05328224,0.07525286,0.09698959,0.066152126,0.0022299006,0.61795,0.114420086,0.13545962,0.0009362096,0.14790545,0.014963046,0.08554626,0.083593056,0.0012413871,0.17869718,0.13898157
13.0,0.12815744,0.07868543,0.057119917,0.14495498,0.13259374,0.015502136,0.0061916215,0.013471477,0.02174519,0.009976284,1.9786672e-05,0.011615894,0.043332465,0.10701922,0.0,0.11262164,0.0,0.009409651,0.12381347,0.2557989,0.2255705,0.032570973,0.12758264,0.08905774,0.16526608,0.15190966,0.098209105,0.029779015,0.0,0.002398031,0.0011158969,0.066143386,0.111143805,0.03302486,0.17531435,0.023301216,0.0,0.32570988,0.059859455,0.11756107,0.00030056975,0.34028214,0.06003589,0.10941839,0.16027135,0.0027299686,0.29619667,0.26012278
14.0,0.08756398,0.09288082,0.066241406,0.24960947,0.08221097,0.07301375,0.00021594352,0.008655374,0.021174422,0.025950516,4.6866266e-05,0.033548057,0.00947795,0.13360274,0.0,0.05118102,0.0,0.0013957133,0.02828823,0.17687511,0.11103741,0.113133684,0.14778572,0.2401639,0.10754566,0.118295975,0.015809523,0.063110866,0.00018349566,0.00067066797,0.07947262,0.032911547,0.08339607,0.038422372,0.15200664,0.051999938,0.0,0.4765527,0.13339429,0.13370866,0.0041567693,0.30645,0.11568368,0.11416381,0.10270465,0.005925877,0.20598198,0.20843847
15.0,0.01090723,0.10450579,0.019937182,0.21939184,0.13686377,0.09696464,0.00023437646,0.002738784,0.10856494,0.11459904,0.0065050223,0.0383939,0.0029154648,0.12984052,0.0,0.054997902,0.0,0.025757376,0.048922848,0.19205908,0.091696784,0.04015992,0.14702335,0.10377139,0.12078584,0.11330024,0.04428445,0.027692165,0.0,0.0,0.014790054,0.10982065,0.050917324,0.021007318,0.08861857,0.05849578,0.00082693103,0.43044385,0.08632862,0.11153593,0.00028645073,0.22432023,0.14153849,0.10233219,0.04385303,0.0072353934,0.20798174,0.09786055
16.0,0.02732186,0.12252036,0.19774996,0.16956182,0.038862776,0.04066879,0.00073089334,0.023710666,0.01981948,0.002406496,0.00647962,0.04485146,0.00367842,0.12248742,0.0,0.007100765,0.0,0.0031669592,0.12780352,0.20694572,0.11279406,0.024690034,0.08471756,0.14991711,0.14444298,0.18416582,0.0652121,0.03602229,0.0,0.0024405147,0.0,0.05648801,0.016991772,0.08000027,0.04599491,0.042663388,0.00019311646,0.48658857,0.12464826,0.09759528,0.0062019294,0.27579838,0.13703293,0.14664824,0.0043498487,0.010112732,0.24884653,0.17917639
17.0,0.031711098,0.14138895,0.07116578,0.1894508,0.099806435,0.021357108,0.013691985,0.018235452,0.06743732,0.0863035,0.00518734,0.021184565,0.032448415,0.12660286,0.0,0.03450245,0.0,0.016882077,0.03958692,0.22542912,0.10141841,0.14390159,0.08148059,0.13295542,0.046137646,0.19481243,0.1182567,0.043015406,4.6230175e-06,0.004545593,0.087713435,0.05373404,0.025214816,0.03477277,0.017521964,0.0459872,5.3172058e-05,0.5441261,0.17104845,0.09712866,6.239003e-05,0.34789488,0.14445059,0.07521173,0.039736234,0.011978266,0.18287836,0.25669783
18.0,0.16063216,0.12154021,0.07497355,0.11181303,0.2075821,0.0043016975,0.00016439242,0.064386934,0.043406203,0.1209003,0.021912167,0.00014491608,0.093212,0.13218366,0.0,0.11206775,0.0,0.008903867,0.09591045,0.26320615,0.05230536,0.019578725,0.034506798,0.16382447,0.06982251,0.14857006,0.059464402,0.050813675,0.0014269636,0.0,0.003552597,0.049795777,0.01930953,0.05148008,0.027398953,0.06532688,0.0,0.4356012,0.11941302,0.1516865,0.0014901021,0.15158057,0.17316,0.08415161,0.0045230547,0.013410945,0.12294535,0.14794284
19.0,0.09765212,0.14289807,0.06739231,0.06934344,0.06856081,0.039366145,0.03192448,0.032753095,0.14685853,0.0028988672,0.00042135754,0.03740187,0.011716623,0.111666605,0.0,0.010422992,0.0,0.013239861,0.11156194,0.2379973,0.039692488,0.09943313,0.12995939,0.16353205,0.07544197,0.11265539,0.02918686,0.02323364,0.00020023795,0.0,0.04834732,0.11113864,0.064137965,0.06874172,0.071229555,0.015016923,0.0,0.37519786,0.075786866,0.12999246,0.014377909,0.19188507,0.1093098,0.09918114,0.0014563396,0.012049254,0.10389073,0.09508009
20.0,0.07990037,0.1251386,0.109095715,0.15761405,0.058538653,0.010040994,0.00069312187,0.07391428,0.11916007,0.037636675,0.012231824,0.014672538,0.0,0.112502754,0.0,0.05519797,0.0,0.0025198164,0.08929534,0.20953473,0.16219151,0.09716517,0.08790809,0.05854969,0.08016176,0.14509948,0.07582066,0.046001375,0.0,0.0001331846,0.054109022,0.04685204,0.05017472,0.09347741,0.046423946,0.03772828,0.0,0.5306433,0.08685614,0.07835474,0.0,0.24543114,0.06500016,0.079391405,0.009427646,0.014280573,0.044412572,0.119443715
21.0,0.08093299,0.121286914,0.11516356,0.12534796,0.17948462,0.0020918893,0.010939846,0.08972408,0.027315475,0.04597513,0.0010935272,0.01339965,0.00022497914,0.121209726,0.0,0.050484512,0.0,0.017753169,0.10885578,0.18115294,0.15172942,0.19510643,0.1791132,0.1386205,0.11271408,0.12594023,0.095890656,0.14943598,0.0,2.6999043e-05,0.08696012,0.07204018,0.03678983,0.026145753,0.0021931126,0.061629888,0.0,0.3415721,0.14617781,0.059103735,0.008655242,0.20015158,0.14497486,0.094296746,6.195068e-05,0.0123863565,0.14990388,0.079784945
22.0,0.09284435,0.16551459,0.042809412,0.1236648,0.18561915,0.020892838,0.00023184107,0.083589,0.0031122672,0.02079389,0.0069003035,0.0022672645,0.05720438,0.12095328,0.0,0.019160064,0.0,0.027648477,0.015328725,0.19335109,0.11938922,0.100181796,0.15784732,0.11273627,0.013009684,0.12989685,0.11894028,0.06362384,0.0026115282,0.0,0.02738877,0.047573034,0.0027948006,0.062870584,0.002092047,0.074705094,0.0,0.36230132,0.07781718,0.14962122,1.0527348e-05,0.2634311,0.10349154,0.086894736,0.0058636284,0.014371786,0.14375815,0.08767168
23.0,0.025632702,0.11462263,0.066360556,0.035285898,0.1518455,0.044474207,0.0023365708,0.06607262,0.09970484,0.07230628,0.007678247,0.004736932,0.00026080027,0.12297985,0.0,0.043560077,0.0,0.028857158,0.065213,0.17951503,0.13892874,0.15261243,0.17862225,0.06889606,0.053514753,0.0789228,0.026927244,0.13699275,0.0,0.0,0.07193408,0.07386655,0.042422477,0.037375413,0.0,0.049434815,0.0,0.43354586,0.18371585,0.0658941,0.0056832596,0.21487847,0.0873777,0.0968645,0.0,0.013679627,0.044107124,0.15271163
24.0,0.0408118,0.111852534,0.10491708,0.074748464,0.10253374,0.12274394,7.308649e-05,0.081658565,0.09632921,0.04238177,0.0024267433,0.0042277677,4.8195856e-05,0.14412674,0.0,0.09101707,0.0,0.018461838,0.08220997,0.1808714,0.060410164,0.13516974,0.07283326,0.10457672,0.06588898,0.0905882,0.05236497,0.042064574,0.0012739354,0.0,0.02961936,0.0528269,0.00517228,0.1236838,0.010935,0.0062221456,0.0,0.37773502,0.15306085,0.092232995,0.0054265657,0.16552356,0.12654936,0.07895286,0.012494859,0.012722102,0.0929449,0.13044246
25.0,0.031542365,0.0814676,0.08067855,0.10052721,0.081940494,0.008260622,0.012202683,0.092842266,0.030786373,0.062399026,0.0,0.0031066118,0.012358366,0.08978719,0.0,0.016975142,0.0,0.0069521293,0.029789219,0.18743658,0.08486234,0.11318019,0.07041687,0.118020095,0.1270416,0.10542478,0.032363933,0.014902392,0.0049259146,0.0002485183,0.0311122,0.045141004,0.014352565,0.06678037,0.0,0.0413722,0.0,0.27981544,0.12280382,0.0996715,0.0,0.21776915,0.03215137,0.06664844,0.0,0.011792856,0.05917818,0.15091567
26.0,0.08373516,0.08665608,0.0022410394,0.00193135,0.008812066,0.062920034,0.008046165,0.110033266,0.016369425,0.022564441,0.008460253,0.002329169,0.032322932,0.08188193,0.0,0.07626022,0.0,0.020962872,0.11497306,0.22754604,0.20086412,0.13526879,0.14034584,0.11733682,0.095230125,0.10386165,0.023439212,0.07069112,0.0,0.003922633,0.02864488,0.046252377,0.0050228746,0.0575431,0.00011541875,0.114541456,0.0,0.29959077,0.12377767,0.07020902,0.006313689,0.06380635,0.07487058,0.1377442,0.013873444,0.011672022,0.043713767,0.06807428
27.0,0.021094404,0.13482538,0.059867162,0.052560564,0.08955625,0.02443969,0.0012709461,0.12074288,0.052540924,0.06929268,0.0041940026,0.0075703408,0.005580357,0.09100004,0.0,0.065017864,0.0,0.012380432,0.063098714,0.22346915,0.09289926,0.14501642,0.07915635,0.120816745,0.062112387,0.17514022,0.026536811,0.05285031,0.0030868363,0.0029899082,0.0429998,0.03531966,2.315956e-05,0.052507956,0.0,0.029586922,0.0058387876,0.08185317,0.10449398,0.106825516,0.00020058808,0.08241511,0.09543495,0.100334175,0.00081406836,0.010214002,0.04819546,0.21013162
28.0,0.0202904,0.0744294,0.09057433,0.12459222,0.10813404,0.017936233,0.0,0.1593729,0.09336747,0.02847271,0.0,0.0,0.002938985,0.11144104,0.0,0.122639686,0.0,0.0,0.012447208,0.18682966,0.039030906,0.13633043,0.10138891,0.03829045,0.028506365,0.14881092,0.07382925,0.09352975,0.002493707,0.0,0.116225965,0.041274734,0.0022173629,0.024302436,0.005991883,0.050731868,0.0,0.021612832,0.09965444,0.19172788,0.0017538865,0.011845554,0.067831956,0.06709738,0.0,0.006527087,0.07127009,0.17465478
29.0,0.045916434,0.14730023,0.10229439,0.14086805,0.09848075,0.06388665,0.0,0.11368744,0.0017871083,0.19302344,0.000927197,0.0026396157,0.058239467,0.10543867,0.0,0.05759702,0.0,0.027773,0.021747494,0.09683243,0.15872185,0.20924737,0.20007871,0.07244776,0.043905072,0.103487484,0.07829678,0.04945697,4.7252982e-07,9.869663e-06,0.06519599,0.05885083,0.0,0.056228127,0.0,0.06151838,0.0,0.002035097,0.092848964,0.05609016,0.004897604,0.01989016,0.023656648,0.14530665,4.4750027e-06,0.006636716,0.06426961,0.22150151
30.0,0.020634377,0.14178005,0.07476593,0.14707427,0.19822727,0.05055709,0.0,0.061837424,0.032686926,0.09034595,0.0069342866,0.00019405973,0.026638772,0.077727,0.0,0.0062786317,0.0,0.025367925,0.0051399847,0.059230268,0.11860395,0.10998007,0.09087846,0.08213153,0.03857773,0.108739495,0.0,0.083520405,0.00017256949,0.0025956028,0.0566494,0.06282405,0.0022999237,0.06918761,0.0011912425,0.0067850114,0.0,0.0016056525,0.07461608,0.15552068,0.0,0.029166253,0.02112875,0.08679345,0.0,0.0042982963,0.056766517,0.14408465
31.0,0.03272346,0.14819425,0.06363925,0.047084384,0.13872485,0.034564007,0.0,0.0872564,0.039130952,0.042589616,0.009768535,0.007232857,0.0073625287,0.06571831,0.0,0.05606097,0.0,0.036354266,0.026641464,0.2024242,0.06844732,0.11620476,0.04380088,0.07131468,0.07319449,0.0767244,0.0005663099,0.04575086,0.00033458808,0.0,0.05363244,0.06674584,0.0,0.046538044,0.0,0.035506558,0.0,2.6981354e-05,0.08540621,0.17956538,0.00019426223,0.041779403,0.060282674,0.14112589,0.00089775224,0.0022771307,0.0014330181,0.17350085
32.0,0.00035930416,0.09144765,0.06466506,0.063532114,0.096665025,0.055733547,0.0010046478,0.10422714,0.00010811511,0.058203716,0.0013989935,0.0029685611,0.00041301045,0.07784734,0.0,0.007377575,0.0,0.021333601,0.014119167,0.16864982,0.16282529,0.11380167,0.14678025,0.076827005,0.1292402,0.07104086,0.07948384,0.11353141,0.0019094072,0.00013402141,0.0044515026,0.021087553,0.0,0.040849403,0.013908965,0.06646782,0.00049528485,1.8799708e-05,0.17700776,0.119343534,0.0,0.007988678,0.05224423,0.1452478,0.0,0.0013109664,0.0014569133,0.16150238
33.0,0.04154625,0.112608396,0.044408493,0.034249816,0.14934047,0.027368205,0.007099835,0.09942689,0.058698326,0.06250036,0.00012868071,1.7200371e-05,0.007639985,0.118682176,0.0,0.018978558,0.0,0.013756784,0.0008459238,0.20810464,0.11113247,0.14846665,0.10535352,0.06504031,0.06318827,0.09774747,0.13447358,0.014417836,1.0094624e-05,0.0012049954,0.045878753,0.12032536,0.0,0.03590807,0.011845454,0.04666223,0.0,0.0,0.09059453,0.08635626,0.0,0.0033807147,0.062539704,0.0853031,0.0052052625,0.0008319709,0.08807043,0.1235328
34.0,0.05479581,0.08491027,0.13737439,0.06647067,0.2459395,0.07364712,0.0,0.05164525,0.07481778,0.021332232,1.8824866e-06,0.0046407403,0.009808973,0.08816692,0.0,0.017532572,0.0,0.015608547,0.0026134832,0.14512147,0.094530895,0.08214162,0.0985915,0.03418622,0.05785214,0.10348883,0.044029884,0.03630796,0.0,0.004119693,0.025617978,0.075299956,0.0,0.06874709,0.0,0.0015331309,0.0,0.0,0.11992518,0.07309026,7.934448e-05,0.02308065,0.08461669,0.13066405,6.7892634e-06,0.0011035096,0.065629624,0.14916621
35.0,0.03832116,0.14948966,0.07956693,0.10106647,0.09537286,0.08205612,0.0,0.07655245,0.041584868,0.08138602,7.872028e-05,0.0004792902,0.011369317,0.10034634,0.0,0.034442898,0.0,0.04673566,0.007011994,0.17198423,0.13792105,0.13368118,0.13984495,0.038634475,0.065797746,0.08488098,0.09921399,0.014940696,0.00030334864,1.3853099e-05,0.029602665,0.09045216,0.0,0.105522946,0.012800386,0.040264685,0.0,0.0,0.10647048,0.058575712,0.0,0.0,0.03399342,0.11771021,0.0,0.0032896912,0.0,0.23510784
36.0,0.00095259544,0.115588605,0.10323809,0.08006125,0.06289579,0.07470064,0.00013459202,0.083254896,0.026020775,0.07387559,0.0032637364,0.0,0.0,0.113732114,0.0,0.01660265,0.0,0.003255788,0.007778012,0.117993616,0.18952616,0.09914249,0.11672173,0.006945268,0.090886615,0.0775677,0.032175772,0.034526765,2.9764406e-06,0.0,0.028678013,0.045745667,0.0,0.066350065,0.0061587426,0.004148085,0.0,0.0,0.07644895,0.046297282,0.0,0.00034000108,0.050849304,0.058184862,0.00046098314,0.0058142724,0.04492955,0.1377283
37.0,0.01743903,0.16455585,0.05957125,0.08151023,0.1521998,0.039841533,0.014284996,0.064745486,0.019101432,0.07501438,0.011575558,0.0010748333,0.0,0.112987176,0.0,0.052305024,0.0,0.008586442,0.017779715,0.15249917,0.051623914,0.080314755,0.13525237,0.044692554,0.09539632,0.035240058,0.039848965,0.025110373,0.0009029822,0.0054363473,0.005175197,0.08361649,0.0,0.064177,0.0,0.0077506746,0.0,0.0,0.08136368,0.06476458,0.0,0.0,0.02761363,0.13083911,0.0,0.01717458,0.038204867,0.22097723
38.0,0.013973422,0.15396431,0.08357672,0.051084287,0.051622294,0.10037782,0.0,0.07893501,0.08059896,0.0027759955,0.000554176,2.0733848e-06,0.0,0.09540173,0.0,0.029605739,0.0,0.065449886,0.010647673,0.020209737,0.07825127,0.11069325,0.09573143,0.026928999,0.14304072,0.058473434,0.00025946667,0.053188615,0.0058719986,0.00056926167,0.0,0.02724254,0.0,0.02962756,0.014880199,0.06502163,7.67109e-05,0.0,0.05687658,0.059089508,0.0,0.0,0.041121125,0.10171566,0.0128701655,0.036279894,0.03965981,0.17676058
39.0,0.0053969356,0.13378893,0.1009285,0.054288656,0.145253,0.042336296,5.476831e-06,0.018534573,0.05081608,0.0053501427,0.0029077732,2.7642163e-05,0.0049813506,0.0698963,0.0,0.019315196,0.0,0.035805486,0.0035397164,0.13817638,0.11321085,0.0438866,0.046978038,0.025451243,0.071510784,0.018618548,0.031831086,0.07995907,0.00013697435,0.0068261414,0.0021509582,0.07341692,0.0,0.0345576,0.021308068,0.002571253,0.0,0.0,0.11577124,0.12891713,0.0012927006,0.0,0.0209847,0.055243768,0.0,0.07152783,0.0981963,0.23706765
40.0,0.014121694,0.10916564,0.09849593,0.086676195,0.2084491,0.06805463,0.0,0.07003577,0.06976384,0.006122589,0.0,0.0,0.00018594202,0.050537486,0.0,0.007253708,0.0,0.010165405,0.0,0.20757276,0.13514778,0.07608525,0.13198192,0.03310957,0.029693732,0.019411093,0.024108104,0.013655546,0.006163081,0.005113176,0.0018005929,0.059254784,0.0,0.039462756,0.02322454,0.0057274736,0.0,0.0,0.12833837,0.133669,0.0,7.075312e-05,0.070026845,0.12872352,0.08276829,0.11450633,0.10000455,0.22685507
41.0,0.0058184913,0.3121822,0.085216075,0.085705094,0.14534324,0.102748506,0.0,0.07190236,0.016082615,0.0018659419,0.0022049292,0.00013548217,0.0011795008,0.028414555,0.0,0.036854032,0.0,0.057922486,6.1351784e-05,0.2040747,0.053273987,0.043124255,0.1383025,0.055098552,0.00030789914,0.07004272,0.048182152,0.0011653687,0.002195863,0.0020081243,2.4505978e-05,0.1612613,0.0,0.02403894,0.009249946,0.025031446,0.0,0.0,0.09019983,0.03415034,0.013982448,0.0,0.025239283,0.0861686,0.010206872,0.18068646,0.056426432,0.21993054
42.0,0.00091448915,0.087951064,0.07452892,0.07775461,0.15039954,0.061786864,0.0036680908,0.046297964,0.057456657,0.048151232,0.0053311423,0.0020287381,0.007553155,0.07864359,0.0,0.011631729,0.0,0.036181174,7.391195e-05,0.1777137,2.7504917e-05,0.08582841,0.05359224,0.06394347,0.047860492,0.016248424,0.0115634175,0.048705056,8.314069e-05,0.005940658,0.0,0.07356987,0.0,0.0129689425,0.027502311,0.004519299,0.0,2.0165287e-06,0.08928305,0.06579553,4.2831352e-06,0.0002472119,0.053356253,0.09756077,0.069064856,0.2215566,0.15474534,0.33165583
43.0,0.0073656635,0.10963982,0.030469649,0.0763891,0.16550356,0.041960318,0.0,0.10613835,0.024524491,0.041237857,0.004439685,0.0031580199,0.0,0.05305032,0.0,0.004152152,0.0,0.051486682,1.3111473e-05,0.19605953,0.07871283,0.09140267,0.122137785,0.063734494,0.013745693,0.0055067465,0.021620542,0.033082094,0.010492879,0.011724397,0.0,0.075935945,0.0,0.012800072,0.0,0.026726175,0.0,6.9795533e-06,0.097902775,0.08342792,0.0,0.0,0.03125092,0.051961042,0.019857362,0.3251255,0.093429185,0.17762367
44.0,0.006148144,0.072934896,0.11185595,0.10164952,0.21987328,0.05931464,0.00046049277,0.07074645,0.0020296215,0.0030482768,0.00013814973,0.0066379863,0.00024177365,0.11323867,0.0,0.00017186237,0.0,0.05093905,0.0,0.094175175,0.034206733,0.08537952,0.08275339,0.12722792,0.122776434,0.016043661,0.039148938,0.017201794,0.010764812,0.018175665,0.0,0.073682345,0.0,0.035745714,0.030827498,0.088625215,0.0,0.0,0.082669266,0.107635655,0.0,0.0,0.087831356,0.02956838,0.0017507445,0.38098606,0.059139,0.2827494
45.0,0.0,0.13276601,0.038537845,0.0643692,0.20956028,0.06488992,0.0,0.045705993,0.033000026,0.0024389403,0.0,0.0003586039,1.6381266e-05,0.050132077,0.0,0.028232014,0.0,0.0023460297,0.0,0.03821805,0.05502244,0.10404038,0.062577575,0.08325921,0.039402552,0.017747179,0.026352188,0.018491877,0.00017943961,0.013620646,0.0,0.09395689,0.0011786183,0.011712926,0.0,0.04434367,0.0,0.0,0.07953893,0.054773685,2.516013e-05,0.000661668,0.033666965,0.01180442,0.0052327896,0.5396864,0.101556845,0.19445929
46.0,0.0005740867,0.09188244,0.028164642,0.06977389,0.24382402,0.06736434,0.0011181938,0.09141285,0.019986372,0.0,0.0008377012,0.0011584226,0.0,0.09189168,0.0,0.018583864,0.0,0.04648442,0.0,0.12554364,0.055426452,0.0465434,0.12906334,0.11326846,0.06021186,0.0018786979,1.6778526e-07,0.010233497,0.0116550485,0.019661548,0.0,0.091585726,0.0040555904,0.011636134,0.000120816425,0.042482346,0.0,0.0,0.061414447,0.08714002,0.0,0.0,0.081216626,0.0,0.015370405,0.5892737,0.10252762,0.23412782
47.0,0.0,0.06437634,0.048694864,0.027880974,0.15212038,0.058628928,0.0,0.025168238,0.007244921,0.012335631,0.007852641,0.00875457,0.0,0.051228113,0.0,0.048099067,0.0,0.013348769,3.1107813e-06,0.0775155,0.047293015,0.09098877,0.07131358,0.05954918,0.0363086,0.0023686513,0.005224476,0.037036296,0.017063482,0.009297471,0.0,0.12584029,0.0052217585,0.042919613,0.0,0.12997054,0.0,0.0,0.11174381,0.03048574,1.2361888e-05,0.001950309,0.09691364,0.0017917388,0.013966491,0.68244416,0.050265115,0.10507793
48.0,0.003558667,0.07288742,0.049150012,0.047952596,0.19722697,0.046231173,0.0030474511,0.1323047,0.01641788,0.0002803007,0.017206661,0.011326538,0.0,0.01882647,0.0,0.008696883,0.0,0.022201193,0.0,0.16289248,0.078106165,0.08368745,0.10083924,0.1455404,0.06335966,0.00021163505,0.007558117,0.047267195,0.022642277,0.018579083,0.0,0.08969901,0.003675516,0.011771282,0.00025421157,0.045201514,0.0,5.0379494e-05,0.11174935,0.0481011,0.0,8.105373e-05,0.00539508,0.002275013,0.010197903,0.73938394,0.1079116,0.0676033
49.0,0.0039487225,0.024173483,0.018437162,0.034180786,0.2218658,0.0572808,0.0,0.04771841,0.021896776,0.03583181,0.009780491,0.031424627,0.0,0.07018868,0.0,0.010448924,0.0,0.00330574,0.0,0.10642905,0.04030226,0.039986193,0.15536404,0.10238424,0.023036407,4.644925e-05,0.023314513,0.03133956,0.03507547,0.046868935,0.0021245184,0.08900979,0.060312815,0.027251521,0.0834645,0.057641122,9.847639e-05,0.0,0.10556129,0.09906433,0.0001367589,0.0029933385,0.03719583,0.00011193054,0.0033679942,0.6941736,0.12955993,0.03358688
50.0,0.0,0.15367293,0.021910721,0.0024163642,0.11069037,0.012271931,0.0062667863,0.06526863,0.040483706,0.008046488,0.03880329,0.023975583,0.0,0.022819545,0.0,0.015258252,0.0,0.029487176,0.0,0.08285851,0.049410447,0.024002682,0.07687258,0.13841215,0.020609464,4.828706e-06,0.033912193,0.031165296,0.07792039,0.05662763,0.008504842,0.052921254,0.110003136,0.020981103,0.03249081,0.12441354,0.0,0.0012785965,0.11352234,0.07575322,0.00044519026,0.0,0.036712598,0.0,0.0091973925,0.7239987,0.04392569,0.022106707
51.0,0.0,0.11050132,0.012075615,0.020381732,0.07645133,0.075706095,0.00049908296,0.024688197,0.00017815619,0.00086454465,0.013729553,1.875339e-05,0.0,0.02020729,0.0,0.0060518607,0.0,0.03759029,1.3100232e-05,0.10558089,0.052009825,0.037914243,0.11640041,0.0963502,0.014198425,0.0,0.0068485816,0.009935673,0.10041036,0.053121142,0.0048542265,0.077074684,0.13828103,0.0033117987,0.12577777,0.07393472,0.0,0.0,0.0892073,0.051638532,0.0017317391,0.0011256341,0.0070622694,0.0,0.0,0.72439647,0.116306975,0.002192005
52.0,0.0,0.08801873,0.0058347275,0.027428713,0.1651043,0.07503731,0.0053524007,0.076215446,0.0,0.0,0.04644359,0.038407158,0.0,0.02208017,0.0,9.471386e-06,0.0,0.016256202,0.001416994,0.10587341,0.0065723225,0.0080504995,0.05551723,0.09216288,0.05019087,0.00013027147,0.0,0.00010768784,0.06266579,0.1378884,0.0,0.16407691,0.20142858,0.0011204114,0.09129971,0.027906794,0.0,0.0,0.07277542,0.023894439,0.0031673776,0.0,0.0005525006,0.0,0.00053002214,0.69847596,0.05303158,0.0030605765
53.0,0.0,0.07487892,0.071301684,0.013655576,0.106909715,0.03617315,0.0067372336,0.06196739,0.02011443,0.0032569277,0.03476007,0.049886294,0.0,0.043912068,0.0,0.0016885384,0.0,0.0478203,0.008862246,0.15037993,0.02443982,0.0136086615,0.08269816,0.118402965,0.02859123,1.885179e-06,0.0003531323,0.028179916,0.09533065,0.09073831,0.009585973,0.15232235,0.16882387,0.010867085,0.086976275,0.13185078,0.0,7.890017e-05,0.14597985,0.049451105,0.0,0.0,0.047303572,0.0,0.0,0.70139086,0.0012030863,0.0016931142
54.0,0.0,0.08320991,0.0034821725,0.024465507,0.0762294,0.08173471,1.4467561e-05,0.02962321,1.0541553e-05,0.008905228,0.018163491,0.01632987,0.0,0.008241064,0.0,0.0059097447,0.0,0.055705603,0.030681616,0.051183127,0.0024278148,0.01923006,0.10041918,0.05562576,0.024756918,0.00014321592,0.0,0.0,0.08648701,0.18761124,0.039904635,0.14305934,0.14403133,0.005913162,0.13176684,0.075140364,0.0,0.00011053852,0.13233143,0.12927864,1.3325079e-05,1.342664e-06,0.0,0.0,0.010679989,0.59695274,0.0108481385,1.1271199e-05
55.0,0.0,0.17227978,0.00927439,0.020135924,0.037828017,0.053418316,0.0060901823,0.024364334,0.0007802189,0.0,0.029674139,0.0069082375,0.0,0.034574036,0.0,0.0,0.0,0.040228233,0.05272142,0.05744615,0.0021149227,0.0008474735,0.032913294,0.113055564,0.011254524,0.003032587,0.0,0.0,0.11826763,0.18749152,0.10733563,0.20016548,0.18462393,0.03368289,0.07451821,0.09714409,0.0,0.00010173517,0.07790671,0.058046825,0.0,0.0,0.0,0.0,0.0,0.57751876,0.028652165,0.0
56.0,6.23063e-07,0.13226165,0.006566349,0.011505148,0.08726578,0.1080207,0.01071257,0.03909642,0.002738867,0.0,0.061524633,0.023186121,0.00010977231,0.004753406,0.0,7.817855e-05,0.0,0.054092314,0.06299186,0.05404356,0.009150959,0.0,0.07072534,0.07685402,0.0335845,2.761821e-05,0.0036919068,0.000719887,0.059231445,0.2985726,0.0805191,0.10810998,0.16258337,0.0046699867,0.15863739,0.071882464,0.0,0.0,0.086764485,0.058871042,0.00011298381,0.0,7.856905e-05,0.0042915875,0.0,0.482169,0.041463185,0.0
57.0,0.00014652482,0.12574826,0.0026682597,0.010816593,0.07169717,0.12105098,0.0062466157,0.012397606,0.0,0.0,0.09960821,0.0651016,0.0023327312,0.010396493,0.0,0.0003168529,0.0,0.0574136,0.07424169,0.029930979,0.00061556196,0.0080077695,0.022818835,0.0795696,0.067448474,0.0009289097,1.7197652e-05,0.0,0.13200879,0.21050152,0.045349788,0.16536006,0.14665924,0.002417821,0.1897146,0.08172589,0.0,0.00015956727,0.11705365,0.027220562,0.0,6.4460764e-06,0.0056805965,0.02075633,2.5801619e-05,0.4200472,0.0002599857,0.0
58.0,0.0036432084,0.097803585,8.151155e-05,0.003108549,0.102854915,0.11691702,0.0061158324,0.10742124,3.1702923e-05,0.0,0.10803823,0.02055672,0.014968572,0.064472616,0.0,0.0,0.0,0.035112683,0.08754473,0.03693864,0.00020451321,0.0004888248,0.0045128064,0.11199845,0.08635836,0.010805525,0.0,0.0,0.17094657,0.23946676,0.07163962,0.07066512,0.09479729,0.005907797,0.058998644,0.12730202,0.0,0.0,0.08672082,0.051913597,0.00058851065,1.2335638e-05,0.045756195,0.054874383,0.0,0.33849376,0.000401446,0.0
59.0,0.015153416,0.058431473,0.0,0.0,0.12786515,0.12685527,0.00037376024,0.08259598,0.0,1.4639731e-05,0.10314368,0.08403327,0.03967701,0.020647671,0.0,0.0,0.0,0.10107238,0.11557997,0.15391076,0.0008416011,0.0,0.027144395,0.118230425,0.08362858,0.038349904,0.0,0.0,0.2611521,0.22803476,0.026539288,0.085317045,0.12140323,0.0020899992,0.14340101,0.075894,0.0,1.7650329e-05,0.09633963,0.054398913,0.0,0.0056936448,0.0,0.12112507,0.00027733215,0.3598339,0.013077902,0.0
60.0,0.0321509,0.07115003,0.00011528257,0.0,0.098625734,0.10602537,0.004372401,0.006145719,0.0,0.0,0.054498427,0.13960643,0.062329892,0.027904116,0.0,0.0,0.0,0.05227365,0.08815774,0.07978622,1.1689512e-07,0.0,0.05013322,0.14502683,0.08207529,0.07222143,0.0,9.2997016e-07,0.24634874,0.261577,0.008876792,0.040661793,0.20848618,0.015497085,0.075163014,0.15173057,0.0,1.8046974e-05,0.021833215,0.1548208,0.0,0.0,3.477096e-05,0.21230683,0.0,0.3352574,0.015160086,0.0
61.0,0.04327393,0.1443973,0.0,0.001053392,0.052294105,0.083817825,0.0056394483,0.0034590098,0.0,0.0,0.07102497,0.1273775,0.06995894,0.05308683,0.0,0.0,0.0,0.039036825,0.107108854,0.14669624,0.0,0.0,0.024923794,0.05158182,0.10233243,0.099500716,0.0,0.0,0.16635233,0.18855467,0.029046353,0.04584632,0.092465796,0.008845084,0.11556084,0.07072227,0.0,0.0023401321,0.04926004,0.054963443,0.0,0.0,0.0038855593,0.24687262,0.0,0.23007959,0.0,0.0
62.0,0.046170842,0.057299923,0.0,0.0,0.11108461,0.055710465,0.009902791,0.029724983,0.0,0.0,0.080510974,0.14236116,0.078877605,0.014255782,0.0,0.0,0.0,0.035449907,0.14201766,0.18696754,0.0,0.0,0.015337988,0.085884206,0.12265332,0.095786266,0.0,2.1117547e-05,0.20536445,0.30273908,0.056067977,0.031114828,0.07144871,0.01506096,0.03955069,0.17874493,0.0,1.6023638e-05,0.087049365,0.09990235,0.0012037749,5.0312824e-06,0.004263716,0.31796867,0.0,0.082053214,0.0031645147,0.0005272497
63.0,0.061371617,0.120384976,0.00019364124,0.0,0.1162496,0.019375598,0.004358678,0.021683466,0.0,0.0,0.077642724,0.069689356,0.095899515,0.074926846,0.0,0.0,0.0,0.055682752,0.058157243,0.1638622,2.0534731e-05,0.0,0.024470085,0.0908284,0.12938859,0.12439407,0.0,0.0,0.22182353,0.21387824,0.040482186,0.022726215,0.0790731,0.016932638,0.17265642,0.15936545,0.0,0.00025674247,0.08257591,0.023605326,0.0,0.00022234854,0.06593769,0.29708308,0.0,0.2074243,0.0043067946,0.0
64.0,0.08328389,0.04407781,0.001004834,0.0,0.10333277,0.08181627,0.0027264792,0.031789694,0.0,0.0,0.071371354,0.084243834,0.092159346,0.057686113,0.0,0.0,0.0,0.023474215,0.114827834,0.14873093,0.0,0.0,0.027545094,0.06877109,0.1443341,0.13500206,0.0,0.0,0.20383863,0.2292193,0.07807686,0.010944317,0.16285722,0.055560924,0.10034186,0.14206745,0.0,0.00035209043,0.10939161,0.13308974,0.0,1.118809e-05,0.06479418,0.35012636,7.7932506e-05,0.08316823,0.00043862674,0.0001856036
65.0,0.08832014,0.057755623,0.0016292321,0.0,0.055690277,0.061895963,0.005282512,0.053095117,2.6300622e-06,0.0,0.06367652,0.057143737,0.10388003,0.019088466,0.0,0.0,0.0,0.078933135,0.09226487,0.10292434,4.093218e-06,0.0,0.005316228,0.04503567,0.1503741,0.1451118,1.7824188e-05,0.0,0.12629573,0.19576535,0.0021658975,0.044661734,0.10385968,0.037566457,0.09260047,0.121977486,0.0,0.0,0.06600872,0.14991373,0.0,0.0,0.04178455,0.27001593,0.0002121769,0.012871721,0.00096524536,0.0066629495
66.0,0.08179354,0.06224906,0.004092969,0.0,0.09673036,0.03545007,0.0057368185,0.05951582,0.0011619917,0.00021812084,0.047522362,0.05665635,0.089026354,0.014674585,0.0,2.3367225e-05,0.0,0.10940263,0.10565929,0.119269684,0.0016176178,0.00019354661,0.032205522,0.058725804,0.18654203,0.13832751,0.000944003,0.00047797224,0.2351087,0.20290671,0.030011814,0.010594599,0.12336767,0.047405194,0.08132868,0.06634906,0.0005069132,0.006272717,0.040116336,0.13871183,0.0,0.0,0.07026063,0.2805195,0.000125938,0.09488456,0.0025708228,0.022914993
67.0,0.09896484,0.05633998,0.0074626887,0.0005805041,0.08194218,0.051385056,0.0021888835,0.10198772,0.006538493,0.001403407,0.02864803,0.055883758,0.07307536,0.011148816,0.0,3.8520582e-05,0.0,0.09477912,0.11742552,0.12860608,0.0099727735,0.0005921301,0.026636694,0.062298756,0.16194655,0.09298117,0.0061897696,0.0056834007,0.13577117,0.1892248,0.017109081,0.044221178,0.13980843,0.091261454,0.084181316,0.0672637,0.00031955252,0.0015596321,0.06516323,0.15096828,0.0,7.9636575e-06,0.03296084,0.27885693,0.0007236292,0.04177622,0.0015959732,0.0009750098
68.0,0.06506425,0.09119908,0.014320444,0.0017742957,0.05756619,0.106552355,0.004468479,0.0006446698,0.014251932,0.006934479,0.059116174,0.023191,0.062184885,0.005927845,0.0,0.0011488448,0.0,0.032202657,0.17803806,0.15869397,0.031523578,0.0022161843,0.018759232,0.042519096,0.14748546,0.05620102,0.013464164,0.010874638,0.082515895,0.13209654,0.03443085,0.034107205,0.17573446,0.09254671,0.12211425,0.095662266,0.0,0.0011487651,0.06083378,0.12275849,0.0,3.1268403e-06,0.04035646,0.2867129,0.0028387392,0.10216674,0.018353103,0.008882107
69.0,0.08812842,0.071436405,0.009904257,0.006955137,0.06351618,0.10552113,0.010047511,0.0005929542,0.015955728,0.0125992345,0.084469296,0.074642,0.08155354,0.057919372,0.0,0.0065384842,0.0,0.041790422,0.08882639,0.075473666,0.03825883,0.0074773156,0.029033313,0.07476281,0.15698552,0.023934819,0.018222976,0.030650556,0.10032567,0.065182276,0.035283834,0.021919882,0.072442174,0.12533852,0.09299204,0.0400012,0.0035850045,3.016333e-05,0.08014816,0.14872302,0.0,0.0,0.09018159,0.2121915,0.005922497,0.074420355,0.006885655,0.010447987
70.0,0.076778404,0.029820086,0.0051495056,0.0055071134,0.07270136,0.09490683,0.00697367,0.046655077,0.020130726,0.021542236,0.041596018,0.03164161,0.10113711,0.0,0.0,0.003688253,0.0,0.034260415,0.1111609,0.11122308,0.04454504,0.013303202,0.04241245,0.046820533,0.11377634,0.109234326,0.018315922,0.022141455,0.0667474,0.2257379,0.08372233,0.05202681,0.09495188,0.06950781,0.1661942,0.031495716,0.012008698,0.0,0.07717506,0.13435131,0.0,2.0993666e-05,0.086733535,0.30785477,0.009472405,0.06484232,0.0021285801,0.029081846
71.0,0.1187114,0.09982911,0.0174679,0.0147589585,0.021918835,0.053216055,0.025944425,0.014795805,0.012775807,0.017339086,0.04494221,0.035597444,0.08732471,0.0069073956,0.0,0.0059913793,0.0,0.026826978,0.12641442,0.1053059,0.083330326,0.018949326,0.022888932,0.07735191,0.089601375,0.077403046,0.038709786,0.018521702,0.15017648,0.17010956,0.03170252,0.027921809,0.12451042,0.101978235,0.12656683,0.035735816,0.03863477,0.00056508934,0.054138742,0.114020005,0.006323277,0.0,0.13046283,0.20088562,0.00956993,0.0662551,0.0026902778,0.011456805
72.0,0.084864676,0.08970389,0.020000573,0.012785541,0.031906635,0.07922932,0.028853985,0.022472022,0.018956952,0.022270737,0.06682503,0.025083635,0.01477659,0.028304739,0.0,0.009675467,0.0,0.036876723,0.11982446,0.08711424,0.04909355,0.017776588,0.0021452107,0.049050618,0.104618594,0.008806063,0.031293932,0.019388855,0.1514987,0.071182765,0.085084766,0.05826444,0.038815532,0.16541879,0.19005148,0.041251153,0.06573078,0.005556679,0.083458304,0.17066321,0.021878349,0.0,0.051704798,0.22231661,0.011005038,0.041795574,0.001582567,0.017339373
73.0,0.07728309,0.049023066,0.0063930345,0.015566046,0.025280954,0.07788198,0.052727666,0.006033507,0.03684835,0.048827615,0.044405438,0.02523875,0.06644519,0.021737492,0.0,0.019137941,0.0,0.021058144,0.13975617,0.06653042,0.07472573,0.02361759,0.0038091987,0.06268848,0.06884784,0.09047151,0.033336632,0.04344027,0.18281175,0.10605574,0.03080303,0.016691163,0.07676662,0.15734369,0.10345664,0.067329615,0.32344222,9.498612e-06,0.10714445,0.16023794,0.077501476,0.0,0.11457767,0.19145705,0.009410842,0.090525456,0.0019462229,0.005604563
74.0,0.08831916,0.040925074,0.038500983,0.019200638,0.016708601,0.07253,0.060985018,0.03804266,0.022662262,0.008152495,0.027382785,0.01079777,0.06406483,0.018463694,0.0,0.0064567616,0.0,0.059840716,0.14824052,0.055792693,0.06960184,0.025558248,0.0071490244,0.07579856,0.06784091,0.021844886,0.02042488,0.03508562,0.09107966,0.13305353,0.008176335,0.0687258,0.091607414,0.15882382,0.14511101,0.0060281,0.28857315,0.011665493,0.047399312,0.08961854,0.15158893,0.00047541305,0.04949291,0.16039377,0.010086981,0.0610702,0.011107581,0.007667824
75.0,0.103794225,0.02476848,0.0022399076,0.012711571,0.004522958,0.07789766,0.03332726,0.003081525,0.035622455,0.0012488674,0.06322949,0.012747854,0.06996616,0.016222231,0.0,0.0057620867,0.0,0.016197043,0.183239,0.094646975,0.11850331,0.0061854725,0.0044211117,0.055891186,0.08345062,0.03946314,0.037217192,0.021478105,0.13290206,0.11187893,0.014100684,0.03657044,0.0963199,0.15594466,0.1171445,0.034028634,0.38551727,0.0,0.07147578,0.16565433,0.25023207,0.0,0.14124914,0.2223915,0.011566083,0.09126812,0.00599888,0.000582482
76.0,0.124688126,0.02619707,0.008920819,0.03553768,0.007752937,0.044155728,0.05603665,0.012757166,0.007235164,0.03353717,0.056615513,0.030483963,0.051733922,0.026557408,0.0,0.024545379,0.0,0.021825293,0.098297566,0.04890095,0.0637577,0.013553593,0.023903651,0.026467064,0.0966104,0.031233404,0.07841498,0.04637438,0.118689634,0.0925434,0.07239648,0.07199714,0.12398336,0.26102257,0.16001248,0.011710857,0.43065825,0.012263051,0.09648462,0.07071726,0.33773267,0.0010997959,0.105856456,0.26271307,0.014981252,0.14041215,0.010997901,0.0027138365
77.0,0.0328959,0.0692978,0.022048812,0.039012395,0.0037359602,0.041357003,0.04766239,0.0,0.040801078,0.044383395,0.067942016,0.019237919,0.06907887,0.047805943,0.0,0.014471318,0.0,0.068770215,0.21143486,0.068893924,0.03635526,0.0,0.0044700177,0.034236267,0.08599889,0.034532912,0.049262892,0.0138444565,0.054987367,0.061814945,0.009009751,0.08067403,0.18741532,0.2591222,0.04358384,3.1897383e-05,0.55187744,0.0005791585,0.20007269,0.08262353,0.16812558,0.0021757805,0.07096629,0.165256,0.010382341,0.095301345,0.0011858444,0.017762527
78.0,0.12932846,0.018972829,0.0066090766,0.036269862,0.0077845934,0.054481175,0.0437894,0.021088561,0.0038256866,0.02449447,0.02021888,0.01637564,0.0632011,0.045903236,0.0,0.021024778,0.0,0.02698943,0.031873856,0.06881211,0.100861445,0.063371345,3.2419157e-05,0.020248782,0.08042996,0.010437042,0.08729502,0.04210309,0.078247406,0.042555038,0.033527788,0.112935215,0.048514597,0.29265463,0.13464735,0.0,0.4533266,0.0018677642,0.115148805,0.12989987,0.35383254,0.0015298424,0.12335248,0.24376287,0.009416513,0.11833794,0.016265076,0.025032233
79.0,0.0843001,0.06225238,0.07158984,0.04960614,0.0019882529,0.09030749,0.048666533,0.0009163082,0.02769565,0.03170899,0.03575906,0.03415243,0.016192643,0.04280351,0.0,0.022024058,0.0,0.0035168885,0.10047282,0.017730623,0.07487498,0.03239177,0.014252535,0.011130671,0.07729267,0.049117256,0.0621129,0.052597202,0.00595005,0.028412435,0.011046149,0.15202507,0.0952601,0.2941214,0.15911466,0.0,0.44897905,0.0,0.024457408,0.08544425,0.19644725,0.00055701897,0.08475512,0.30508327,0.010847294,0.102744855,0.0026397863,0.008403081
80.0,0.11600147,0.0247129,0.074263066,0.025417104,0.0031273214,0.026253646,0.09813709,0.0019069561,0.014532091,0.019231597,0.011357641,0.014544012,0.010803774,0.0060375785,0.0,0.009653412,0.0,0.015297194,0.24207427,0.027697789,0.09476855,0.057441093,0.0083801225,0.019706089,0.064117804,0.0641062,0.030167071,0.040293984,0.086190306,0.070644796,0.0061647813,0.14105533,0.050611347,0.32654965,0.10495387,0.0,0.43372095,0.0012043952,0.06651109,0.10167719,0.20400327,0.0,0.08245053,0.26359537,0.0113969175,0.20578015,0.007779311,0.0051532565
81.0,0.052386392,0.02959859,0.030395266,0.021915866,0.0051841005,0.03996459,0.07994712,0.016798867,0.042911265,0.030111039,0.07385671,0.0010709495,0.021538977,0.009996871,0.0,0.022993768,0.0,0.0016739891,0.088474125,0.07095323,0.11697883,0.03802203,0.0216339,0.011422111,0.104548156,0.0028911885,0.021345645,0.07727477,0.087203816,0.010981803,0.03902378,0.24511851,0.12259457,0.35613284,0.1263914,4.5102002e-05,0.40821525,0.0006815994,0.05432106,0.06586979,0.20741995,0.0,0.06506805,0.33911073,0.010382969,0.26746044,0.007913429,0.009424315
82.0,0.0855436,0.048567615,0.022715205,0.022161024,0.00963043,0.054121032,0.037382428,0.0023632562,0.0,0.025079543,0.034060296,0.029455207,0.07250709,0.008859421,0.0,0.021970872,0.0,0.023181295,0.23742022,0.028157251,0.09496718,0.09684825,0.028333422,0.0054696477,0.11582667,0.00032858562,0.09433195,0.043148104,0.016589178,0.008177345,0.04057439,0.2936017,0.10716407,0.2312321,0.14907509,0.0005112127,0.5174264,0.016281981,0.1461411,0.08514481,0.28646335,0.0,0.094238676,0.29921895,0.013019269,0.09684771,0.004735242,0.0037356277
83.0,0.02090366,0.010439539,0.12924258,0.02287742,0.019949991,0.048502885,0.048558872,0.00042075425,0.045241434,0.026604393,0.013094156,0.017659966,0.041105006,0.0020568357,0.0,0.02864573,0.0,0.016294409,0.16653228,0.03347715,0.084525734,0.07423367,0.012808211,0.07539901,0.08120171,0.009921731,0.066271394,0.04189175,0.03694819,0.09090476,0.04237026,0.32578632,0.10903838,0.21530922,0.068745196,0.0,0.30433607,1.888462e-05,0.18976052,0.103870764,0.30076194,0.0,0.048828732,0.43445876,0.012173475,0.16272444,0.00029865353,4.6160458e-05
84.0,0.11360627,0.0067912713,0.0336162,0.057917424,0.0017645884,0.06947715,0.15962452,0.037823953,0.000983259,0.046477806,0.052953575,0.02912206,0.00924137,0.033912987,0.0,0.041376855,0.0,0.022780228,0.16101253,0.034885135,0.10388855,0.066186726,0.05027452,0.03351942,0.09187046,0.023584016,0.07671782,0.09604161,0.0013997242,0.032915134,0.04807103,0.3542025,0.048283067,0.26227376,0.18188788,0.0009297208,0.48370808,1.1414907e-05,0.086055,0.13505942,0.338115,0.0,0.086665675,0.33004194,0.009804404,0.27357075,0.0,0.017163552
85.0,0.09661587,0.0331534,0.08922687,0.061729748,0.044495534,0.024386387,0.058045723,0.0,0.011407111,0.12489534,0.03811284,0.07763146,0.0277255,0.0009983476,0.0,0.017236922,0.0,0.058267064,0.16969919,0.021904534,0.06791953,0.052637983,0.078534804,0.043399222,0.12613381,0.0,0.033096794,0.027994433,0.051697735,0.07817891,0.011162561,0.29951012,0.07555999,0.28327027,0.09535602,0.00040637588,0.46811917,0.0062163044,0.16011609,0.15849315,0.25947303,0.0001589438,0.07320804,0.31351948,0.011211007,0.26141104,0.0127109485,2.1697857e-05
86.0,0.18091258,0.005835163,0.06037648,0.084187835,0.038277917,0.05320343,0.11754379,0.02455799,0.11545022,0.05576525,0.016636673,0.13370119,0.065730944,0.00086276414,0.0,0.028461572,0.0,0.021550994,0.053991333,0.03114984,0.18387462,0.11443545,0.051048342,0.04571406,0.17590143,0.000436464,0.08903756,0.10152335,0.063415825,0.009014234,0.034640968,0.34136656,0.121581905,0.2142685,0.17673123,0.0025620942,0.37055227,0.0055282065,0.13930823,0.13345605,0.19299886,0.0,0.11434761,0.39579093,0.013764862,0.1378363,6.443305e-06,0.00022747733
87.0,0.11695088,0.01761495,0.10010527,0.044049837,0.048981532,0.07243253,0.06207706,6.124477e-05,0.036474805,0.0031136153,0.0867044,0.024879275,0.0018098053,0.0056780847,0.0,0.0009241272,0.0,0.02207703,0.08390486,0.011461859,0.16307384,0.10099984,0.052010894,0.021855496,0.0856267,0.006242131,0.0011651763,0.049721126,0.08229013,0.06272603,0.023052879,0.31386676,0.1241167,0.3013427,0.15089469,0.002123026,0.31042278,0.00036774972,0.080189586,0.14791082,0.29406676,0.0,0.08014745,0.44491836,0.013054836,0.17425711,0.0016640945,0.0
88.0,0.09252275,0.021196157,0.14377408,0.09098764,0.020048121,0.07778563,0.034055587,0.006210413,0.021629587,0.0503975,0.054390907,0.02265978,0.03350953,0.0050000404,0.0,0.04541759,0.0,0.0034893833,0.08799974,0.0053123613,0.07138509,0.02806135,0.10528367,0.039998733,0.07642886,0.002729277,0.12612063,0.03116659,0.00015150152,0.047746975,0.0288525,0.41158307,0.08385056,0.1734202,0.19350836,0.011133802,0.54266876,0.0,0.08386529,0.06354444,0.34024197,0.0,0.11716888,0.44038317,0.011060399,0.26825792,0.016489128,0.00389905
89.0,0.06539003,0.016938608,0.101886086,0.10617123,0.016058628,0.08931879,0.016179988,0.007251222,0.1160826,0.10410965,0.05467182,0.034230776,0.0036042223,0.017398223,0.0,0.023197588,0.0,0.00033487144,0.12421878,0.0051786345,0.14951864,0.07533762,0.07325992,0.04554512,0.043254122,0.00015492059,0.03211323,0.15312783,0.09631075,0.051393967,0.0011718357,0.3971469,0.050130785,0.24056098,0.06464635,0.033651136,0.4090024,0.01907203,0.14855088,0.10387145,0.27435416,0.0,0.06538975,0.3963796,0.010133677,0.2023511,0.000629927,0.00019120249
90.0,0.08037958,0.007531283,0.051183656,0.07113902,0.030070834,0.028596463,0.040352233,0.007003562,0.038388666,0.023559744,0.03421265,0.081563674,0.0063595655,0.012425005,0.0,0.071044095,0.0,0.009000766,0.056787938,0.010664511,0.21834041,0.0360422,0.15430097,0.030446954,0.09182413,0.0028902213,0.05381883,0.04892629,0.025212398,0.063118026,0.059826396,0.2990424,0.061308015,0.117091596,0.113444634,0.015149488,0.5628142,0.0,0.09600675,0.025591562,0.25351188,0.0,0.112891704,0.49628475,0.014286066,0.24569613,0.0004450233,0.0093344
91.0,0.053943433,0.0071488996,0.17918253,0.11626114,0.031753667,0.06284701,0.06821225,0.017101659,0.051404424,0.03704885,0.047722965,0.021468159,0.09483799,0.014715321,0.0,0.047998898,0.0,0.029210204,0.1304133,0.01981441,0.11462523,0.04563925,0.122134894,0.026750226,0.040561505,6.45214e-05,0.105471894,0.085739605,0.002838971,0.10230556,0.030409092,0.26329896,0.08798603,0.06799176,0.07398507,0.03124478,0.54701,0.0005930608,0.1787703,0.104920335,0.21835455,0.0001520059,0.094336025,0.36753097,0.012536346,0.12987287,0.007373156,0.008550061
92.0,0.03709943,0.0025270395,0.0951117,0.059304774,0.021437148,0.030947914,0.010610224,0.00068825536,0.01962505,0.02689652,0.08811122,0.069504395,0.003537421,0.0,0.0,0.042345427,0.0,0.020315498,0.08009862,0.005246956,0.11762631,0.04107059,0.14650075,0.027213354,0.070280015,0.0,0.11036345,0.001686937,0.03483542,0.11430987,0.043162715,0.3116903,0.14081238,0.057251904,0.10572814,0.046382196,0.5347469,0.009622702,0.16030695,0.12443859,0.31261435,0.000492932,0.13527246,0.34729284,0.016706448,0.04519432,0.011125636,0.021498764
93.0,0.11738161,0.0007929311,0.061294954,0.16192198,0.0345961,0.07775945,0.15183464,0.0,0.054521617,0.14096297,0.023323972,0.06959306,0.0019285196,0.0006182945,0.0,0.051204983,0.0,0.0031479723,0.22426352,0.00013551484,0.16219838,0.080717474,0.10726021,0.004333261,0.064930074,0.023680815,0.030378334,0.02896842,0.023021812,0.008006124,0.04408994,0.15609492,0.13244298,0.062269576,0.088520624,0.06969214,0.5774946,0.004566511,0.09186514,0.09611403,0.26336384,0.0,0.060840137,0.31055298,0.015468758,0.10549395,0.01547662,0.009794143
94.0,0.16528073,0.0036148655,0.07119477,0.12037731,0.025929937,0.03711572,0.08574088,0.00014106606,0.046107247,0.0055993455,0.046370544,0.021000916,0.024539944,0.0,0.0,0.016434327,0.0,0.00032352208,0.13386282,0.0028429213,0.11602246,0.0957302,0.08988214,0.018232143,0.010389649,0.0023992793,0.07432777,0.044311393,0.020043554,0.03565947,0.0017312501,0.18774886,0.055018015,0.07236601,0.17162505,0.12239684,0.4511845,2.8199045e-06,0.07118892,0.09249582,0.40208322,0.0,0.05576524,0.3425654,0.013298257,0.0782404,0.0033633742,0.07411949
95.0,0.016534489,0.0004372943,0.11649444,0.10231153,0.034547687,0.044728078,0.041279312,0.0053199767,0.0032936067,0.0022163284,0.021899818,0.02027623,0.06626721,0.0,0.0,0.036088064,0.0,0.009704861,0.049516033,0.007544942,0.14437151,0.08192683,0.04799672,0.042972833,0.03656434,0.0056718434,0.11000593,0.05541198,0.046709113,0.025467133,0.036429532,0.15208167,0.05179782,0.0048716534,0.18857868,0.09270389,0.6143815,0.043580446,0.102702454,0.0998464,0.2989948,0.0,0.10800369,0.3641258,0.014576268,0.04828838,0.0,0.079112954
96.0,0.14257373,0.0036854632,0.08916524,0.10151907,0.005622649,0.025901774,0.05307351,2.308017e-05,0.050915863,0.0065741744,0.023693146,0.015124615,0.10252114,0.0,0.0,0.0035940183,0.0,0.034555968,0.09091249,0.002595675,0.22159617,0.17463896,0.0663232,0.023816362,0.016761629,0.024610996,0.060340684,0.04395756,0.0048179002,0.012909808,0.04812073,0.06285788,0.1400896,0.0018440356,0.12637427,0.095779955,0.6557777,0.0006809673,0.1262539,0.028621588,0.35095042,0.0047305524,0.0735161,0.15808146,0.011001737,0.043193556,0.007141662,0.059259377
97.0,0.22834925,1.1662819e-05,0.07553419,0.07774634,0.06924823,0.010648511,7.052924e-05,0.0012862814,0.03889549,0.0033914975,0.03894623,0.011460994,0.10041465,0.0,0.0,0.020153048,0.0,0.06725828,0.054364484,0.0011195642,0.18541507,0.16132806,0.08196458,0.025592564,0.0010979945,0.047437083,0.030848749,0.03311371,0.015800003,0.027053447,0.045619007,0.10186441,0.18836963,0.014420207,0.091614775,0.10486673,0.71758986,8.1267746e-05,0.12084973,0.0740773,0.3788651,0.00023485135,0.041599184,0.14250268,0.008771747,0.021645026,0.0019077446,0.13090426
98.0,0.20215455,0.0010510829,0.085582815,0.17323852,0.057639465,0.014723874,0.052513618,0.0008773484,0.043429956,0.10970008,0.046597484,0.0020874261,0.097462945,1.1011697e-05,0.0,0.07496478,0.0,0.00031854023,0.1868344,0.003096274,0.051718056,0.1848629,0.051374163,0.03662562,0.0059739943,0.038650688,0.059361905,0.08475035,0.0012272486,0.029577129,0.014403432,0.048413176,0.13014449,0.0,0.119454876,0.10236578,0.47448975,0.017843487,0.08334287,0.058314294,0.21602459,0.011928145,0.08095731,0.081986316,0.006652397,0.0,0.006155873,0.17562826
99.0,0.11242473,0.00022010865,0.15853882,0.17182575,0.027744288,0.027270537,0.029276077,0.014295476,0.0047131735,0.02195486,0.010614907,0.05342417,0.03526168,0.0,0.0,0.05254948,0.0,0.010610159,0.13757001,0.004124241,0.3157239,0.08990871,0.031413812,0.0071075,0.013885294,0.041587725,0.07945649,0.03547445,8.2662526e-05,0.003873715,0.034610506,0.030898111,0.12468468,0.019545084,0.10361464,0.12656999,0.6049751,0.006123547,0.0815629,0.0087565435,0.20854634,0.0,0.0775761,0.066501595,0.004824857,0.0,0.00030005648,0.13832551
100.0,0.07599439,0.005246986,0.12155738,0.14299981,0.016721407,1.801396e-05,0.011367434,0.0036127928,0.06457004,0.0016840725,0.019034108,0.008289915,0.054882377,0.0,0.0,0.05231627,0.0,0.006201229,0.09428752,0.010232595,0.091784246,0.06247106,0.09268274,0.05284116,0.006450681,0.00026305646,0.014580803,0.051336017,0.0,0.0,0.005963973,0.05189646,0.087115146,0.0050162817,0.07545953,0.13652784,0.47029725,0.07434584,0.2391083,0.09963292,0.26194406,0.048247144,0.09891937,0.026297491,0.005870912,0.0,0.00053487596,0.12862629
