analysis,method,workflow,scaling_method,fold,n_train,n_validation,n_test,n_channels,input_size,hidden_size,learning_rate,batch_size,best_epoch,best_validation_loss,accuracy,balanced_accuracy,macro_f1,weighted_f1,macro_precision,macro_recall
primary,wf1_featurewise,WF1,Feature-wise,1,1143,387,372,48,4848,512,0.001,8,2,0.0234379099317181,1.0,1.0,1.0,1.0,1.0,1.0
primary,wf1_featurewise,WF1,Feature-wise,2,1144,386,372,48,4848,128,1e-05,8,3,0.0651996030419138,0.9650537634408602,0.9674509803921568,0.9571046182755518,0.9655187916097884,0.9503375585175504,0.9674509803921568
primary,wf1_featurewise,WF1,Feature-wise,3,1134,382,386,48,4848,256,0.001,16,10,0.0003221927767661,0.9481865284974094,0.968503937007874,0.9695726495726495,0.9476993932952482,0.975,0.968503937007874
primary,wf1_featurewise,WF1,Feature-wise,4,1130,387,385,48,4848,64,0.001,128,1,0.1994302094906799,0.8883116883116883,0.8159280978578483,0.7761100117245782,0.8743066245839295,0.8673169171709685,0.8159280978578483
primary,wf1_featurewise,WF1,Feature-wise,5,1133,382,387,48,4848,128,0.001,8,3,0.0005671318171086,1.0,1.0,1.0,1.0,1.0,1.0
primary,wf1_timeserieswise,WF1,Time series-wise,1,1143,387,372,48,4848,128,0.001,64,8,0.0410887804219273,1.0,1.0,1.0,1.0,1.0,1.0
primary,wf1_timeserieswise,WF1,Time series-wise,2,1144,386,372,48,4848,512,0.0001,16,3,0.0276604129985901,0.9811827956989247,0.9816666666666668,0.9827612581641372,0.9811525415580196,0.9845925925925926,0.9816666666666668
primary,wf1_timeserieswise,WF1,Time series-wise,3,1134,382,386,48,4848,1024,0.001,8,16,0.0018444420473985,0.9922279792746114,0.9952755905511812,0.99264249883181,0.9922412633894367,0.9902482269503547,0.9952755905511812
primary,wf1_timeserieswise,WF1,Time series-wise,4,1130,387,385,48,4848,512,0.0001,8,4,0.0533901799075517,0.961038961038961,0.9763389288569144,0.9593380306351016,0.9609478487846146,0.946507043428069,0.9763389288569144
primary,wf1_timeserieswise,WF1,Time series-wise,5,1133,382,387,48,4848,32,0.001,16,28,0.0010418134819349,1.0,1.0,1.0,1.0,1.0,1.0
primary,wf2_featurewise,WF2,Feature-wise,1,1143,387,372,48,4848,512,0.0001,8,1,0.0130411928433272,0.9973118279569892,0.9941176470588236,0.9949096622152396,0.9973059152455042,0.9958333333333332,0.9941176470588236
primary,wf2_featurewise,WF2,Feature-wise,2,1144,386,372,48,4848,512,1e-05,32,9,0.2714308413032713,0.9596774193548387,0.9665686274509804,0.9651772519395844,0.9594258006319476,0.966846361185984,0.9665686274509804
primary,wf2_featurewise,WF2,Feature-wise,3,1134,382,386,48,4848,32,0.001,8,2,0.0003971129736444,0.9481865284974094,0.968503937007874,0.9471916971916972,0.9505984803912264,0.9393939393939394,0.968503937007874
primary,wf2_featurewise,WF2,Feature-wise,4,1130,387,385,48,4848,64,1e-05,16,53,0.0093563116196061,0.9506493506493506,0.9655462184873947,0.9451501921681948,0.9527196446751104,0.9375139977603584,0.9655462184873947
primary,wf2_featurewise,WF2,Feature-wise,5,1133,382,387,48,4848,1024,0.001,8,1,0.0001760563596994,0.9974160206718348,0.993939393939394,0.9944539411206078,0.9974120943974518,0.9951219512195122,0.993939393939394
primary,wf2_timeserieswise,WF2,Time series-wise,1,1143,387,372,48,4848,1024,0.001,8,4,3.074159991236004e-07,1.0,1.0,1.0,1.0,1.0,1.0
primary,wf2_timeserieswise,WF2,Time series-wise,2,1144,386,372,48,4848,128,1e-05,8,1,0.2193951605785387,0.967741935483871,0.9673529411764706,0.9599471395110024,0.9686210697733828,0.957833815626292,0.9673529411764706
primary,wf2_timeserieswise,WF2,Time series-wise,3,1134,382,386,48,4848,1024,0.001,128,4,6.358592291923327e-05,0.9922279792746114,0.9952755905511812,0.989158857527636,0.992345730556574,0.9837837837837838,0.9952755905511812
primary,wf2_timeserieswise,WF2,Time series-wise,4,1130,387,385,48,4848,1024,0.001,16,1,0.0012017992317329,0.961038961038961,0.9763389288569144,0.9525793356207052,0.9630788756007088,0.939896755162242,0.9763389288569144
primary,wf2_timeserieswise,WF2,Time series-wise,5,1133,382,387,48,4848,32,0.001,16,26,5.660007282035883e-05,1.0,1.0,1.0,1.0,1.0,1.0
primary,wf3_trialwise,WF3,Trial-wise,1,1143,387,372,48,4848,32,0.001,8,4,0.0102261176353286,1.0,1.0,1.0,1.0,1.0,1.0
primary,wf3_trialwise,WF3,Trial-wise,2,1144,386,372,48,4848,512,0.001,16,1,0.0011529068729527,0.9946236559139784,0.992450980392157,0.992942685962079,0.994619714547156,0.9935952336622602,0.992450980392157
primary,wf3_trialwise,WF3,Trial-wise,3,1134,382,386,48,4848,1024,0.001,16,3,0.0001337460557306,0.9818652849740932,0.9803612783696156,0.9770990885178626,0.9818411923752794,0.9742833923608674,0.9803612783696156
primary,wf3_trialwise,WF3,Trial-wise,4,1130,387,385,48,4848,512,0.001,128,21,0.0024451357565183,0.9844155844155844,0.9906246431426288,0.9832073846039598,0.9845204871668028,0.9766463700234193,0.9906246431426288
primary,wf3_trialwise,WF3,Trial-wise,5,1133,382,387,48,4848,512,0.001,16,2,0.0004854808073226,0.9948320413436692,0.987878787878788,0.9888719512195122,0.9948143158757168,0.9904761904761904,0.987878787878788
