DB,n_samples,time_index,gait_cycle_percent,relative_contribution,relative_contribution_percent
DB1,169,0,0.0,0.007045306731015444,0.704530656337738
DB1,169,1,1.0,0.007523481734097004,0.7523481845855713
DB1,169,2,2.0,0.008310499601066113,0.8310499787330627
DB1,169,3,3.0,0.009522730484604836,0.9522730708122253
DB1,169,4,4.0,0.009555131196975708,0.9555131196975708
DB1,169,5,5.0,0.009736862033605576,0.9736862182617188
DB1,169,6,6.0,0.007308597676455975,0.7308597564697266
DB1,169,7,7.0,0.011762300506234169,1.1762300729751587
DB1,169,8,8.0,0.010775010101497173,1.0775010585784912
DB1,169,9,9.0,0.010035833343863487,1.003583312034607
DB1,169,10,10.0,0.011562423780560493,1.1562423706054688
DB1,169,11,11.0,0.011353392153978348,1.1353392601013184
DB1,169,12,12.0,0.012632698751986027,1.2632699012756348
DB1,169,13,13.0,0.011924341320991516,1.1924340724945068
DB1,169,14,14.0,0.01295481901615858,1.2954819202423096
DB1,169,15,15.0,0.010075115598738194,1.0075116157531738
DB1,169,16,16.0,0.01099015399813652,1.0990153551101685
DB1,169,17,17.0,0.011493092402815819,1.1493092775344849
DB1,169,18,18.0,0.012818423099815845,1.2818423509597778
DB1,169,19,19.0,0.012598552741110325,1.2598552703857422
DB1,169,20,20.0,0.011643851175904274,1.1643850803375244
DB1,169,21,21.0,0.012052482925355434,1.205248236656189
DB1,169,22,22.0,0.013116843067109585,1.311684250831604
DB1,169,23,23.0,0.012380966916680336,1.2380967140197754
DB1,169,24,24.0,0.014044245705008507,1.4044245481491089
DB1,169,25,25.0,0.012887537479400635,1.2887537479400635
DB1,169,26,26.0,0.013708353042602539,1.370835304260254
DB1,169,27,27.0,0.013193081133067608,1.3193081617355347
DB1,169,28,28.0,0.012144891545176506,1.2144891023635864
DB1,169,29,29.0,0.015695257112383842,1.5695257186889648
DB1,169,30,30.0,0.01319542620331049,1.319542646408081
DB1,169,31,31.0,0.012729502283036709,1.2729501724243164
DB1,169,32,32.0,0.010311095975339413,1.0311095714569092
DB1,169,33,33.0,0.012201697565615177,1.2201697826385498
DB1,169,34,34.0,0.011534717865288258,1.153471827507019
DB1,169,35,35.0,0.013460864312946796,1.3460863828659058
DB1,169,36,36.0,0.011867422610521317,1.1867423057556152
DB1,169,37,37.0,0.009964346885681152,0.9964346885681152
DB1,169,38,38.0,0.01207311823964119,1.2073118686676025
DB1,169,39,39.0,0.010485081002116203,1.0485080480575562
DB1,169,40,40.0,0.012263559736311436,1.226356029510498
DB1,169,41,41.0,0.013194766826927662,1.3194767236709595
DB1,169,42,42.0,0.009972329251468182,0.9972329139709473
DB1,169,43,43.0,0.01108299009501934,1.1082990169525146
DB1,169,44,44.0,0.011556347832083702,1.1556347608566284
DB1,169,45,45.0,0.012228721752762794,1.2228721380233765
DB1,169,46,46.0,0.012286541052162647,1.228654146194458
DB1,169,47,47.0,0.011573588475584984,1.1573588848114014
DB1,169,48,48.0,0.011212279088795185,1.1212278604507446
DB1,169,49,49.0,0.012598049826920033,1.2598049640655518
DB1,169,50,50.0,0.010465518571436405,1.0465518236160278
DB1,169,51,51.0,0.011267462745308876,1.1267462968826294
DB1,169,52,52.0,0.010092356242239475,1.0092356204986572
DB1,169,53,53.0,0.01076978538185358,1.0769785642623901
DB1,169,54,54.0,0.011019283905625343,1.1019283533096313
DB1,169,55,55.0,0.008186548948287964,0.8186548948287964
DB1,169,56,56.0,0.012058024294674397,1.2058024406433105
DB1,169,57,57.0,0.010666134767234325,1.0666134357452393
DB1,169,58,58.0,0.009989709593355656,0.9989709854125977
DB1,169,59,59.0,0.005738617852330208,0.5738617777824402
DB1,169,60,60.0,0.00958007387816906,0.9580073952674866
DB1,169,61,61.0,0.009673859924077988,0.96738600730896
DB1,169,62,62.0,0.0064964196644723415,0.6496419906616211
DB1,169,63,63.0,0.006872658617794514,0.6872658729553223
DB1,169,64,64.0,0.008056043647229671,0.8056043386459351
DB1,169,65,65.0,0.00792442262172699,0.792442262172699
DB1,169,66,66.0,0.007362126838415861,0.7362126708030701
DB1,169,67,67.0,0.008170154877007008,0.8170154690742493
DB1,169,68,68.0,0.008399289101362228,0.839928925037384
DB1,169,69,69.0,0.00667787017300725,0.6677870154380798
DB1,169,70,70.0,0.008327227085828781,0.8327227234840393
DB1,169,71,71.0,0.008822726085782051,0.8822726011276245
DB1,169,72,72.0,0.00849265605211258,0.8492655754089355
DB1,169,73,73.0,0.00884352345019579,0.8843523263931274
DB1,169,74,74.0,0.01019587554037571,1.019587516784668
DB1,169,75,75.0,0.008358052931725979,0.8358052968978882
DB1,169,76,76.0,0.007150035817176104,0.7150036096572876
DB1,169,77,77.0,0.010245168581604958,1.0245168209075928
DB1,169,78,78.0,0.007677293848246336,0.7677294015884399
DB1,169,79,79.0,0.008171995170414448,0.8171995282173157
DB1,169,80,80.0,0.009629198350012302,0.9629198312759399
DB1,169,81,81.0,0.008549222722649574,0.8549222946166992
DB1,169,82,82.0,0.009044134058058262,0.9044134020805359
DB1,169,83,83.0,0.008974703028798103,0.8974702954292297
DB1,169,84,84.0,0.0073186843656003475,0.7318684458732605
DB1,169,85,85.0,0.010022759437561035,1.0022759437561035
DB1,169,86,86.0,0.007926300168037415,0.7926300168037415
DB1,169,87,87.0,0.0090056536719203,0.9005653858184814
DB1,169,88,88.0,0.009449887089431286,0.9449887275695801
DB1,169,89,89.0,0.008127153851091862,0.8127154111862183
DB1,169,90,90.0,0.00879125576466322,0.8791255950927734
DB1,169,91,91.0,0.006505581550300121,0.6505581736564636
DB1,169,92,92.0,0.008731736801564693,0.8731736540794373
DB1,169,93,93.0,0.006962737534195185,0.6962737441062927
DB1,169,94,94.0,0.004423991311341524,0.44239914417266846
DB1,169,95,95.0,0.006487283855676651,0.6487283706665039
DB1,169,96,96.0,0.005131137557327747,0.5131137371063232
DB1,169,97,97.0,0.006017069332301617,0.6017069220542908
DB1,169,98,98.0,0.006481610704213381,0.6481610536575317
DB1,169,99,99.0,0.005687188357114792,0.5687188506126404
DB1,169,100,100.0,0.00434314738959074,0.4343147277832031
DB2,235,0,0.0,0.011880781501531601,1.1880781650543213
DB2,235,1,1.0,0.012255486100912094,1.2255486249923706
DB2,235,2,2.0,0.013450711965560913,1.3450711965560913
DB2,235,3,3.0,0.01221658755093813,1.221658706665039
DB2,235,4,4.0,0.013401429168879986,1.3401429653167725
DB2,235,5,5.0,0.013620349578559399,1.3620349168777466
DB2,235,6,6.0,0.01333107240498066,1.3331072330474854
DB2,235,7,7.0,0.010764909908175468,1.0764909982681274
DB2,235,8,8.0,0.014214746654033661,1.4214746952056885
DB2,235,9,9.0,0.01162306685000658,1.1623066663742065
DB2,235,10,10.0,0.017570635303854942,1.7570635080337524
DB2,235,11,11.0,0.013489758595824242,1.3489758968353271
DB2,235,12,12.0,0.015403739176690578,1.5403739213943481
DB2,235,13,13.0,0.014913895167410374,1.491389513015747
DB2,235,14,14.0,0.014042578637599945,1.404257893562317
DB2,235,15,15.0,0.012943883426487446,1.2943882942199707
DB2,235,16,16.0,0.014656035229563713,1.4656034708023071
DB2,235,17,17.0,0.014397255145013332,1.4397255182266235
DB2,235,18,18.0,0.015180207788944244,1.518020749092102
DB2,235,19,19.0,0.013198047876358032,1.3198047876358032
DB2,235,20,20.0,0.015125230886042118,1.5125230550765991
DB2,235,21,21.0,0.013263591565191746,1.3263591527938843
DB2,235,22,22.0,0.013659042306244373,1.3659042119979858
DB2,235,23,23.0,0.01512083224952221,1.5120831727981567
DB2,235,24,24.0,0.01117578987032175,1.1175789833068848
DB2,235,25,25.0,0.013234805315732956,1.323480486869812
DB2,235,26,26.0,0.01333173643797636,1.3331736326217651
DB2,235,27,27.0,0.011828974820673466,1.1828974485397339
DB2,235,28,28.0,0.012326003052294254,1.2326003313064575
DB2,235,29,29.0,0.01307916920632124,1.3079168796539307
DB2,235,30,30.0,0.0125320665538311,1.2532066106796265
DB2,235,31,31.0,0.01351898442953825,1.351898431777954
DB2,235,32,32.0,0.010519903153181076,1.051990270614624
DB2,235,33,33.0,0.011674458160996437,1.1674457788467407
DB2,235,34,34.0,0.009765202179551125,0.9765202403068542
DB2,235,35,35.0,0.009797063656151295,0.979706346988678
DB2,235,36,36.0,0.008111203089356422,0.811120331287384
DB2,235,37,37.0,0.011658408679068089,1.1658408641815186
DB2,235,38,38.0,0.007068932522088289,0.706893265247345
DB2,235,39,39.0,0.00925256684422493,0.9252566695213318
DB2,235,40,40.0,0.009619961492717266,0.9619961380958557
DB2,235,41,41.0,0.00932498648762703,0.9324986338615417
DB2,235,42,42.0,0.007735956460237503,0.7735956311225891
DB2,235,43,43.0,0.006247750949114561,0.6247751116752625
DB2,235,44,44.0,0.008650955744087696,0.8650955557823181
DB2,235,45,45.0,0.00783411506563425,0.7834115028381348
DB2,235,46,46.0,0.011457572691142559,1.1457573175430298
DB2,235,47,47.0,0.010810798034071922,1.0810798406600952
DB2,235,48,48.0,0.009480773471295834,0.9480773210525513
DB2,235,49,49.0,0.006669444497674704,0.6669444441795349
DB2,235,50,50.0,0.010409570299088955,1.040956974029541
DB2,235,51,51.0,0.0066491058096289635,0.6649105548858643
DB2,235,52,52.0,0.006031999364495277,0.6031999588012695
DB2,235,53,53.0,0.004457099828869104,0.4457099735736847
DB2,235,54,54.0,0.004773738328367472,0.4773738384246826
DB2,235,55,55.0,0.005096932873129845,0.5096932649612427
DB2,235,56,56.0,0.00531222578138113,0.5312225818634033
DB2,235,57,57.0,0.0037833077367395163,0.3783307671546936
DB2,235,58,58.0,0.005009193439036608,0.5009193420410156
DB2,235,59,59.0,0.006558395456522703,0.6558395624160767
DB2,235,60,60.0,0.006238642614334822,0.6238642334938049
DB2,235,61,61.0,0.005345138721168041,0.5345138907432556
DB2,235,62,62.0,0.007550548296421766,0.7550548315048218
DB2,235,63,63.0,0.00721004419028759,0.7210044264793396
DB2,235,64,64.0,0.009897795505821705,0.989779531955719
DB2,235,65,65.0,0.009475424885749817,0.9475424885749817
DB2,235,66,66.0,0.008849294856190681,0.8849294781684875
DB2,235,67,67.0,0.010115448385477066,1.0115448236465454
DB2,235,68,68.0,0.008776554837822914,0.8776555061340332
DB2,235,69,69.0,0.01004086248576641,1.0040862560272217
DB2,235,70,70.0,0.007980572991073132,0.7980573177337646
DB2,235,71,71.0,0.010636838153004646,1.0636838674545288
DB2,235,72,72.0,0.00822794996201992,0.8227949738502502
DB2,235,73,73.0,0.007901442237198353,0.7901442050933838
DB2,235,74,74.0,0.00835700985044241,0.8357009887695312
DB2,235,75,75.0,0.008676904253661633,0.8676904439926147
DB2,235,76,76.0,0.008313193917274475,0.8313193917274475
DB2,235,77,77.0,0.008313179016113281,0.8313179016113281
DB2,235,78,78.0,0.007531076669692993,0.7531076669692993
DB2,235,79,79.0,0.006468181498348713,0.6468181610107422
DB2,235,80,80.0,0.009246907196938992,0.9246907234191895
DB2,235,81,81.0,0.010827980004251003,1.0827980041503906
DB2,235,82,82.0,0.008387237787246704,0.8387237787246704
DB2,235,83,83.0,0.007119064684957266,0.7119064927101135
DB2,235,84,84.0,0.010409758426249027,1.04097580909729
DB2,235,85,85.0,0.006121291778981686,0.6121291518211365
DB2,235,86,86.0,0.010026663541793823,1.0026663541793823
DB2,235,87,87.0,0.008747275918722153,0.8747276067733765
DB2,235,88,88.0,0.008511116728186607,0.851111650466919
DB2,235,89,89.0,0.008036971092224121,0.8036971092224121
DB2,235,90,90.0,0.005279333330690861,0.5279333591461182
DB2,235,91,91.0,0.012961210682988167,1.2961211204528809
DB2,235,92,92.0,0.009095835499465466,0.909583568572998
DB2,235,93,93.0,0.008901485241949558,0.8901485204696655
DB2,235,94,94.0,0.009748569689691067,0.974856972694397
DB2,235,95,95.0,0.007162300404161215,0.716230034828186
DB2,235,96,96.0,0.007251802831888199,0.7251802682876587
DB2,235,97,97.0,0.008030768483877182,0.8030768632888794
DB2,235,98,98.0,0.00581276323646307,0.5812762975692749
DB2,235,99,99.0,0.009536352939903736,0.9536352753639221
DB2,235,100,100.0,0.00836617685854435,0.8366177082061768
DB3,199,0,0.0,0.013622976839542389,1.3622976541519165
DB3,199,1,1.0,0.011845149099826813,1.1845148801803589
DB3,199,2,2.0,0.010657583363354206,1.0657583475112915
DB3,199,3,3.0,0.011367177590727806,1.1367177963256836
DB3,199,4,4.0,0.013300500810146332,1.3300501108169556
DB3,199,5,5.0,0.012178270146250725,1.2178269624710083
DB3,199,6,6.0,0.01591655984520912,1.591655969619751
DB3,199,7,7.0,0.011794999241828918,1.179499864578247
DB3,199,8,8.0,0.01235642284154892,1.2356423139572144
DB3,199,9,9.0,0.01312074065208435,1.312074065208435
DB3,199,10,10.0,0.011118458583950996,1.111845850944519
DB3,199,11,11.0,0.012233509682118893,1.223351001739502
DB3,199,12,12.0,0.014933138154447079,1.4933137893676758
DB3,199,13,13.0,0.01776847243309021,1.776847243309021
DB3,199,14,14.0,0.013175814412534237,1.3175814151763916
DB3,199,15,15.0,0.013040796853601933,1.3040796518325806
DB3,199,16,16.0,0.013478145934641361,1.3478145599365234
DB3,199,17,17.0,0.01362270675599575,1.362270712852478
DB3,199,18,18.0,0.01305495947599411,1.3054959774017334
DB3,199,19,19.0,0.011839115992188454,1.1839115619659424
DB3,199,20,20.0,0.009249509312212467,0.9249509572982788
DB3,199,21,21.0,0.0113915940746665,1.1391594409942627
DB3,199,22,22.0,0.008120140060782433,0.8120139837265015
DB3,199,23,23.0,0.011360653676092625,1.1360653638839722
DB3,199,24,24.0,0.012078015133738518,1.2078014612197876
DB3,199,25,25.0,0.011837330646812916,1.1837331056594849
DB3,199,26,26.0,0.00907640065997839,0.9076400399208069
DB3,199,27,27.0,0.012148615904152393,1.2148616313934326
DB3,199,28,28.0,0.012201400473713875,1.2201400995254517
DB3,199,29,29.0,0.011653064750134945,1.1653064489364624
DB3,199,30,30.0,0.013293435797095299,1.329343557357788
DB3,199,31,31.0,0.0102350739762187,1.0235073566436768
DB3,199,32,32.0,0.009281069040298462,0.9281069040298462
DB3,199,33,33.0,0.01268443651497364,1.2684437036514282
DB3,199,34,34.0,0.01033258531242609,1.0332585573196411
DB3,199,35,35.0,0.010987694375216961,1.0987694263458252
DB3,199,36,36.0,0.012507060542702675,1.2507060766220093
DB3,199,37,37.0,0.010957906022667885,1.0957906246185303
DB3,199,38,38.0,0.009780269116163254,0.9780269265174866
DB3,199,39,39.0,0.00903958361595869,0.9039583802223206
DB3,199,40,40.0,0.009385971352458,0.9385971426963806
DB3,199,41,41.0,0.01379611436277628,1.3796114921569824
DB3,199,42,42.0,0.011753171682357788,1.1753171682357788
DB3,199,43,43.0,0.012945430353283882,1.2945430278778076
DB3,199,44,44.0,0.012723289430141449,1.2723289728164673
DB3,199,45,45.0,0.009997728280723095,0.999772846698761
DB3,199,46,46.0,0.011964058503508568,1.1964058876037598
DB3,199,47,47.0,0.012839125469326973,1.2839125394821167
DB3,199,48,48.0,0.008063267916440964,0.8063268065452576
DB3,199,49,49.0,0.010136374272406101,1.0136374235153198
DB3,199,50,50.0,0.007626016158610582,0.7626016139984131
DB3,199,51,51.0,0.010167058557271957,1.016705870628357
DB3,199,52,52.0,0.009568683803081512,0.9568684101104736
DB3,199,53,53.0,0.007428378332406282,0.7428378462791443
DB3,199,54,54.0,0.010850561782717705,1.085056185722351
DB3,199,55,55.0,0.009031356312334538,0.9031356573104858
DB3,199,56,56.0,0.011939065530896187,1.193906545639038
DB3,199,57,57.0,0.014278833754360676,1.4278833866119385
DB3,199,58,58.0,0.014750227332115173,1.475022792816162
DB3,199,59,59.0,0.017313512042164803,1.7313512563705444
DB3,199,60,60.0,0.020340507850050926,2.034050703048706
DB3,199,61,61.0,0.015091555193066597,1.509155511856079
DB3,199,62,62.0,0.016695266589522362,1.6695266962051392
DB3,199,63,63.0,0.011167071759700775,1.1167072057724
DB3,199,64,64.0,0.00993164163082838,0.9931641817092896
DB3,199,65,65.0,0.009510820731520653,0.9510820508003235
DB3,199,66,66.0,0.008769279345870018,0.87692791223526
DB3,199,67,67.0,0.009032017551362514,0.9032017588615417
DB3,199,68,68.0,0.0064432923682034016,0.6443292498588562
DB3,199,69,69.0,0.007565328851342201,0.7565329074859619
DB3,199,70,70.0,0.00854550302028656,0.854550302028656
DB3,199,71,71.0,0.006890172604471445,0.6890172362327576
DB3,199,72,72.0,0.005865023471415043,0.5865023732185364
DB3,199,73,73.0,0.007452396675944328,0.7452396750450134
DB3,199,74,74.0,0.008597174659371376,0.8597174882888794
DB3,199,75,75.0,0.007640310097485781,0.7640309929847717
DB3,199,76,76.0,0.00721519673243165,0.7215196490287781
DB3,199,77,77.0,0.006057823076844215,0.6057823300361633
DB3,199,78,78.0,0.008773711510002613,0.8773711323738098
DB3,199,79,79.0,0.008152835071086884,0.8152835369110107
DB3,199,80,80.0,0.005410201381891966,0.5410201549530029
DB3,199,81,81.0,0.0072491043247282505,0.7249104380607605
DB3,199,82,82.0,0.008194361813366413,0.8194361925125122
DB3,199,83,83.0,0.0066978842951357365,0.6697884202003479
DB3,199,84,84.0,0.005803234409540892,0.5803234577178955
DB3,199,85,85.0,0.004758070223033428,0.4758070111274719
DB3,199,86,86.0,0.005773663055151701,0.577366292476654
DB3,199,87,87.0,0.00621509924530983,0.6215099096298218
DB3,199,88,88.0,0.005162882152944803,0.5162882208824158
DB3,199,89,89.0,0.0042009856551885605,0.42009857296943665
DB3,199,90,90.0,0.005616247188299894,0.5616247057914734
DB3,199,91,91.0,0.004561032168567181,0.45610320568084717
DB3,199,92,92.0,0.004005055874586105,0.40050560235977173
DB3,199,93,93.0,0.004972937982529402,0.4972938001155853
DB3,199,94,94.0,0.0025440792087465525,0.2544079124927521
DB3,199,95,95.0,0.004845269024372101,0.4845269024372101
DB3,199,96,96.0,0.003860532771795988,0.38605326414108276
DB3,199,97,97.0,0.0040280986577272415,0.40280985832214355
DB3,199,98,98.0,0.004102612845599651,0.41026127338409424
DB3,199,99,99.0,0.00384059501811862,0.38405948877334595
DB3,199,100,100.0,0.003221650142222643,0.32216501235961914
DB4,677,0,0.0,0.011209633201360703,1.1209633350372314
DB4,677,1,1.0,0.010754403658211231,1.0754404067993164
DB4,677,2,2.0,0.010787466540932655,1.0787466764450073
DB4,677,3,3.0,0.008911292999982834,0.8911293148994446
DB4,677,4,4.0,0.009047306142747402,0.9047306180000305
DB4,677,5,5.0,0.00943087600171566,0.9430875778198242
DB4,677,6,6.0,0.008165434002876282,0.8165434002876282
DB4,677,7,7.0,0.009415661916136742,0.9415661692619324
DB4,677,8,8.0,0.008413108065724373,0.8413107991218567
DB4,677,9,9.0,0.00870064739137888,0.8700647354125977
DB4,677,10,10.0,0.00644241226837039,0.644241213798523
DB4,677,11,11.0,0.008188657462596893,0.8188657760620117
DB4,677,12,12.0,0.007811876945197582,0.7811877131462097
DB4,677,13,13.0,0.009596629068255424,0.959662914276123
DB4,677,14,14.0,0.008701569400727749,0.8701569437980652
DB4,677,15,15.0,0.007787612732499838,0.7787612676620483
DB4,677,16,16.0,0.00782091822475195,0.7820917963981628
DB4,677,17,17.0,0.009422832168638706,0.9422832131385803
DB4,677,18,18.0,0.007864825427532196,0.786482572555542
DB4,677,19,19.0,0.007529823109507561,0.7529823184013367
DB4,677,20,20.0,0.008267647586762905,0.8267647624015808
DB4,677,21,21.0,0.009960075840353966,0.9960075616836548
DB4,677,22,22.0,0.0099193649366498,0.9919365048408508
DB4,677,23,23.0,0.009024467319250107,0.9024467468261719
DB4,677,24,24.0,0.01031415443867445,1.0314154624938965
DB4,677,25,25.0,0.00876311119645834,0.8763111233711243
DB4,677,26,26.0,0.011127517558634281,1.1127517223358154
DB4,677,27,27.0,0.009380322881042957,0.9380322694778442
DB4,677,28,28.0,0.009199834428727627,0.919983446598053
DB4,677,29,29.0,0.011062651872634888,1.1062651872634888
DB4,677,30,30.0,0.010689949616789818,1.0689949989318848
DB4,677,31,31.0,0.008964191190898418,0.896419107913971
DB4,677,32,32.0,0.010529438965022564,1.0529439449310303
DB4,677,33,33.0,0.011578857898712158,1.1578857898712158
DB4,677,34,34.0,0.01020119246095419,1.0201191902160645
DB4,677,35,35.0,0.011246180161833763,1.1246180534362793
DB4,677,36,36.0,0.009185518138110638,0.9185518026351929
DB4,677,37,37.0,0.012834824621677399,1.2834824323654175
DB4,677,38,38.0,0.013245728798210621,1.3245729207992554
DB4,677,39,39.0,0.013579240068793297,1.357923984527588
DB4,677,40,40.0,0.014458231627941132,1.4458231925964355
DB4,677,41,41.0,0.014668420888483524,1.4668420553207397
DB4,677,42,42.0,0.016224516555666924,1.622451663017273
DB4,677,43,43.0,0.015888044610619545,1.5888044834136963
DB4,677,44,44.0,0.013514089398086071,1.3514089584350586
DB4,677,45,45.0,0.014054408296942711,1.4054408073425293
DB4,677,46,46.0,0.01232361700385809,1.2323616743087769
DB4,677,47,47.0,0.01283337827771902,1.2833378314971924
DB4,677,48,48.0,0.011546152643859386,1.1546152830123901
DB4,677,49,49.0,0.010984092019498348,1.0984091758728027
DB4,677,50,50.0,0.008616035804152489,0.8616035580635071
DB4,677,51,51.0,0.008771255612373352,0.8771255612373352
DB4,677,52,52.0,0.0086746234446764,0.8674623370170593
DB4,677,53,53.0,0.006202430464327335,0.6202430725097656
DB4,677,54,54.0,0.006260871421545744,0.6260871291160583
DB4,677,55,55.0,0.004579436965286732,0.45794370770454407
DB4,677,56,56.0,0.005553604569286108,0.5553604364395142
DB4,677,57,57.0,0.0023251487873494625,0.2325148731470108
DB4,677,58,58.0,0.0027733633760362864,0.27733632922172546
DB4,677,59,59.0,0.001446232432499528,0.14462324976921082
DB4,677,60,60.0,0.003168799914419651,0.3168799877166748
DB4,677,61,61.0,0.0018943359609693289,0.18943358957767487
DB4,677,62,62.0,0.003375622909516096,0.33756229281425476
DB4,677,63,63.0,0.005413815379142761,0.5413815379142761
DB4,677,64,64.0,0.003800022415816784,0.3800022304058075
DB4,677,65,65.0,0.0038905853871256113,0.38905853033065796
DB4,677,66,66.0,0.006262827664613724,0.6262827515602112
DB4,677,67,67.0,0.006643757224082947,0.6643757224082947
DB4,677,68,68.0,0.007324127946048975,0.7324128150939941
DB4,677,69,69.0,0.006234424654394388,0.6234424710273743
DB4,677,70,70.0,0.00850603822618723,0.8506038188934326
DB4,677,71,71.0,0.009558968245983124,0.9558968544006348
DB4,677,72,72.0,0.012096232734620571,1.2096232175827026
DB4,677,73,73.0,0.009229859337210655,0.9229859113693237
DB4,677,74,74.0,0.010316755622625351,1.0316755771636963
DB4,677,75,75.0,0.012563010677695274,1.2563010454177856
DB4,677,76,76.0,0.011237277649343014,1.123727798461914
DB4,677,77,77.0,0.010260477662086487,1.026047706604004
DB4,677,78,78.0,0.011977302841842175,1.197730302810669
DB4,677,79,79.0,0.008539281785488129,0.8539282083511353
DB4,677,80,80.0,0.010986151173710823,1.0986151695251465
DB4,677,81,81.0,0.011362060904502869,1.1362061500549316
DB4,677,82,82.0,0.013184444978833199,1.3184444904327393
DB4,677,83,83.0,0.011485530994832516,1.1485531330108643
DB4,677,84,84.0,0.013074302114546299,1.3074302673339844
DB4,677,85,85.0,0.011873208917677402,1.1873209476470947
DB4,677,86,86.0,0.012481787241995335,1.2481787204742432
DB4,677,87,87.0,0.013283899053931236,1.3283898830413818
DB4,677,88,88.0,0.01570393331348896,1.5703933238983154
DB4,677,89,89.0,0.01627149060368538,1.6271491050720215
DB4,677,90,90.0,0.012958385981619358,1.2958385944366455
DB4,677,91,91.0,0.01301458477973938,1.301458477973938
DB4,677,92,92.0,0.014105414040386677,1.4105414152145386
DB4,677,93,93.0,0.013997511938214302,1.3997511863708496
DB4,677,94,94.0,0.013991226442158222,1.3991225957870483
DB4,677,95,95.0,0.013452133163809776,1.3452132940292358
DB4,677,96,96.0,0.012616824358701706,1.261682391166687
DB4,677,97,97.0,0.012661599554121494,1.266160011291504
DB4,677,98,98.0,0.013096848502755165,1.3096848726272583
DB4,677,99,99.0,0.011844644322991371,1.184464454650879
DB4,677,100,100.0,0.009485270828008652,0.9485270977020264
DB5,622,0,0.0,0.005257752258330584,0.5257752537727356
DB5,622,1,1.0,0.00696196872740984,0.6961968541145325
DB5,622,2,2.0,0.007028319872915745,0.7028319835662842
DB5,622,3,3.0,0.009151898324489594,0.9151898622512817
DB5,622,4,4.0,0.009327740408480167,0.9327740669250488
DB5,622,5,5.0,0.008981868624687195,0.8981868624687195
DB5,622,6,6.0,0.009073139168322086,0.9073139429092407
DB5,622,7,7.0,0.01028801966458559,1.0288019180297852
DB5,622,8,8.0,0.012047091498970985,1.2047091722488403
DB5,622,9,9.0,0.012292127124965191,1.229212760925293
DB5,622,10,10.0,0.010236138477921486,1.0236138105392456
DB5,622,11,11.0,0.010924686677753925,1.0924686193466187
DB5,622,12,12.0,0.011136229149997234,1.1136229038238525
DB5,622,13,13.0,0.010223320685327053,1.0223320722579956
DB5,622,14,14.0,0.010936500504612923,1.0936501026153564
DB5,622,15,15.0,0.01192823238670826,1.1928232908248901
DB5,622,16,16.0,0.011854439042508602,1.1854438781738281
DB5,622,17,17.0,0.011217629536986351,1.121762990951538
DB5,622,18,18.0,0.00953720323741436,0.9537203311920166
DB5,622,19,19.0,0.007965865544974804,0.7965865731239319
DB5,622,20,20.0,0.008081767708063126,0.8081767559051514
DB5,622,21,21.0,0.006613970268517733,0.6613970398902893
DB5,622,22,22.0,0.00923372246325016,0.9233722686767578
DB5,622,23,23.0,0.007521908264607191,0.7521908283233643
DB5,622,24,24.0,0.007166757248342037,0.7166756987571716
DB5,622,25,25.0,0.00880333874374628,0.8803339004516602
DB5,622,26,26.0,0.006944791879504919,0.6944791674613953
DB5,622,27,27.0,0.004403882194310427,0.4403882324695587
DB5,622,28,28.0,0.0056861587800085545,0.5686158537864685
DB5,622,29,29.0,0.005679682828485966,0.5679683089256287
DB5,622,30,30.0,0.00641404977068305,0.6414049863815308
DB5,622,31,31.0,0.007647871971130371,0.7647871971130371
DB5,622,32,32.0,0.005724416114389896,0.5724416375160217
DB5,622,33,33.0,0.005322616081684828,0.5322616100311279
DB5,622,34,34.0,0.0057931928895413876,0.5793192982673645
DB5,622,35,35.0,0.004166023340076208,0.41660234332084656
DB5,622,36,36.0,0.008863470517098904,0.8863470554351807
DB5,622,37,37.0,0.008050929754972458,0.805092990398407
DB5,622,38,38.0,0.008852999657392502,0.8852999806404114
DB5,622,39,39.0,0.007090340834110975,0.7090340852737427
DB5,622,40,40.0,0.010240189731121063,1.0240190029144287
DB5,622,41,41.0,0.008607156574726105,0.8607156276702881
DB5,622,42,42.0,0.008884388022124767,0.8884388208389282
DB5,622,43,43.0,0.01174777839332819,1.174777865409851
DB5,622,44,44.0,0.009791076183319092,0.9791076183319092
DB5,622,45,45.0,0.013355044648051262,1.335504412651062
DB5,622,46,46.0,0.013448524288833141,1.3448524475097656
DB5,622,47,47.0,0.012921693734824657,1.2921693325042725
DB5,622,48,48.0,0.014314709231257439,1.4314708709716797
DB5,622,49,49.0,0.013747800141572952,1.3747800588607788
DB5,622,50,50.0,0.014283586293458939,1.4283586740493774
DB5,622,51,51.0,0.01394897885620594,1.3948979377746582
DB5,622,52,52.0,0.015070715919137001,1.507071614265442
DB5,622,53,53.0,0.012257274240255356,1.2257274389266968
DB5,622,54,54.0,0.009361976757645607,0.9361976981163025
DB5,622,55,55.0,0.013783622533082962,1.3783622980117798
DB5,622,56,56.0,0.008845624513924122,0.8845624327659607
DB5,622,57,57.0,0.010537432506680489,1.0537432432174683
DB5,622,58,58.0,0.010185287334024906,1.018528699874878
DB5,622,59,59.0,0.011141392402350903,1.114139199256897
DB5,622,60,60.0,0.009910360909998417,0.9910361170768738
DB5,622,61,61.0,0.0107191801071167,1.07191801071167
DB5,622,62,62.0,0.010460990481078625,1.046099066734314
DB5,622,63,63.0,0.010129041969776154,1.012904167175293
DB5,622,64,64.0,0.012949072755873203,1.2949073314666748
DB5,622,65,65.0,0.010077211074531078,1.0077210664749146
DB5,622,66,66.0,0.00864357315003872,0.8643572926521301
DB5,622,67,67.0,0.010480863973498344,1.048086404800415
DB5,622,68,68.0,0.008309686556458473,0.8309686779975891
DB5,622,69,69.0,0.007554227020591497,0.7554227113723755
DB5,622,70,70.0,0.00862476322799921,0.8624763488769531
DB5,622,71,71.0,0.007531238254159689,0.7531238198280334
DB5,622,72,72.0,0.008672108873724937,0.867210865020752
DB5,622,73,73.0,0.007863909937441349,0.786391019821167
DB5,622,74,74.0,0.006419976241886616,0.6419976353645325
DB5,622,75,75.0,0.007617932744324207,0.7617932558059692
DB5,622,76,76.0,0.007683025673031807,0.7683025598526001
DB5,622,77,77.0,0.007411974482238293,0.7411974668502808
DB5,622,78,78.0,0.006417051889002323,0.6417052149772644
DB5,622,79,79.0,0.007427595090121031,0.7427595257759094
DB5,622,80,80.0,0.008952897973358631,0.8952897787094116
DB5,622,81,81.0,0.009465002454817295,0.9465002417564392
DB5,622,82,82.0,0.008460779674351215,0.8460779786109924
DB5,622,83,83.0,0.008676468394696712,0.8676468133926392
DB5,622,84,84.0,0.008215432986617088,0.821543276309967
DB5,622,85,85.0,0.01043569203466177,1.0435692071914673
DB5,622,86,86.0,0.008798174560070038,0.8798174858093262
DB5,622,87,87.0,0.009549896232783794,0.9549896121025085
DB5,622,88,88.0,0.009803887456655502,0.9803887605667114
DB5,622,89,89.0,0.010291668586432934,1.0291668176651
DB5,622,90,90.0,0.01214919425547123,1.2149194478988647
DB5,622,91,91.0,0.013069906271994114,1.306990623474121
DB5,622,92,92.0,0.012776276096701622,1.2776275873184204
DB5,622,93,93.0,0.013768811710178852,1.3768811225891113
DB5,622,94,94.0,0.016011178493499756,1.6011178493499756
DB5,622,95,95.0,0.014458010904490948,1.4458011388778687
DB5,622,96,96.0,0.015297562815248966,1.5297563076019287
DB5,622,97,97.0,0.014213986694812775,1.421398639678955
DB5,622,98,98.0,0.01662992127239704,1.6629921197891235
DB5,622,99,99.0,0.016197338700294495,1.6197338104248047
DB5,622,100,100.0,0.016967901960015297,1.6967902183532715
