DB,Participant,Trial,Leg_Used,sample_id,group_id,outer_fold,split
DB3,P17,DB3_P17_A_T14,L,0,DB3::P17,3,train
DB2,P07,DB2_P07_T07_250_relabeled,L,1,DB2::P07,5,train
DB4,P43,DB4_P43_T20_relabeled,R,2,DB4::P43,3,train
DB2,P07,DB2_P07_T01_65_relabeled,L,5,DB2::P07,5,train
DB1,P30,DB1_P30_C1_T04_relabeled,R,7,DB1::P30,5,train
DB1,P08,DB1_P08_C3_T04_relabeled,L,9,DB1::P08,2,train
DB3,P14,DB3_P14_A_T12_relabeled,L,13,DB3::P14,2,train
DB4,P44,DB4_P44_T12_relabeled,R,14,DB4::P44,3,train
DB2,P02,DB2_P02_T05_65_relabeled,L,15,DB2::P02,3,train
DB5,P16,DB5_P16_T04_l_comf_relabeled,L,16,DB5::P16,3,train
DB2,P12,DB2_P12_T02_-65_relabeled,L,17,DB2::P12,3,train
DB3,P07,DB3_P07_A_T06_relabeled,R,18,DB3::P07,1,train
DB1,P09,DB1_P09_C3_T04_relabeled,L,21,DB1::P09,3,train
DB3,P20,DB3_P20_A_T21,R,23,DB3::P20,1,train
DB2,P03,DB2_P03_T08_130_relabeled,L,24,DB2::P03,2,train
DB4,P08,DB4_P08_T08_relabeled,R,26,DB4::P08,3,train
DB2,P13,DB2_P13_T05_65_relabeled,L,27,DB2::P13,2,train
DB3,P14,DB3_P14_A_T23_relabeled,R,28,DB3::P14,2,train
DB2,P13,DB2_P13_T05_-130_relabeled,L,29,DB2::P13,2,train
DB4,P49,DB4_P49_T08_relabeled,R,30,DB4::P49,3,train
DB2,P02,DB2_P02_T02_130_relabeled,L,31,DB2::P02,3,train
DB5,P08,DB5_P08_T02_r_fast_relabeled,L,34,DB5::P08,3,train
DB2,P09,DB2_P09_T02_-65_relabeled,L,36,DB2::P09,5,train
DB1,P47,DB1_P47_C3_T05_relabeled,L,37,DB1::P47,2,train
DB4,P46,DB4_P46_T13_relabeled,R,39,DB4::P46,2,train
DB1,P13,DB1_P13_C2_T02_relabeled,L,40,DB1::P13,3,train
DB1,P08,DB1_P08_C2_T05_relabeled,L,41,DB1::P08,2,train
DB3,P10,DB3_P10_A_T08,L,42,DB3::P10,1,train
DB5,P21,DB5_P21_T09_l_comf_relabeled,L,44,DB5::P21,5,train
DB4,P29,DB4_P29_T09_relabeled,R,47,DB4::P29,5,train
DB1,P05,DB1_P05_C2_T01_relabeled,L,48,DB1::P05,5,train
DB3,P04,DB3_P04_A_T10_relabeled,R,50,DB3::P04,5,train
DB3,P04,DB3_P04_A_T05_relabeled,L,53,DB3::P04,5,train
DB5,P12,DB5_P12_T18_r_comf_relabeled,L,54,DB5::P12,2,train
DB5,P16,DB5_P16_T24_l_slow_relabeled,L,55,DB5::P16,3,train
DB3,P14,DB3_P14_A_T26_relabeled,R,57,DB3::P14,2,train
DB2,P02,DB2_P02_T03_250_relabeled,L,58,DB2::P02,3,train
DB1,P08,DB1_P08_C3_T01_relabeled,L,60,DB1::P08,2,train
DB4,P12,DB4_P12_T08_relabeled,L,62,DB4::P12,1,train
DB1,P13,DB1_P13_C2_T05_relabeled,L,65,DB1::P13,3,train
DB5,P05,DB5_P05_T36_r_slow_relabeled,L,66,DB5::P05,1,train
DB5,P29,DB5_P29_T19_r_comf_relabeled,L,67,DB5::P29,3,train
DB5,P05,DB5_P05_T17_r_comf_relabeled,L,68,DB5::P05,1,train
DB3,P14,DB3_P14_A_T25_relabeled,R,71,DB3::P14,2,train
DB2,P12,DB2_P12_T04_-130_relabeled,L,72,DB2::P12,3,train
DB5,P27,DB5_P27_T05_l_comf_relabeled,L,74,DB5::P27,5,train
DB1,P05,DB1_P05_C3_T02_relabeled,L,75,DB1::P05,5,train
DB4,P57,DB4_P57_T03_relabeled,R,77,DB4::P57,5,train
DB2,P12,DB2_P12_T01_65_relabeled,L,78,DB2::P12,3,train
DB2,P03,DB2_P03_T04_65_relabeled,L,79,DB2::P03,2,train
DB2,P09,DB2_P09_T05_130_relabeled,L,80,DB2::P09,5,train
DB5,P16,DB5_P16_T29_l_slow_relabeled,L,81,DB5::P16,3,train
DB1,P27,DB1_P27_C3_T01_relabeled,L,82,DB1::P27,1,train
DB1,P11,DB1_P11_C2_T02_relabeled,L,83,DB1::P11,2,train
DB4,P52,DB4_P52_T07_relabeled,R,84,DB4::P52,2,train
DB3,P07,DB3_P07_A_T08_relabeled,R,86,DB3::P07,1,train
DB5,P27,DB5_P27_T10_l_comf_relabeled,L,87,DB5::P27,5,train
DB4,P57,DB4_P57_T17_relabeled,R,88,DB4::P57,5,train
DB1,P06,DB1_P06_C2_T03_relabeled,L,92,DB1::P06,2,train
DB4,P12,DB4_P12_T10_relabeled,L,93,DB4::P12,1,train
DB4,P03,DB4_P03_T10_relabeled,R,95,DB4::P03,3,train
DB4,P08,DB4_P08_T11_relabeled,R,98,DB4::P08,3,train
DB4,P57,DB4_P57_T07_relabeled,R,99,DB4::P57,5,train
DB2,P13,DB2_P13_T02_250_relabeled,L,102,DB2::P13,2,train
DB2,P13,DB2_P13_T02_65_relabeled,L,103,DB2::P13,2,train
DB1,P24,DB1_P24_C2_T03_relabeled,R,104,DB1::P24,2,train
DB4,P05,DB4_P05_T11_relabeled,R,105,DB4::P05,3,train
DB2,P09,DB2_P09_T01_250_relabeled,L,106,DB2::P09,5,train
DB2,P03,DB2_P03_T03_250_relabeled,L,107,DB2::P03,2,train
DB1,P13,DB1_P13_C3_T03_relabeled,L,111,DB1::P13,3,train
DB5,P11,DB5_P11_T08_l_comf_relabeled,L,112,DB5::P11,3,train
DB5,P20,DB5_P20_T21_r_comf_relabeled,L,113,DB5::P20,5,train
DB2,P09,DB2_P09_T04_65_relabeled,L,114,DB2::P09,5,train
DB3,P02,DB3_P02_A_T12_relabeled,L,115,DB3::P02,5,train
DB1,P48,DB1_P48_C3_T03_relabeled,L,117,DB1::P48,5,train
DB4,P30,DB4_P30_T05_relabeled,R,120,DB4::P30,5,train
DB5,P20,DB5_P20_T35_r_slow_relabeled,L,121,DB5::P20,5,train
DB5,P20,DB5_P20_T30_l_slow_relabeled,L,122,DB5::P20,5,train
DB2,P07,DB2_P07_T01_-65_relabeled,L,123,DB2::P07,5,train
DB5,P27,DB5_P27_T12_r_comf_relabeled,L,124,DB5::P27,5,train
DB1,P04,DB1_P04_C3_T02_relabeled,L,128,DB1::P04,3,train
DB4,P16,DB4_P16_T12_relabeled,R,129,DB4::P16,2,train
DB1,P47,DB1_P47_C2_T02_relabeled,L,132,DB1::P47,2,train
DB2,P09,DB2_P09_T02_250_relabeled,L,134,DB2::P09,5,train
DB1,P11,DB1_P11_C2_T01_relabeled,L,135,DB1::P11,2,train
DB5,P27,DB5_P27_T08_l_comf_relabeled,L,136,DB5::P27,5,train
DB3,P07,DB3_P07_A_T09_relabeled,L,137,DB3::P07,1,train
DB4,P22,DB4_P22_T06_relabeled,L,139,DB4::P22,1,train
DB1,P05,DB1_P05_C3_T03_relabeled,L,140,DB1::P05,5,train
DB5,P05,DB5_P05_T06_l_comf_relabeled,L,141,DB5::P05,1,train
DB2,P03,DB2_P03_T02_250_relabeled,L,142,DB2::P03,2,train
DB4,P56,DB4_P56_T06_relabeled,R,143,DB4::P56,2,train
DB4,P46,DB4_P46_T08_relabeled,R,144,DB4::P46,2,train
DB5,P20,DB5_P20_T20_r_comf_relabeled,L,148,DB5::P20,5,train
DB3,P15,DB3_P15_A_T04_relabeled,L,149,DB3::P15,2,train
DB2,P12,DB2_P12_T04_65_relabeled,L,151,DB2::P12,3,train
DB2,P12,DB2_P12_T02_-130_relabeled,L,152,DB2::P12,3,train
DB2,P09,DB2_P09_T03_-65_relabeled,L,153,DB2::P09,5,train
DB1,P10,DB1_P10_C2_T01_relabeled,L,154,DB1::P10,5,train
DB4,P27,DB4_P27_T02_relabeled,R,155,DB4::P27,5,train
DB1,P48,DB1_P48_C1_T02_relabeled,L,156,DB1::P48,5,train
DB2,P03,DB2_P03_T05_-65_relabeled,L,161,DB2::P03,2,train
DB3,P04,DB3_P04_A_T07_relabeled,L,164,DB3::P04,5,train
DB5,P16,DB5_P16_T05_l_comf_relabeled,L,166,DB5::P16,3,train
DB2,P02,DB2_P02_T01_130_relabeled,L,167,DB2::P02,3,train
DB5,P12,DB5_P12_T26_l_slow_relabeled,L,170,DB5::P12,2,train
DB4,P46,DB4_P46_T10_relabeled,R,171,DB4::P46,2,train
DB2,P07,DB2_P07_T05_-130_relabeled,L,172,DB2::P07,5,train
DB5,P12,DB5_P12_T06_l_comf_relabeled,L,174,DB5::P12,2,train
DB3,P07,DB3_P07_A_T01_relabeled,L,175,DB3::P07,1,train
DB5,P20,DB5_P20_T13_r_comf_relabeled,L,176,DB5::P20,5,train
DB5,P12,DB5_P12_T15_r_comf_relabeled,L,177,DB5::P12,2,train
DB1,P30,DB1_P30_C2_T03_relabeled,L,179,DB1::P30,5,train
DB4,P56,DB4_P56_T13_relabeled,R,180,DB4::P56,2,train
DB4,P08,DB4_P08_T13_relabeled,R,181,DB4::P08,3,train
DB3,P03,DB3_P03_A_T07_relabeled,R,182,DB3::P03,2,train
DB3,P07,DB3_P07_A_T11_relabeled,L,183,DB3::P07,1,train
DB4,P22,DB4_P22_T23_relabeled,R,185,DB4::P22,1,train
DB1,P47,DB1_P47_C2_T01_relabeled,L,187,DB1::P47,2,train
DB4,P24,DB4_P24_T15_relabeled,R,190,DB4::P24,3,train
DB1,P41,DB1_P41_C3_T02_relabeled,L,191,DB1::P41,3,train
DB5,P08,DB5_P08_T01_r_comf_relabeled,L,196,DB5::P08,3,train
DB4,P05,DB4_P05_T09_relabeled,R,197,DB4::P05,3,train
DB4,P11,DB4_P11_T18_relabeled,L,198,DB4::P11,1,train
DB2,P12,DB2_P12_T04_130_relabeled,L,200,DB2::P12,3,train
DB1,P08,DB1_P08_C2_T04_relabeled,L,202,DB1::P08,2,train
DB4,P56,DB4_P56_T09_relabeled,R,204,DB4::P56,2,train
DB2,P12,DB2_P12_T05_250_relabeled,L,206,DB2::P12,3,train
DB3,P18,DB3_P18_A_T03,L,207,DB3::P18,1,train
DB4,P25,DB4_P25_T19_relabeled,R,209,DB4::P25,5,train
DB3,P14,DB3_P14_A_T27_relabeled,L,210,DB3::P14,2,train
DB3,P03,DB3_P03_A_T05_relabeled,L,211,DB3::P03,2,train
DB4,P25,DB4_P25_T14_relabeled,R,212,DB4::P25,5,train
DB2,P13,DB2_P13_T04_p_relabeled,L,217,DB2::P13,2,train
DB3,P20,DB3_P20_A_T13,L,218,DB3::P20,1,train
DB4,P24,DB4_P24_T23_relabeled,R,223,DB4::P24,3,train
DB1,P04,DB1_P04_C3_T04_relabeled,L,224,DB1::P04,3,train
DB1,P44,DB1_P44_C2_T02_relabeled,L,225,DB1::P44,1,train
DB3,P07,DB3_P07_A_T03_relabeled,L,228,DB3::P07,1,train
DB3,P15,DB3_P15_A_T03_relabeled,L,229,DB3::P15,2,train
DB1,P45,DB1_P45_C1_T02_relabeled,L,232,DB1::P45,3,train
DB1,P15,DB1_P15_C2_T05_relabeled,L,235,DB1::P15,5,train
DB4,P05,DB4_P05_T04_relabeled,R,237,DB4::P05,3,train
DB2,P13,DB2_P13_T03_130_relabeled,L,238,DB2::P13,2,train
DB4,P56,DB4_P56_T02_relabeled,R,239,DB4::P56,2,train
DB5,P05,DB5_P05_T42_r_slow_relabeled,L,240,DB5::P05,1,train
DB1,P48,DB1_P48_C2_T04_relabeled,L,242,DB1::P48,5,train
DB2,P03,DB2_P03_T04_-65_relabeled,L,244,DB2::P03,2,train
DB1,P09,DB1_P09_C3_T05_relabeled,L,245,DB1::P09,3,train
DB4,P01,DB4_P01_T12_relabeled,R,246,DB4::P01,2,train
DB2,P09,DB2_P09_T03_-130_relabeled,L,250,DB2::P09,5,train
DB4,P20,DB4_P20_T05_relabeled,R,253,DB4::P20,5,train
DB5,P05,DB5_P05_T16_r_comf_relabeled,L,255,DB5::P05,1,train
DB1,P05,DB1_P05_C2_T05_relabeled,L,256,DB1::P05,5,train
DB2,P13,DB2_P13_T02_p_relabeled,L,257,DB2::P13,2,train
DB2,P13,DB2_P13_T05_250_relabeled,L,258,DB2::P13,2,train
DB3,P03,DB3_P03_A_T12_relabeled,L,260,DB3::P03,2,train
DB1,P15,DB1_P15_C3_T01_relabeled,L,261,DB1::P15,5,train
DB4,P20,DB4_P20_T24_relabeled,R,262,DB4::P20,5,train
DB4,P16,DB4_P16_T18_relabeled,R,263,DB4::P16,2,train
DB5,P12,DB5_P12_T30_l_slow_relabeled,L,264,DB5::P12,2,train
DB1,P48,DB1_P48_C3_T01_relabeled,L,267,DB1::P48,5,train
DB4,P57,DB4_P57_T18_relabeled,R,268,DB4::P57,5,train
DB3,P02,DB3_P02_A_T05_relabeled,R,270,DB3::P02,5,train
DB2,P09,DB2_P09_T05_-130_relabeled,L,271,DB2::P09,5,train
DB5,P12,DB5_P12_T34_r_slow_relabeled,L,272,DB5::P12,2,train
DB1,P04,DB1_P04_C2_T01_relabeled,L,273,DB1::P04,3,train
DB3,P07,DB3_P07_A_T07_relabeled,L,274,DB3::P07,1,train
DB3,P15,DB3_P15_A_T02_relabeled,L,276,DB3::P15,2,train
DB3,P02,DB3_P02_A_T01_relabeled,R,278,DB3::P02,5,train
DB5,P27,DB5_P27_T19_r_comf_relabeled,L,279,DB5::P27,5,train
DB3,P04,DB3_P04_A_T12_relabeled,R,281,DB3::P04,5,train
DB4,P05,DB4_P05_T20_relabeled,R,282,DB4::P05,3,train
DB4,P34,DB4_P34_T17_relabeled,R,283,DB4::P34,3,train
DB5,P12,DB5_P12_T38_r_slow_relabeled,L,284,DB5::P12,2,train
DB4,P44,DB4_P44_T06_relabeled,R,286,DB4::P44,3,train
DB2,P02,DB2_P02_T04_250_relabeled,L,287,DB2::P02,3,train
DB1,P18,DB1_P18_C2_T02_relabeled,L,288,DB1::P18,3,train
DB1,P08,DB1_P08_C3_T03_relabeled,L,289,DB1::P08,2,train
DB3,P18,DB3_P18_A_T08,R,290,DB3::P18,1,train
DB2,P02,DB2_P02_T05_130_relabeled,L,291,DB2::P02,3,train
DB3,P17,DB3_P17_A_T02,R,293,DB3::P17,3,train
DB2,P02,DB2_P02_T03_p_relabeled,L,295,DB2::P02,3,train
DB2,P02,DB2_P02_T04_65_relabeled,L,296,DB2::P02,3,train
DB4,P14,DB4_P14_T11_relabeled,R,297,DB4::P14,3,train
DB2,P09,DB2_P09_T02_-130_relabeled,L,298,DB2::P09,5,train
DB5,P15,DB5_P15_T36_r_slow_relabeled,L,302,DB5::P15,1,train
DB3,P20,DB3_P20_A_T26,R,303,DB3::P20,1,train
DB4,P22,DB4_P22_T02_relabeled,R,306,DB4::P22,1,train
DB5,P16,DB5_P16_T27_l_slow_relabeled,L,307,DB5::P16,3,train
DB1,P05,DB1_P05_C2_T03_relabeled,L,308,DB1::P05,5,train
DB4,P07,DB4_P07_T04_relabeled,R,310,DB4::P07,2,train
DB1,P13,DB1_P13_C2_T03_relabeled,L,312,DB1::P13,3,train
DB5,P27,DB5_P27_T33_r_slow_relabeled,L,313,DB5::P27,5,train
DB3,P03,DB3_P03_A_T15_relabeled,L,314,DB3::P03,2,train
DB3,P04,DB3_P04_A_T09_relabeled,L,315,DB3::P04,5,train
DB1,P10,DB1_P10_C2_T04_relabeled,L,316,DB1::P10,5,train
DB1,P09,DB1_P09_C2_T05_relabeled,L,317,DB1::P09,3,train
DB1,P09,DB1_P09_C3_T01_relabeled,L,319,DB1::P09,3,train
DB3,P07,DB3_P07_A_T05_relabeled,L,320,DB3::P07,1,train
DB1,P27,DB1_P27_C3_T02_relabeled,L,321,DB1::P27,1,train
DB4,P30,DB4_P30_T14_relabeled,R,325,DB4::P30,5,train
DB1,P12,DB1_P12_C2_T04_relabeled,L,327,DB1::P12,2,train
DB1,P48,DB1_P48_C3_T02_relabeled,L,328,DB1::P48,5,train
DB5,P21,DB5_P21_T32_r_slow_relabeled,L,329,DB5::P21,5,train
DB1,P06,DB1_P06_C2_T01_relabeled,L,331,DB1::P06,2,train
DB5,P27,DB5_P27_T24_l_slow_relabeled,L,334,DB5::P27,5,train
DB4,P25,DB4_P25_T05_relabeled,L,335,DB4::P25,5,train
DB3,P15,DB3_P15_A_T06_relabeled,L,337,DB3::P15,2,train
DB4,P03,DB4_P03_T05_relabeled,R,340,DB4::P03,3,train
DB2,P13,DB2_P13_T03_65_relabeled,L,341,DB2::P13,2,train
DB5,P21,DB5_P21_T07_l_comf_relabeled,L,343,DB5::P21,5,train
DB2,P09,DB2_P09_T04_250_relabeled,L,345,DB2::P09,5,train
DB3,P17,DB3_P17_A_T09,L,346,DB3::P17,3,train
DB2,P07,DB2_P07_T05_65_relabeled,L,347,DB2::P07,5,train
DB1,P19,DB1_P19_C2_T03_relabeled,L,349,DB1::P19,2,train
DB1,P06,DB1_P06_C3_T01_relabeled,R,350,DB1::P06,2,train
DB3,P10,DB3_P10_A_T09,R,351,DB3::P10,1,train
DB4,P51,DB4_P51_T17_relabeled,R,353,DB4::P51,2,train
DB2,P13,DB2_P13_T03_-130_relabeled,L,356,DB2::P13,2,train
DB5,P12,DB5_P12_T04_l_comf_relabeled,L,357,DB5::P12,2,train
DB3,P07,DB3_P07_A_T04_relabeled,R,359,DB3::P07,1,train
DB5,P21,DB5_P21_T19_r_comf_relabeled,L,361,DB5::P21,5,train
DB1,P12,DB1_P12_C2_T03_relabeled,L,362,DB1::P12,2,train
DB2,P12,DB2_P12_T04_250_relabeled,L,363,DB2::P12,3,train
DB1,P06,DB1_P06_C3_T05_relabeled,L,364,DB1::P06,2,train
DB5,P16,DB5_P16_T07_l_comf_relabeled,L,367,DB5::P16,3,train
DB5,P16,DB5_P16_T40_r_slow_relabeled,L,369,DB5::P16,3,train
DB5,P27,DB5_P27_T02_l_comf_relabeled,L,372,DB5::P27,5,train
DB2,P09,DB2_P09_T05_250_relabeled,L,373,DB2::P09,5,train
DB2,P07,DB2_P07_T04_130_relabeled,L,374,DB2::P07,5,train
DB1,P30,DB1_P30_C2_T02_relabeled,L,375,DB1::P30,5,train
DB3,P06,DB3_P06_A_T14_relabeled,L,377,DB3::P06,5,train
DB3,P17,DB3_P17_A_T03,R,382,DB3::P17,3,train
DB1,P47,DB1_P47_C3_T03_relabeled,L,383,DB1::P47,2,train
DB1,P09,DB1_P09_C2_T03_relabeled,L,384,DB1::P09,3,train
DB3,P18,DB3_P18_A_T09,R,385,DB3::P18,1,train
DB2,P09,DB2_P09_T03_130_relabeled,L,387,DB2::P09,5,train
DB4,P56,DB4_P56_T14_relabeled,R,389,DB4::P56,2,train
DB2,P02,DB2_P02_T02_250_relabeled,L,390,DB2::P02,3,train
DB2,P12,DB2_P12_T02_250_relabeled,L,391,DB2::P12,3,train
DB4,P56,DB4_P56_T21_relabeled,R,392,DB4::P56,2,train
DB4,P30,DB4_P30_T13_relabeled,R,393,DB4::P30,5,train
DB2,P07,DB2_P07_T02_65_relabeled,L,394,DB2::P07,5,train
DB1,P19,DB1_P19_C2_T04_relabeled,R,395,DB1::P19,2,train
DB1,P15,DB1_P15_C2_T02_relabeled,L,397,DB1::P15,5,train
DB5,P15,DB5_P15_T11_l_comf_relabeled,L,399,DB5::P15,1,train
DB2,P09,DB2_P09_T04_130_relabeled,L,400,DB2::P09,5,train
DB2,P02,DB2_P02_T03_65_relabeled,L,401,DB2::P02,3,train
DB1,P44,DB1_P44_C3_T01_relabeled,L,402,DB1::P44,1,train
DB4,P05,DB4_P05_T16_relabeled,R,404,DB4::P05,3,train
DB3,P18,DB3_P18_A_T01,L,406,DB3::P18,1,train
DB3,P14,DB3_P14_A_T17_relabeled,L,407,DB3::P14,2,train
DB5,P11,DB5_P11_T39_r_slow_relabeled,L,408,DB5::P11,3,train
DB4,P12,DB4_P12_T02_relabeled,R,410,DB4::P12,1,train
DB1,P09,DB1_P09_C2_T01_relabeled,L,411,DB1::P09,3,train
DB2,P09,DB2_P09_T01_130_relabeled,L,412,DB2::P09,5,train
DB4,P29,DB4_P29_T07_relabeled,R,413,DB4::P29,5,train
DB4,P56,DB4_P56_T10_relabeled,R,414,DB4::P56,2,train
DB3,P17,DB3_P17_A_T10,L,415,DB3::P17,3,train
DB2,P07,DB2_P07_T04_p_relabeled,L,416,DB2::P07,5,train
DB2,P03,DB2_P03_T01_-130_relabeled,L,417,DB2::P03,2,train
DB1,P19,DB1_P19_C3_T02_relabeled,L,419,DB1::P19,2,train
DB4,P25,DB4_P25_T11_relabeled,L,420,DB4::P25,5,train
DB4,P57,DB4_P57_T09_relabeled,R,423,DB4::P57,5,train
DB2,P02,DB2_P02_T03_-130_relabeled,L,425,DB2::P02,3,train
DB4,P24,DB4_P24_T05_relabeled,R,426,DB4::P24,3,train
DB2,P07,DB2_P07_T03_-130_relabeled,L,427,DB2::P07,5,train
DB3,P04,DB3_P04_A_T14_relabeled,L,428,DB3::P04,5,train
DB2,P03,DB2_P03_T03_-130_relabeled,L,429,DB2::P03,2,train
DB3,P10,DB3_P10_A_T04,L,430,DB3::P10,1,train
DB1,P13,DB1_P13_C2_T04_relabeled,L,431,DB1::P13,3,train
DB3,P15,DB3_P15_A_T09_relabeled,R,432,DB3::P15,2,train
DB3,P17,DB3_P17_A_T06,R,433,DB3::P17,3,train
DB4,P01,DB4_P01_T22_relabeled,R,434,DB4::P01,2,train
DB2,P12,DB2_P12_T02_130_relabeled,L,435,DB2::P12,3,train
DB5,P08,DB5_P08_T03_r_fast_relabeled,L,437,DB5::P08,3,train
DB5,P20,DB5_P20_T19_r_comf_relabeled,L,438,DB5::P20,5,train
DB4,P20,DB4_P20_T21_relabeled,L,441,DB4::P20,5,train
DB5,P29,DB5_P29_T09_l_comf_relabeled,L,442,DB5::P29,3,train
DB1,P13,DB1_P13_C2_T01_relabeled,L,443,DB1::P13,3,train
DB4,P46,DB4_P46_T11_relabeled,R,445,DB4::P46,2,train
DB4,P44,DB4_P44_T02_relabeled,R,447,DB4::P44,3,train
DB4,P03,DB4_P03_T22_relabeled,R,448,DB4::P03,3,train
DB2,P13,DB2_P13_T04_-65_relabeled,L,449,DB2::P13,2,train
DB1,P06,DB1_P06_C2_T02_relabeled,L,452,DB1::P06,2,train
DB5,P05,DB5_P05_T29_l_slow_relabeled,L,453,DB5::P05,1,train
DB1,P08,DB1_P08_C2_T03_relabeled,L,454,DB1::P08,2,train
DB1,P19,DB1_P19_C3_T03_relabeled,L,455,DB1::P19,2,train
DB4,P57,DB4_P57_T13_relabeled,R,456,DB4::P57,5,train
DB2,P02,DB2_P02_T01_65_relabeled,L,458,DB2::P02,3,train
DB4,P52,DB4_P52_T20_relabeled,R,461,DB4::P52,2,train
DB3,P18,DB3_P18_A_T13,L,462,DB3::P18,1,train
DB5,P11,DB5_P11_T17_r_comf_relabeled,L,463,DB5::P11,3,train
DB4,P56,DB4_P56_T08_relabeled,R,464,DB4::P56,2,train
DB1,P12,DB1_P12_C2_T01_relabeled,L,468,DB1::P12,2,train
DB3,P20,DB3_P20_A_T08,L,469,DB3::P20,1,train
DB4,P29,DB4_P29_T20_relabeled,R,470,DB4::P29,5,train
DB3,P04,DB3_P04_A_T08_relabeled,R,472,DB3::P04,5,train
DB2,P03,DB2_P03_T01_65_relabeled,L,473,DB2::P03,2,train
DB2,P03,DB2_P03_T03_65_relabeled,L,474,DB2::P03,2,train
DB1,P27,DB1_P27_C1_T03_relabeled,L,475,DB1::P27,1,train
DB5,P20,DB5_P20_T32_l_slow_relabeled,L,477,DB5::P20,5,train
DB2,P03,DB2_P03_T01_250_relabeled,L,478,DB2::P03,2,train
DB5,P15,DB5_P15_T29_l_slow_relabeled,L,480,DB5::P15,1,train
DB1,P41,DB1_P41_C3_T03_relabeled,L,481,DB1::P41,3,train
DB3,P06,DB3_P06_A_T08_relabeled,R,482,DB3::P06,5,train
DB3,P11,DB3_P11_A_T05,R,483,DB3::P11,2,train
DB2,P13,DB2_P13_T01_65_relabeled,L,484,DB2::P13,2,train
DB3,P06,DB3_P06_A_T13_relabeled,L,485,DB3::P06,5,train
DB2,P07,DB2_P07_T02_p_relabeled,L,488,DB2::P07,5,train
DB4,P05,DB4_P05_T02_relabeled,R,489,DB4::P05,3,train
DB1,P42,DB1_P42_C3_T01_relabeled,L,490,DB1::P42,5,train
DB2,P12,DB2_P12_T04_-65_relabeled,L,491,DB2::P12,3,train
DB5,P15,DB5_P15_T27_l_slow_relabeled,L,494,DB5::P15,1,train
DB3,P17,DB3_P17_A_T08,L,495,DB3::P17,3,train
DB5,P27,DB5_P27_T34_r_slow_relabeled,L,499,DB5::P27,5,train
DB1,P30,DB1_P30_C3_T02_relabeled,L,501,DB1::P30,5,train
DB4,P43,DB4_P43_T04_relabeled,R,504,DB4::P43,3,train
DB3,P18,DB3_P18_A_T11,R,505,DB3::P18,1,train
DB3,P20,DB3_P20_A_T11,L,506,DB3::P20,1,train
DB2,P03,DB2_P03_T08_p_relabeled,L,507,DB2::P03,2,train
DB4,P43,DB4_P43_T12_relabeled,R,509,DB4::P43,3,train
DB1,P27,DB1_P27_C2_T01_relabeled,L,513,DB1::P27,1,train
DB1,P27,DB1_P27_C3_T04_relabeled,L,514,DB1::P27,1,train
DB2,P03,DB2_P03_T02_-130_relabeled,L,516,DB2::P03,2,train
DB5,P21,DB5_P21_T12_r_comf_relabeled,L,517,DB5::P21,5,train
DB5,P16,DB5_P16_T01_l_comf_relabeled,L,518,DB5::P16,3,train
DB2,P03,DB2_P03_T05_65_relabeled,L,522,DB2::P03,2,train
DB2,P02,DB2_P02_T04_130_relabeled,L,523,DB2::P02,3,train
DB5,P15,DB5_P15_T28_l_slow_relabeled,L,525,DB5::P15,1,train
DB5,P15,DB5_P15_T15_r_comf_relabeled,L,526,DB5::P15,1,train
DB4,P22,DB4_P22_T03_relabeled,R,529,DB4::P22,1,train
DB5,P27,DB5_P27_T36_r_slow_relabeled,L,530,DB5::P27,5,train
DB5,P21,DB5_P21_T33_r_slow_relabeled,L,532,DB5::P21,5,train
DB2,P12,DB2_P12_T01_250_relabeled,L,535,DB2::P12,3,train
DB1,P06,DB1_P06_C1_T01_relabeled,L,536,DB1::P06,2,train
DB4,P07,DB4_P07_T18_relabeled,R,537,DB4::P07,2,train
DB5,P03,DB5_P03_T19_r_comf_relabeled,L,539,DB5::P03,1,train
DB4,P05,DB4_P05_T21_relabeled,R,541,DB4::P05,3,train
DB3,P06,DB3_P06_A_T06_relabeled,R,542,DB3::P06,5,train
DB5,P11,DB5_P11_T09_l_comf_relabeled,L,544,DB5::P11,3,train
DB1,P18,DB1_P18_C2_T03_relabeled,L,546,DB1::P18,3,train
DB5,P12,DB5_P12_T23_l_slow_relabeled,L,547,DB5::P12,2,train
DB3,P10,DB3_P10_A_T16,R,548,DB3::P10,1,train
DB3,P15,DB3_P15_A_T08_relabeled,R,549,DB3::P15,2,train
DB3,P10,DB3_P10_A_T07,L,554,DB3::P10,1,train
DB2,P02,DB2_P02_T02_p_relabeled,L,558,DB2::P02,3,train
DB5,P11,DB5_P11_T42_r_slow_relabeled,L,559,DB5::P11,3,train
DB5,P16,DB5_P16_T36_r_slow_relabeled,L,560,DB5::P16,3,train
DB3,P11,DB3_P11_A_T10,L,561,DB3::P11,2,train
DB5,P15,DB5_P15_T01_l_comf_relabeled,L,563,DB5::P15,1,train
DB5,P27,DB5_P27_T17_r_comf_relabeled,L,564,DB5::P27,5,train
DB1,P10,DB1_P10_C2_T02_relabeled,L,567,DB1::P10,5,train
DB4,P03,DB4_P03_T11_relabeled,R,568,DB4::P03,3,train
DB4,P42,DB4_P42_T18_relabeled,R,570,DB4::P42,5,train
DB1,P18,DB1_P18_C2_T01_relabeled,L,571,DB1::P18,3,train
DB2,P07,DB2_P07_T03_65_relabeled,L,572,DB2::P07,5,train
DB4,P24,DB4_P24_T07_relabeled,R,573,DB4::P24,3,train
DB1,P44,DB1_P44_C3_T02_relabeled,L,574,DB1::P44,1,train
DB1,P27,DB1_P27_C2_T05_relabeled,L,577,DB1::P27,1,train
DB1,P03,DB1_P03_C3_T01_relabeled,L,578,DB1::P03,5,train
DB5,P03,DB5_P03_T14_r_comf_relabeled,L,581,DB5::P03,1,train
DB4,P14,DB4_P14_T19_relabeled,R,584,DB4::P14,3,train
DB5,P11,DB5_P11_T32_l_slow_relabeled,L,586,DB5::P11,3,train
DB2,P02,DB2_P02_T04_p_relabeled,L,589,DB2::P02,3,train
DB2,P03,DB2_P03_T09_p_relabeled,L,590,DB2::P03,2,train
DB4,P11,DB4_P11_T09_relabeled,L,591,DB4::P11,1,train
DB4,P20,DB4_P20_T06_relabeled,R,592,DB4::P20,5,train
DB4,P11,DB4_P11_T02_relabeled,R,593,DB4::P11,1,train
DB4,P20,DB4_P20_T15_relabeled,R,594,DB4::P20,5,train
DB2,P07,DB2_P07_T04_250_relabeled,L,595,DB2::P07,5,train
DB2,P02,DB2_P02_T03_130_relabeled,L,596,DB2::P02,3,train
DB3,P14,DB3_P14_A_T18_relabeled,R,597,DB3::P14,2,train
DB1,P11,DB1_P11_C2_T05_relabeled,L,604,DB1::P11,2,train
DB4,P20,DB4_P20_T17_relabeled,L,605,DB4::P20,5,train
DB3,P18,DB3_P18_A_T10,R,608,DB3::P18,1,train
DB3,P11,DB3_P11_A_T11,R,609,DB3::P11,2,train
DB2,P09,DB2_P09_T02_65_relabeled,L,611,DB2::P09,5,train
DB1,P48,DB1_P48_C1_T03_relabeled,L,612,DB1::P48,5,train
DB1,P09,DB1_P09_C3_T03_relabeled,L,615,DB1::P09,3,train
DB5,P16,DB5_P16_T39_r_slow_relabeled,L,616,DB5::P16,3,train
DB3,P02,DB3_P02_A_T06_relabeled,L,621,DB3::P02,5,train
DB1,P48,DB1_P48_C2_T05_relabeled,L,622,DB1::P48,5,train
DB2,P12,DB2_P12_T05_-130_relabeled,L,623,DB2::P12,3,train
DB3,P15,DB3_P15_A_T05_relabeled,L,625,DB3::P15,2,train
DB3,P10,DB3_P10_A_T13,R,627,DB3::P10,1,train
DB5,P15,DB5_P15_T25_l_slow_relabeled,L,628,DB5::P15,1,train
DB1,P12,DB1_P12_C2_T02_relabeled,L,629,DB1::P12,2,train
DB4,P25,DB4_P25_T07_relabeled,L,631,DB4::P25,5,train
DB5,P12,DB5_P12_T17_r_comf_relabeled,L,632,DB5::P12,2,train
DB5,P24,DB5_P24_T17_r_comf_relabeled,R,633,DB5::P24,5,train
DB5,P16,DB5_P16_T28_l_slow_relabeled,L,635,DB5::P16,3,train
DB4,P22,DB4_P22_T13_relabeled,R,638,DB4::P22,1,train
DB5,P08,DB5_P08_T04_r_fast_relabeled,L,639,DB5::P08,3,train
DB5,P21,DB5_P21_T36_r_slow_relabeled,L,642,DB5::P21,5,train
DB4,P05,DB4_P05_T13_relabeled,R,643,DB4::P05,3,train
DB5,P11,DB5_P11_T29_l_slow_relabeled,L,645,DB5::P11,3,train
DB3,P02,DB3_P02_A_T03_relabeled,R,646,DB3::P02,5,train
DB2,P13,DB2_P13_T03_250_relabeled,L,649,DB2::P13,2,train
DB5,P16,DB5_P16_T38_r_slow_relabeled,L,650,DB5::P16,3,train
DB3,P07,DB3_P07_A_T12_relabeled,R,652,DB3::P07,1,train
DB2,P07,DB2_P07_T02_-65_relabeled,L,653,DB2::P07,5,train
DB4,P16,DB4_P16_T17_relabeled,R,654,DB4::P16,2,train
DB2,P07,DB2_P07_T06_-65_relabeled,L,655,DB2::P07,5,train
DB3,P02,DB3_P02_A_T11_relabeled,R,659,DB3::P02,5,train
DB2,P13,DB2_P13_T03_p_relabeled,L,660,DB2::P13,2,train
DB4,P43,DB4_P43_T14_relabeled,R,661,DB4::P43,3,train
DB3,P03,DB3_P03_A_T01_relabeled,L,665,DB3::P03,2,train
DB5,P29,DB5_P29_T18_r_comf_relabeled,L,668,DB5::P29,3,train
DB3,P14,DB3_P14_A_T24_relabeled,L,669,DB3::P14,2,train
DB3,P18,DB3_P18_A_T07,R,670,DB3::P18,1,train
DB3,P20,DB3_P20_A_T15,R,671,DB3::P20,1,train
DB4,P27,DB4_P27_T17_relabeled,L,676,DB4::P27,5,train
DB5,P27,DB5_P27_T21_l_slow_relabeled,L,677,DB5::P27,5,train
DB5,P16,DB5_P16_T09_l_comf_relabeled,L,679,DB5::P16,3,train
DB5,P21,DB5_P21_T03_l_comf_relabeled,L,681,DB5::P21,5,train
DB1,P19,DB1_P19_C2_T02_relabeled,L,683,DB1::P19,2,train
DB1,P19,DB1_P19_C2_T05_relabeled,L,685,DB1::P19,2,train
DB4,P05,DB4_P05_T03_relabeled,R,686,DB4::P05,3,train
DB1,P44,DB1_P44_C2_T04_relabeled,L,687,DB1::P44,1,train
DB2,P12,DB2_P12_T07_-130_relabeled,L,689,DB2::P12,3,train
DB5,P05,DB5_P05_T26_l_slow_relabeled,L,692,DB5::P05,1,train
DB1,P15,DB1_P15_C3_T02_relabeled,L,694,DB1::P15,5,train
DB2,P09,DB2_P09_T06_p_relabeled,L,696,DB2::P09,5,train
DB5,P02,DB5_P02_T18_r_comf_relabeled,R,698,DB5::P02,5,train
DB3,P15,DB3_P15_A_T11_relabeled,R,699,DB3::P15,2,train
DB3,P10,DB3_P10_A_T06,L,703,DB3::P10,1,train
DB3,P17,DB3_P17_A_T11,L,704,DB3::P17,3,train
DB4,P49,DB4_P49_T15_relabeled,R,708,DB4::P49,3,train
DB5,P24,DB5_P24_T13_r_comf_relabeled,R,709,DB5::P24,5,train
DB4,P12,DB4_P12_T13_relabeled,R,710,DB4::P12,1,train
DB4,P42,DB4_P42_T12_relabeled,R,711,DB4::P42,5,train
DB3,P14,DB3_P14_A_T22_relabeled,L,715,DB3::P14,2,train
DB3,P06,DB3_P06_A_T12_relabeled,L,716,DB3::P06,5,train
DB1,P08,DB1_P08_C2_T01_relabeled,L,717,DB1::P08,2,train
DB1,P48,DB1_P48_C2_T03_relabeled,L,718,DB1::P48,5,train
DB2,P07,DB2_P07_T01_p_relabeled,L,719,DB2::P07,5,train
DB1,P41,DB1_P41_C3_T04_relabeled,L,720,DB1::P41,3,train
DB5,P08,DB5_P08_T07_r_comf_relabeled,L,722,DB5::P08,3,train
DB2,P02,DB2_P02_T02_-65_relabeled,L,726,DB2::P02,3,train
DB4,P52,DB4_P52_T14_relabeled,R,728,DB4::P52,2,train
DB3,P14,DB3_P14_A_T21_relabeled,L,731,DB3::P14,2,train
DB1,P10,DB1_P10_C3_T02_relabeled,L,732,DB1::P10,5,train
DB1,P04,DB1_P04_C2_T04_relabeled,L,736,DB1::P04,3,train
DB5,P08,DB5_P08_T03_r_comf_relabeled,L,737,DB5::P08,3,train
DB3,P07,DB3_P07_A_T02_relabeled,R,743,DB3::P07,1,train
DB2,P13,DB2_P13_T04_130_relabeled,L,745,DB2::P13,2,train
DB2,P09,DB2_P09_T04_-65_relabeled,L,746,DB2::P09,5,train
DB5,P15,DB5_P15_T13_r_comf_relabeled,L,749,DB5::P15,1,train
DB5,P29,DB5_P29_T10_l_comf_relabeled,L,750,DB5::P29,3,train
DB2,P12,DB2_P12_T01_p_relabeled,L,752,DB2::P12,3,train
DB5,P15,DB5_P15_T40_r_slow_relabeled,L,753,DB5::P15,1,train
DB2,P02,DB2_P02_T04_-65_relabeled,L,754,DB2::P02,3,train
DB5,P03,DB5_P03_T18_r_comf_relabeled,L,755,DB5::P03,1,train
DB3,P15,DB3_P15_A_T07_relabeled,R,756,DB3::P15,2,train
DB5,P29,DB5_P29_T08_l_comf_relabeled,L,758,DB5::P29,3,train
DB2,P03,DB2_P03_T03_-65_relabeled,L,760,DB2::P03,2,train
DB4,P03,DB4_P03_T12_relabeled,R,762,DB4::P03,3,train
DB5,P20,DB5_P20_T02_l_comf_relabeled,L,763,DB5::P20,5,train
DB3,P04,DB3_P04_A_T13_relabeled,L,764,DB3::P04,5,train
DB3,P14,DB3_P14_A_T20_relabeled,L,766,DB3::P14,2,train
DB4,P30,DB4_P30_T07_relabeled,R,768,DB4::P30,5,train
DB1,P06,DB1_P06_C3_T02_relabeled,L,770,DB1::P06,2,train
DB1,P06,DB1_P06_C1_T04_relabeled,L,773,DB1::P06,2,train
DB5,P08,DB5_P08_T02_r_comf_relabeled,L,776,DB5::P08,3,train
DB4,P24,DB4_P24_T17_relabeled,R,777,DB4::P24,3,train
DB3,P10,DB3_P10_A_T14,R,778,DB3::P10,1,train
DB3,P02,DB3_P02_A_T13_relabeled,L,780,DB3::P02,5,train
DB1,P45,DB1_P45_C1_T03_relabeled,L,781,DB1::P45,3,train
DB3,P02,DB3_P02_A_T09_relabeled,R,782,DB3::P02,5,train
DB3,P07,DB3_P07_A_T10_relabeled,R,784,DB3::P07,1,train
DB2,P07,DB2_P07_T05_130_relabeled,L,786,DB2::P07,5,train
DB1,P09,DB1_P09_C2_T04_relabeled,L,787,DB1::P09,3,train
DB1,P04,DB1_P04_C3_T01_relabeled,L,792,DB1::P04,3,train
DB5,P03,DB5_P03_T17_r_comf_relabeled,L,793,DB5::P03,1,train
DB4,P02,DB4_P02_T16_relabeled,R,794,DB4::P02,1,train
DB5,P05,DB5_P05_T04_l_comf_relabeled,L,796,DB5::P05,1,train
DB3,P06,DB3_P06_A_T07_relabeled,R,797,DB3::P06,5,train
DB2,P03,DB2_P03_T06_65_relabeled,L,798,DB2::P03,2,train
DB4,P01,DB4_P01_T05_relabeled,R,799,DB4::P01,2,train
DB4,P27,DB4_P27_T04_relabeled,R,800,DB4::P27,5,train
DB2,P13,DB2_P13_T01_130_relabeled,L,802,DB2::P13,2,train
DB5,P11,DB5_P11_T21_r_comf_relabeled,L,804,DB5::P11,3,train
DB3,P06,DB3_P06_A_T10_relabeled,L,805,DB3::P06,5,train
DB5,P15,DB5_P15_T08_l_comf_relabeled,L,806,DB5::P15,1,train
DB4,P27,DB4_P27_T14_relabeled,L,807,DB4::P27,5,train
DB3,P11,DB3_P11_A_T08,L,809,DB3::P11,2,train
DB5,P27,DB5_P27_T32_r_slow_relabeled,L,811,DB5::P27,5,train
DB1,P04,DB1_P04_C3_T03_relabeled,L,813,DB1::P04,3,train
DB2,P09,DB2_P09_T05_-65_relabeled,L,814,DB2::P09,5,train
DB3,P03,DB3_P03_A_T06_relabeled,R,815,DB3::P03,2,train
DB3,P17,DB3_P17_A_T13,L,819,DB3::P17,3,train
DB5,P20,DB5_P20_T07_l_comf_relabeled,L,820,DB5::P20,5,train
DB3,P03,DB3_P03_A_T11_relabeled,R,821,DB3::P03,2,train
DB3,P02,DB3_P02_A_T07_relabeled,R,822,DB3::P02,5,train
DB3,P17,DB3_P17_A_T04,R,823,DB3::P17,3,train
DB5,P11,DB5_P11_T15_r_comf_relabeled,R,824,DB5::P11,3,train
DB4,P22,DB4_P22_T19_relabeled,L,826,DB4::P22,1,train
DB1,P41,DB1_P41_C2_T03_relabeled,R,829,DB1::P41,3,train
DB3,P11,DB3_P11_A_T01,R,830,DB3::P11,2,train
DB3,P03,DB3_P03_A_T10_relabeled,L,832,DB3::P03,2,train
DB2,P13,DB2_P13_T01_p_relabeled,L,833,DB2::P13,2,train
DB2,P13,DB2_P13_T05_-65_relabeled,L,834,DB2::P13,2,train
DB1,P18,DB1_P18_C2_T05_relabeled,L,836,DB1::P18,3,train
DB1,P05,DB1_P05_C2_T02_relabeled,L,838,DB1::P05,5,train
DB5,P24,DB5_P24_T15_r_comf_relabeled,R,839,DB5::P24,5,train
DB2,P12,DB2_P12_T03_250_relabeled,L,842,DB2::P12,3,train
DB5,P19,DB5_P19_T22_r_comf_relabeled,L,12,DB5::P19,2,validation
DB4,P45,DB4_P45_T11_relabeled,R,19,DB4::P45,1,validation
DB3,P09,DB3_P09_A_T04,R,20,DB3::P09,3,validation
DB1,P20,DB1_P20_C2_T03_relabeled,L,35,DB1::P20,3,validation
DB5,P17,DB5_P17_T18_r_comf_relabeled,L,38,DB5::P17,2,validation
DB3,P13,DB3_P13_A_T09_relabeled,R,43,DB3::P13,5,validation
DB5,P19,DB5_P19_T28_l_slow_relabeled,L,49,DB5::P19,2,validation
DB5,P17,DB5_P17_T32_r_slow_relabeled,L,59,DB5::P17,2,validation
DB4,P55,DB4_P55_T12_relabeled,R,63,DB4::P55,2,validation
DB4,P54,DB4_P54_T02_relabeled,R,64,DB4::P54,1,validation
DB5,P17,DB5_P17_T16_r_comf_relabeled,L,69,DB5::P17,2,validation
DB3,P13,DB3_P13_A_T19_relabeled,R,73,DB3::P13,5,validation
DB4,P13,DB4_P13_T13_relabeled,R,85,DB4::P13,5,validation
DB5,P26,DB5_P26_T07_l_comf_relabeled,L,89,DB5::P26,2,validation
DB1,P26,DB1_P26_C2_T02_relabeled,R,90,DB1::P26,2,validation
DB1,P29,DB1_P29_C3_T04_relabeled,L,91,DB1::P29,1,validation
DB4,P50,DB4_P50_T08_relabeled,R,94,DB4::P50,1,validation
DB4,P13,DB4_P13_T11_relabeled,R,96,DB4::P13,5,validation
DB2,P11,DB2_P11_T03_-130_relabeled,L,97,DB2::P11,1,validation
DB2,P11,DB2_P11_T04_250_relabeled,L,100,DB2::P11,1,validation
DB4,P45,DB4_P45_T23_relabeled,R,108,DB4::P45,1,validation
DB4,P13,DB4_P13_T02_relabeled,R,116,DB4::P13,5,validation
DB4,P55,DB4_P55_T08_relabeled,R,118,DB4::P55,2,validation
DB1,P29,DB1_P29_C2_T03_relabeled,L,119,DB1::P29,1,validation
DB3,P09,DB3_P09_A_T05,L,126,DB3::P09,3,validation
DB1,P17,DB1_P17_C3_T04_relabeled,L,127,DB1::P17,5,validation
DB5,P26,DB5_P26_T12_r_comf_relabeled,L,131,DB5::P26,2,validation
DB5,P26,DB5_P26_T13_r_comf_relabeled,L,133,DB5::P26,2,validation
DB5,P19,DB5_P19_T09_l_comf_relabeled,L,138,DB5::P19,2,validation
DB3,P12,DB3_P12_A_T03,R,145,DB3::P12,3,validation
DB5,P06,DB5_P06_T23_r_comf_relabeled,L,146,DB5::P06,1,validation
DB5,P19,DB5_P19_T10_l_comf_relabeled,L,147,DB5::P19,2,validation
DB4,P06,DB4_P06_T10_relabeled,R,150,DB4::P06,1,validation
DB1,P50,DB1_P50_C2_T05_relabeled,L,158,DB1::P50,1,validation
DB3,P01,DB3_P01_A_T10_relabeled,L,159,DB3::P01,3,validation
DB3,P09,DB3_P09_A_T02,R,162,DB3::P09,3,validation
DB1,P29,DB1_P29_C2_T02_relabeled,L,163,DB1::P29,1,validation
DB3,P01,DB3_P01_A_T04_relabeled,L,165,DB3::P01,3,validation
DB5,P06,DB5_P06_T10_l_comf_relabeled,L,168,DB5::P06,1,validation
DB3,P09,DB3_P09_A_T08,R,173,DB3::P09,3,validation
DB1,P29,DB1_P29_C2_T01_relabeled,L,178,DB1::P29,1,validation
DB2,P11,DB2_P11_T05_p_relabeled,L,184,DB2::P11,1,validation
DB4,P54,DB4_P54_T17_relabeled,R,186,DB4::P54,1,validation
DB3,P12,DB3_P12_A_T11,R,188,DB3::P12,3,validation
DB2,P11,DB2_P11_T05_250_relabeled,L,199,DB2::P11,1,validation
DB3,P01,DB3_P01_A_T12_relabeled,L,201,DB3::P01,3,validation
DB3,P01,DB3_P01_A_T06_relabeled,R,213,DB3::P01,3,validation
DB1,P50,DB1_P50_C2_T02_relabeled,L,215,DB1::P50,1,validation
DB1,P29,DB1_P29_C1_T03_relabeled,L,221,DB1::P29,1,validation
DB1,P29,DB1_P29_C1_T02_relabeled,L,227,DB1::P29,1,validation
DB2,P11,DB2_P11_T03_130_relabeled,L,230,DB2::P11,1,validation
DB1,P29,DB1_P29_C3_T02_relabeled,L,233,DB1::P29,1,validation
DB1,P25,DB1_P25_C2_T05_relabeled,L,234,DB1::P25,1,validation
DB1,P17,DB1_P17_C2_T03_relabeled,L,236,DB1::P17,5,validation
DB1,P50,DB1_P50_C2_T03_relabeled,L,247,DB1::P50,1,validation
DB2,P08,DB2_P08_T03_-130_relabeled,L,251,DB2::P08,1,validation
DB1,P29,DB1_P29_C1_T04_relabeled,L,252,DB1::P29,1,validation
DB2,P08,DB2_P08_T01_250_relabeled,L,254,DB2::P08,1,validation
DB1,P29,DB1_P29_C1_T01_relabeled,L,265,DB1::P29,1,validation
DB4,P55,DB4_P55_T15_relabeled,R,266,DB4::P55,2,validation
DB2,P08,DB2_P08_T05_65_relabeled,L,280,DB2::P08,1,validation
DB1,P17,DB1_P17_C2_T02_relabeled,L,285,DB1::P17,5,validation
DB3,P09,DB3_P09_A_T01,R,294,DB3::P09,3,validation
DB4,P10,DB4_P10_T06_relabeled,R,304,DB4::P10,1,validation
DB2,P08,DB2_P08_T03_65_relabeled,L,305,DB2::P08,1,validation
DB5,P26,DB5_P26_T22_l_slow_relabeled,L,311,DB5::P26,2,validation
DB3,P09,DB3_P09_A_T06,R,318,DB3::P09,3,validation
DB4,P55,DB4_P55_T10_relabeled,R,322,DB4::P55,2,validation
DB5,P17,DB5_P17_T36_r_slow_relabeled,L,323,DB5::P17,2,validation
DB1,P20,DB1_P20_C3_T03_relabeled,L,333,DB1::P20,3,validation
DB2,P08,DB2_P08_T04_-65_relabeled,L,352,DB2::P08,1,validation
DB3,P12,DB3_P12_A_T09,R,354,DB3::P12,3,validation
DB3,P09,DB3_P09_A_T13,L,365,DB3::P09,3,validation
DB2,P11,DB2_P11_T03_-65_relabeled,L,366,DB2::P11,1,validation
DB5,P06,DB5_P06_T07_l_comf_relabeled,L,368,DB5::P06,1,validation
DB3,P01,DB3_P01_A_T15_relabeled,R,370,DB3::P01,3,validation
DB3,P12,DB3_P12_A_T07,R,371,DB3::P12,3,validation
DB2,P08,DB2_P08_T04_250_relabeled,L,379,DB2::P08,1,validation
DB5,P26,DB5_P26_T09_l_comf_relabeled,L,405,DB5::P26,2,validation
DB2,P08,DB2_P08_T01_p_relabeled,L,436,DB2::P08,1,validation
DB3,P13,DB3_P13_A_T01_relabeled,R,444,DB3::P13,5,validation
DB5,P06,DB5_P06_T40_r_slow_relabeled,R,451,DB5::P06,1,validation
DB2,P08,DB2_P08_T03_p_relabeled,L,465,DB2::P08,1,validation
DB3,P09,DB3_P09_A_T07,L,466,DB3::P09,3,validation
DB5,P19,DB5_P19_T02_l_comf_relabeled,L,467,DB5::P19,2,validation
DB1,P50,DB1_P50_C2_T04_relabeled,L,471,DB1::P50,1,validation
DB3,P13,DB3_P13_A_T18_relabeled,R,479,DB3::P13,5,validation
DB3,P01,DB3_P01_A_T07_relabeled,R,498,DB3::P01,3,validation
DB5,P06,DB5_P06_T17_r_comf_relabeled,L,500,DB5::P06,1,validation
DB3,P13,DB3_P13_A_T07_relabeled,R,503,DB3::P13,5,validation
DB3,P13,DB3_P13_A_T26_relabeled,L,511,DB3::P13,5,validation
DB2,P11,DB2_P11_T05_65_relabeled,L,515,DB2::P11,1,validation
DB4,P06,DB4_P06_T08_relabeled,R,521,DB4::P06,1,validation
DB4,P06,DB4_P06_T14_relabeled,R,528,DB4::P06,1,validation
DB1,P29,DB1_P29_C3_T05_relabeled,L,538,DB1::P29,1,validation
DB4,P53,DB4_P53_T02_relabeled,R,540,DB4::P53,2,validation
DB2,P11,DB2_P11_T01_65_relabeled,L,543,DB2::P11,1,validation
DB2,P11,DB2_P11_T04_-65_relabeled,L,545,DB2::P11,1,validation
DB2,P11,DB2_P11_T05_-130_relabeled,L,550,DB2::P11,1,validation
DB3,P13,DB3_P13_A_T29_relabeled,L,553,DB3::P13,5,validation
DB5,P06,DB5_P06_T20_r_comf_relabeled,L,555,DB5::P06,1,validation
DB5,P06,DB5_P06_T13_l_comf_relabeled,L,562,DB5::P06,1,validation
DB1,P50,DB1_P50_C3_T05_relabeled,L,565,DB1::P50,1,validation
DB2,P11,DB2_P11_T02_-65_relabeled,L,582,DB2::P11,1,validation
DB5,P17,DB5_P17_T06_l_comf_relabeled,L,583,DB5::P17,2,validation
DB1,P25,DB1_P25_C2_T03_relabeled,R,585,DB1::P25,1,validation
DB4,P55,DB4_P55_T19_relabeled,R,599,DB4::P55,2,validation
DB5,P17,DB5_P17_T27_l_slow_relabeled,L,606,DB5::P17,2,validation
DB4,P53,DB4_P53_T03_relabeled,R,607,DB4::P53,2,validation
DB2,P11,DB2_P11_T02_65_relabeled,L,610,DB2::P11,1,validation
DB2,P08,DB2_P08_T01_130_relabeled,L,617,DB2::P08,1,validation
DB4,P10,DB4_P10_T11_relabeled,R,618,DB4::P10,1,validation
DB2,P11,DB2_P11_T04_-130_relabeled,L,619,DB2::P11,1,validation
DB2,P11,DB2_P11_T01_130_relabeled,L,626,DB2::P11,1,validation
DB3,P12,DB3_P12_A_T12,L,630,DB3::P12,3,validation
DB2,P11,DB2_P11_T02_250_relabeled,L,634,DB2::P11,1,validation
DB4,P54,DB4_P54_T21_relabeled,R,640,DB4::P54,1,validation
DB3,P13,DB3_P13_A_T34_relabeled,L,641,DB3::P13,5,validation
DB1,P17,DB1_P17_C2_T04_relabeled,L,648,DB1::P17,5,validation
DB4,P55,DB4_P55_T16_relabeled,R,651,DB4::P55,2,validation
DB5,P17,DB5_P17_T28_l_slow_relabeled,L,658,DB5::P17,2,validation
DB4,P10,DB4_P10_T08_relabeled,R,662,DB4::P10,1,validation
DB2,P11,DB2_P11_T03_65_relabeled,L,663,DB2::P11,1,validation
DB2,P08,DB2_P08_T04_130_relabeled,L,666,DB2::P08,1,validation
DB5,P17,DB5_P17_T08_l_comf_relabeled,L,667,DB5::P17,2,validation
DB4,P06,DB4_P06_T16_relabeled,R,672,DB4::P06,1,validation
DB5,P26,DB5_P26_T06_l_comf_relabeled,L,674,DB5::P26,2,validation
DB4,P06,DB4_P06_T02_relabeled,R,682,DB4::P06,1,validation
DB4,P06,DB4_P06_T07_relabeled,R,688,DB4::P06,1,validation
DB5,P06,DB5_P06_T26_l_slow_relabeled,L,691,DB5::P06,1,validation
DB5,P17,DB5_P17_T23_l_slow_relabeled,L,693,DB5::P17,2,validation
DB5,P06,DB5_P06_T01_l_comf_relabeled,L,701,DB5::P06,1,validation
DB5,P17,DB5_P17_T25_l_slow_relabeled,L,705,DB5::P17,2,validation
DB2,P11,DB2_P11_T02_-130_relabeled,L,706,DB2::P11,1,validation
DB1,P29,DB1_P29_C3_T03_relabeled,L,713,DB1::P29,1,validation
DB2,P11,DB2_P11_T04_65_relabeled,L,723,DB2::P11,1,validation
DB3,P09,DB3_P09_A_T12,R,724,DB3::P09,3,validation
DB3,P12,DB3_P12_A_T10,L,729,DB3::P12,3,validation
DB4,P10,DB4_P10_T07_relabeled,R,730,DB4::P10,1,validation
DB4,P53,DB4_P53_T08_relabeled,R,738,DB4::P53,2,validation
DB1,P14,DB1_P14_C1_T02_relabeled,L,740,DB1::P14,1,validation
DB1,P25,DB1_P25_C2_T01_relabeled,L,741,DB1::P25,1,validation
DB1,P20,DB1_P20_C2_T02_relabeled,L,742,DB1::P20,3,validation
DB5,P19,DB5_P19_T26_l_slow_relabeled,L,751,DB5::P19,2,validation
DB3,P13,DB3_P13_A_T28_relabeled,L,757,DB3::P13,5,validation
DB2,P11,DB2_P11_T01_250_relabeled,L,759,DB2::P11,1,validation
DB1,P29,DB1_P29_C2_T04_relabeled,L,761,DB1::P29,1,validation
DB3,P01,DB3_P01_A_T09_relabeled,L,769,DB3::P01,3,validation
DB5,P17,DB5_P17_T37_r_slow_relabeled,L,771,DB5::P17,2,validation
DB4,P53,DB4_P53_T19_relabeled,R,772,DB4::P53,2,validation
DB2,P11,DB2_P11_T03_250_relabeled,L,774,DB2::P11,1,validation
DB1,P14,DB1_P14_C2_T03_relabeled,L,775,DB1::P14,1,validation
DB4,P10,DB4_P10_T10_relabeled,R,783,DB4::P10,1,validation
DB2,P11,DB2_P11_T05_-65_relabeled,L,788,DB2::P11,1,validation
DB4,P45,DB4_P45_T20_relabeled,R,789,DB4::P45,1,validation
DB3,P13,DB3_P13_A_T06_relabeled,L,790,DB3::P13,5,validation
DB3,P12,DB3_P12_A_T05,R,795,DB3::P12,3,validation
DB5,P17,DB5_P17_T34_r_slow_relabeled,L,801,DB5::P17,2,validation
DB5,P06,DB5_P06_T19_r_comf_relabeled,L,803,DB5::P06,1,validation
DB1,P17,DB1_P17_C2_T05_relabeled,L,808,DB1::P17,5,validation
DB4,P50,DB4_P50_T09_relabeled,R,810,DB4::P50,1,validation
DB1,P17,DB1_P17_C2_T01_relabeled,L,816,DB1::P17,5,validation
DB2,P08,DB2_P08_T05_130_relabeled,L,817,DB2::P08,1,validation
DB2,P08,DB2_P08_T04_-130_relabeled,L,818,DB2::P08,1,validation
DB2,P11,DB2_P11_T08_p_relabeled,L,825,DB2::P11,1,validation
DB4,P06,DB4_P06_T21_relabeled,R,837,DB4::P06,1,validation
DB1,P29,DB1_P29_C3_T01_relabeled,L,841,DB1::P29,1,validation
DB3,P01,DB3_P01_A_T08_relabeled,R,843,DB3::P01,3,validation
DB1,P25,DB1_P25_C2_T02_relabeled,L,844,DB1::P25,1,validation
DB5,P28,DB5_P28_T33_r_slow_relabeled,L,3,DB5::P28,4,test
DB1,P46,DB1_P46_C2_T01_relabeled,L,4,DB1::P46,4,test
DB5,P10,DB5_P10_T30_l_slow_relabeled,L,6,DB5::P10,4,test
DB3,P16,DB3_P16_A_T08_relabeled,R,8,DB3::P16,4,test
DB3,P19,DB3_P19_A_T20,R,10,DB3::P19,4,test
DB2,P10,DB2_P10_T05_130_relabeled,L,11,DB2::P10,4,test
DB1,P21,DB1_P21_C2_T03_relabeled,L,22,DB1::P21,4,test
DB3,P16,DB3_P16_A_T12_relabeled,R,25,DB3::P16,4,test
DB1,P07,DB1_P07_C3_T04_relabeled,L,32,DB1::P07,4,test
DB5,P23,DB5_P23_T10_l_comf_relabeled,L,33,DB5::P23,4,test
DB2,P10,DB2_P10_T04_-65_relabeled,L,45,DB2::P10,4,test
DB5,P23,DB5_P23_T17_r_comf_relabeled,L,46,DB5::P23,4,test
DB2,P10,DB2_P10_T02_65_relabeled,L,51,DB2::P10,4,test
DB1,P07,DB1_P07_C3_T01_relabeled,L,52,DB1::P07,4,test
DB4,P19,DB4_P19_T03_relabeled,R,56,DB4::P19,4,test
DB5,P13,DB5_P13_T20_r_comf_relabeled,L,61,DB5::P13,4,test
DB5,P28,DB5_P28_T32_r_slow_relabeled,L,70,DB5::P28,4,test
DB5,P13,DB5_P13_T11_r_comf_relabeled,L,76,DB5::P13,4,test
DB3,P19,DB3_P19_A_T13,L,101,DB3::P19,4,test
DB2,P10,DB2_P10_T04_250_relabeled,L,109,DB2::P10,4,test
DB1,P49,DB1_P49_C3_T03_relabeled,L,110,DB1::P49,4,test
DB3,P16,DB3_P16_A_T07_relabeled,L,125,DB3::P16,4,test
DB2,P10,DB2_P10_T03_130_relabeled,L,130,DB2::P10,4,test
DB2,P01,DB2_P01_T01_65_relabeled,L,157,DB2::P01,4,test
DB3,P16,DB3_P16_A_T03_relabeled,L,160,DB3::P16,4,test
DB3,P05,DB3_P05_A_T16_relabeled,L,169,DB3::P05,4,test
DB5,P13,DB5_P13_T13_r_comf_relabeled,L,189,DB5::P13,4,test
DB3,P16,DB3_P16_A_T05_relabeled,L,192,DB3::P16,4,test
DB4,P15,DB4_P15_T08_relabeled,R,193,DB4::P15,4,test
DB4,P48,DB4_P48_T09_relabeled,R,194,DB4::P48,4,test
DB2,P01,DB2_P01_T01_p_relabeled,L,195,DB2::P01,4,test
DB2,P10,DB2_P10_T04_p_relabeled,L,203,DB2::P10,4,test
DB3,P08,DB3_P08_A_T04_relabeled,L,205,DB3::P08,4,test
DB3,P19,DB3_P19_A_T03,L,208,DB3::P19,4,test
DB5,P13,DB5_P13_T05_l_comf_relabeled,L,214,DB5::P13,4,test
DB5,P13,DB5_P13_T14_r_comf_relabeled,L,216,DB5::P13,4,test
DB3,P19,DB3_P19_A_T09,L,219,DB3::P19,4,test
DB2,P10,DB2_P10_T02_-130_relabeled,L,220,DB2::P10,4,test
DB1,P23,DB1_P23_C1_T03_relabeled,R,222,DB1::P23,4,test
DB3,P08,DB3_P08_A_T10_relabeled,L,226,DB3::P08,4,test
DB2,P01,DB2_P01_T02_250_relabeled,L,231,DB2::P01,4,test
DB3,P05,DB3_P05_A_T10_relabeled,R,241,DB3::P05,4,test
DB3,P08,DB3_P08_A_T01_relabeled,R,243,DB3::P08,4,test
DB4,P17,DB4_P17_T14_relabeled,R,248,DB4::P17,4,test
DB4,P17,DB4_P17_T20_relabeled,R,249,DB4::P17,4,test
DB4,P19,DB4_P19_T24_relabeled,L,259,DB4::P19,4,test
DB1,P01,DB1_P01_C2_T04_relabeled,L,269,DB1::P01,4,test
DB3,P08,DB3_P08_A_T09_relabeled,R,275,DB3::P08,4,test
DB1,P49,DB1_P49_C2_T04_relabeled,L,277,DB1::P49,4,test
DB2,P10,DB2_P10_T06_65_relabeled,L,292,DB2::P10,4,test
DB3,P16,DB3_P16_A_T06_relabeled,L,299,DB3::P16,4,test
DB5,P10,DB5_P10_T18_r_comf_relabeled,L,300,DB5::P10,4,test
DB3,P08,DB3_P08_A_T07_relabeled,R,301,DB3::P08,4,test
DB2,P10,DB2_P10_T02_250_relabeled,L,309,DB2::P10,4,test
DB5,P28,DB5_P28_T20_r_comf_relabeled,L,324,DB5::P28,4,test
DB4,P15,DB4_P15_T03_relabeled,L,326,DB4::P15,4,test
DB1,P46,DB1_P46_C2_T04_relabeled,L,330,DB1::P46,4,test
DB2,P10,DB2_P10_T02_-65_relabeled,L,332,DB2::P10,4,test
DB4,P17,DB4_P17_T13_relabeled,R,336,DB4::P17,4,test
DB2,P01,DB2_P01_T09_-130_relabeled,L,338,DB2::P01,4,test
DB5,P10,DB5_P10_T24_l_slow_relabeled,L,339,DB5::P10,4,test
DB4,P19,DB4_P19_T25_relabeled,R,342,DB4::P19,4,test
DB4,P15,DB4_P15_T07_relabeled,R,344,DB4::P15,4,test
DB4,P21,DB4_P21_T10_relabeled,R,348,DB4::P21,4,test
DB3,P19,DB3_P19_A_T19,R,355,DB3::P19,4,test
DB4,P15,DB4_P15_T12_relabeled,R,358,DB4::P15,4,test
DB2,P10,DB2_P10_T04_65_relabeled,L,360,DB2::P10,4,test
DB3,P16,DB3_P16_A_T11_relabeled,R,376,DB3::P16,4,test
DB4,P19,DB4_P19_T04_relabeled,L,378,DB4::P19,4,test
DB2,P10,DB2_P10_T05_-65_relabeled,L,380,DB2::P10,4,test
DB5,P28,DB5_P28_T26_l_slow_relabeled,L,381,DB5::P28,4,test
DB4,P15,DB4_P15_T05_relabeled,R,386,DB4::P15,4,test
DB1,P02,DB1_P02_C3_T01_relabeled,L,388,DB1::P02,4,test
DB5,P23,DB5_P23_T07_l_comf_relabeled,L,396,DB5::P23,4,test
DB1,P02,DB1_P02_C2_T02_relabeled,L,398,DB1::P02,4,test
DB5,P28,DB5_P28_T19_r_comf_relabeled,L,403,DB5::P28,4,test
DB2,P10,DB2_P10_T03_65_relabeled,L,409,DB2::P10,4,test
DB5,P13,DB5_P13_T31_r_slow_relabeled,L,418,DB5::P13,4,test
DB4,P09,DB4_P09_T08_relabeled,R,421,DB4::P09,4,test
DB5,P13,DB5_P13_T15_r_comf_relabeled,L,422,DB5::P13,4,test
DB3,P05,DB3_P05_A_T11_relabeled,R,424,DB3::P05,4,test
DB1,P01,DB1_P01_C1_T04_relabeled,L,439,DB1::P01,4,test
DB1,P46,DB1_P46_C3_T02_relabeled,L,440,DB1::P46,4,test
DB5,P13,DB5_P13_T06_l_comf_relabeled,L,446,DB5::P13,4,test
DB2,P10,DB2_P10_T01_-65_relabeled,L,450,DB2::P10,4,test
DB5,P28,DB5_P28_T15_r_comf_relabeled,L,457,DB5::P28,4,test
DB4,P15,DB4_P15_T10_relabeled,R,459,DB4::P15,4,test
DB1,P23,DB1_P23_C2_T04_relabeled,L,460,DB1::P23,4,test
DB2,P01,DB2_P01_T04_65_relabeled,L,476,DB2::P01,4,test
DB1,P02,DB1_P02_C2_T03_relabeled,L,486,DB1::P02,4,test
DB4,P15,DB4_P15_T06_relabeled,R,487,DB4::P15,4,test
DB2,P10,DB2_P10_T04_-130_relabeled,L,492,DB2::P10,4,test
DB2,P10,DB2_P10_T04_130_relabeled,L,493,DB2::P10,4,test
DB5,P13,DB5_P13_T37_r_slow_relabeled,L,496,DB5::P13,4,test
DB2,P01,DB2_P01_T01_-65_relabeled,L,497,DB2::P01,4,test
DB1,P49,DB1_P49_C3_T01_relabeled,L,502,DB1::P49,4,test
DB1,P07,DB1_P07_C3_T03_relabeled,L,508,DB1::P07,4,test
DB2,P10,DB2_P10_T01_-130_relabeled,L,510,DB2::P10,4,test
DB5,P13,DB5_P13_T38_r_slow_relabeled,L,512,DB5::P13,4,test
DB2,P01,DB2_P01_T05_-65_relabeled,L,519,DB2::P01,4,test
DB1,P01,DB1_P01_C3_T01_relabeled,L,520,DB1::P01,4,test
DB5,P10,DB5_P10_T35_r_slow_relabeled,L,524,DB5::P10,4,test
DB4,P04,DB4_P04_T06_relabeled,R,527,DB4::P04,4,test
DB1,P21,DB1_P21_C3_T01_relabeled,L,531,DB1::P21,4,test
DB1,P21,DB1_P21_C3_T04_relabeled,L,533,DB1::P21,4,test
DB4,P21,DB4_P21_T13_relabeled,R,534,DB4::P21,4,test
DB1,P21,DB1_P21_C2_T01_relabeled,L,551,DB1::P21,4,test
DB5,P23,DB5_P23_T21_l_slow_relabeled,L,552,DB5::P23,4,test
DB5,P28,DB5_P28_T16_r_comf_relabeled,L,556,DB5::P28,4,test
DB4,P04,DB4_P04_T03_relabeled,R,557,DB4::P04,4,test
DB5,P13,DB5_P13_T34_r_slow_relabeled,L,566,DB5::P13,4,test
DB4,P04,DB4_P04_T14_relabeled,R,569,DB4::P04,4,test
DB3,P19,DB3_P19_A_T11,L,575,DB3::P19,4,test
DB3,P05,DB3_P05_A_T15_relabeled,R,576,DB3::P05,4,test
DB1,P01,DB1_P01_C1_T02_relabeled,L,579,DB1::P01,4,test
DB3,P05,DB3_P05_A_T08_relabeled,R,580,DB3::P05,4,test
DB1,P01,DB1_P01_C1_T03_relabeled,L,587,DB1::P01,4,test
DB3,P19,DB3_P19_A_T02,L,588,DB3::P19,4,test
DB1,P49,DB1_P49_C2_T01_relabeled,L,598,DB1::P49,4,test
DB5,P13,DB5_P13_T17_r_comf_relabeled,L,600,DB5::P13,4,test
DB4,P47,DB4_P47_T19_relabeled,R,601,DB4::P47,4,test
DB3,P19,DB3_P19_A_T01,L,602,DB3::P19,4,test
DB1,P49,DB1_P49_C3_T04_relabeled,L,603,DB1::P49,4,test
DB5,P23,DB5_P23_T23_l_slow_relabeled,L,613,DB5::P23,4,test
DB4,P47,DB4_P47_T21_relabeled,R,614,DB4::P47,4,test
DB2,P01,DB2_P01_T05_130_relabeled,L,620,DB2::P01,4,test
DB2,P10,DB2_P10_T03_250_relabeled,L,624,DB2::P10,4,test
DB4,P04,DB4_P04_T18_relabeled,R,636,DB4::P04,4,test
DB5,P13,DB5_P13_T12_r_comf_relabeled,L,637,DB5::P13,4,test
DB2,P10,DB2_P10_T02_p_relabeled,L,644,DB2::P10,4,test
DB3,P08,DB3_P08_A_T03_relabeled,R,647,DB3::P08,4,test
DB4,P48,DB4_P48_T12_relabeled,R,656,DB4::P48,4,test
DB3,P05,DB3_P05_A_T05_relabeled,L,657,DB3::P05,4,test
DB3,P08,DB3_P08_A_T06_relabeled,L,664,DB3::P08,4,test
DB5,P13,DB5_P13_T10_l_comf_relabeled,L,673,DB5::P13,4,test
DB5,P10,DB5_P10_T13_r_comf_relabeled,L,675,DB5::P10,4,test
DB4,P15,DB4_P15_T17_relabeled,R,678,DB4::P15,4,test
DB4,P15,DB4_P15_T15_relabeled,R,680,DB4::P15,4,test
DB2,P01,DB2_P01_T02_130_relabeled,L,684,DB2::P01,4,test
DB4,P21,DB4_P21_T03_relabeled,L,690,DB4::P21,4,test
DB4,P09,DB4_P09_T04_relabeled,R,695,DB4::P09,4,test
DB4,P47,DB4_P47_T18_relabeled,R,697,DB4::P47,4,test
DB4,P19,DB4_P19_T11_relabeled,L,700,DB4::P19,4,test
DB2,P01,DB2_P01_T11_p_relabeled,L,702,DB2::P01,4,test
DB1,P46,DB1_P46_C2_T02_relabeled,L,707,DB1::P46,4,test
DB5,P13,DB5_P13_T30_l_slow_relabeled,L,712,DB5::P13,4,test
DB4,P48,DB4_P48_T06_relabeled,R,714,DB4::P48,4,test
DB1,P21,DB1_P21_C3_T02_relabeled,R,721,DB1::P21,4,test
DB3,P19,DB3_P19_A_T06,R,725,DB3::P19,4,test
DB3,P08,DB3_P08_A_T08_relabeled,L,727,DB3::P08,4,test
DB1,P01,DB1_P01_C1_T05_relabeled,L,733,DB1::P01,4,test
DB3,P05,DB3_P05_A_T09_relabeled,L,734,DB3::P05,4,test
DB4,P17,DB4_P17_T06_relabeled,R,735,DB4::P17,4,test
DB1,P07,DB1_P07_C2_T03_relabeled,L,739,DB1::P07,4,test
DB3,P05,DB3_P05_A_T01_relabeled,L,744,DB3::P05,4,test
DB1,P21,DB1_P21_C2_T04_relabeled,L,747,DB1::P21,4,test
DB2,P01,DB2_P01_T02_65_relabeled,L,748,DB2::P01,4,test
DB5,P28,DB5_P28_T04_l_comf_relabeled,L,765,DB5::P28,4,test
DB1,P01,DB1_P01_C2_T02_relabeled,L,767,DB1::P01,4,test
DB3,P05,DB3_P05_A_T04_relabeled,R,779,DB3::P05,4,test
DB5,P10,DB5_P10_T23_l_slow_relabeled,L,785,DB5::P10,4,test
DB2,P01,DB2_P01_T01_250_relabeled,L,791,DB2::P01,4,test
DB2,P01,DB2_P01_T06_p_relabeled,L,812,DB2::P01,4,test
DB1,P46,DB1_P46_C2_T03_relabeled,L,827,DB1::P46,4,test
DB4,P21,DB4_P21_T17_relabeled,R,828,DB4::P21,4,test
DB1,P21,DB1_P21_C2_T02_relabeled,L,831,DB1::P21,4,test
DB3,P05,DB3_P05_A_T03_relabeled,L,835,DB3::P05,4,test
DB1,P01,DB1_P01_C1_T01_relabeled,L,840,DB1::P01,4,test
