gait_cycle_percent,ID_ankle_angle_1_moment,ID_ankle_angle_2_moment,ID_hip_flexion_1_moment,ID_hip_flexion_2_moment,ID_knee_angle_1_moment,ID_knee_angle_2_moment
0.0,0.047419578,0.9905296,0.0076788594,0.0,0.16919695,0.21710934
1.0,0.040098768,0.98048747,8.8791254e-05,0.0,0.20954132,0.19931726
2.0,0.0424451,0.91328114,0.0,0.0,0.2717416,0.18855578
3.0,0.041425887,0.8729668,0.0,0.0,0.24255346,0.25047213
4.0,0.053772237,0.8214357,0.0,0.00042057232,0.23585144,0.22631386
5.0,0.09079926,0.7498144,0.0,0.056296732,0.19709046,0.2143917
6.0,0.13875869,0.66205096,0.0,0.101929076,0.12393072,0.21665417
7.0,0.13826318,0.5676431,0.0,0.1663674,0.060344525,0.2046292
8.0,0.17390575,0.45923403,0.0,0.23588695,0.011511048,0.21417892
9.0,0.14602524,0.37045825,0.0,0.28118756,0.0,0.15656015
10.0,0.16814983,0.33196735,0.0,0.37022373,0.0,0.13580152
11.0,0.16195324,0.22575407,0.0,0.4161446,0.0,0.11185168
12.0,0.12280668,0.18557231,0.0,0.42748234,0.0,0.046509255
13.0,0.117422,0.15958865,0.0,0.4490774,0.0,0.027373154
14.0,0.110279344,0.09068998,0.0,0.42553875,0.0,0.010906666
15.0,0.073458105,0.0723559,0.0,0.43074745,0.0,0.0005125684
16.0,0.0649114,0.06737283,0.0,0.38443533,0.0,0.014513296
17.0,0.06164,0.059769385,0.0,0.3314754,0.0,0.00091504963
18.0,0.03164711,0.057288777,0.0,0.3049956,0.0,0.005867197
19.0,0.018246673,0.070210434,0.0,0.2673283,0.0,0.0062942985
20.0,0.02215619,0.06240355,0.0,0.23997475,0.0,5.0142033e-05
21.0,0.0105647575,0.03510571,0.0,0.22566053,0.0,0.00013583891
22.0,0.027292442,0.03419034,0.0,0.17234315,0.0,0.013226839
23.0,0.014572282,0.055498105,0.0,0.14758456,0.0,0.0012455597
24.0,0.027525024,0.063742526,0.0,0.13427074,0.0,0.0
25.0,0.031347644,0.015753485,0.0,0.12890097,0.0,9.563863e-06
26.0,0.026696617,0.05238063,0.0,0.09930008,0.0,0.0003715708
27.0,0.027622309,0.057665903,0.0,0.07880537,0.0,3.838456e-05
28.0,0.044175,0.019315021,0.0,0.06668793,0.0,0.009153221
29.0,0.034817006,0.04151966,0.0,0.060667627,0.0,0.00037879354
30.0,0.04698374,0.029771687,0.0,0.09008708,0.0,0.0025510895
31.0,0.0426105,0.07035771,0.0,0.104297966,0.00012381551,0.023313154
32.0,0.016755484,0.041787885,0.005897511,0.08876127,0.00900409,0.015686195
33.0,0.032780856,0.077988595,0.0020742381,0.06883579,0.0070203817,0.00790758
34.0,0.0071442216,0.06900283,0.0044865203,0.04178002,0.002016257,0.04498335
35.0,0.013870797,0.07606114,0.0057903132,0.046226792,0.001941977,0.061722524
36.0,0.0,0.03878888,0.002894717,0.03471172,0.019383512,0.07385576
37.0,3.059988e-05,0.057265714,0.0013918489,0.029688315,0.02053542,0.10707992
38.0,0.0,0.09877741,0.015677875,0.011659601,0.046495676,0.16434096
39.0,0.0,0.059667923,0.026815174,0.00030051442,0.028939275,0.15454099
40.0,0.0,0.08092541,0.011222219,6.10659e-06,0.03574749,0.19141115
41.0,0.0,0.06869287,0.017379832,0.0,0.030941062,0.21483688
42.0,0.0,0.06448505,0.013998972,0.0,0.042169627,0.2790114
43.0,0.0,0.04402137,0.003588913,0.0,0.042253695,0.35971436
44.0,0.0,0.04424425,0.013372425,0.0,0.033305794,0.36627614
45.0,0.0,0.044473965,0.03384548,0.0,0.03682988,0.36886346
46.0,0.0,0.052276246,0.02267964,0.0,0.028815959,0.36609378
47.0,0.0,0.041228283,0.032480936,0.0,0.011195814,0.35317308
48.0,0.0,0.034386534,0.05732004,0.0,0.015296057,0.3491603
49.0,0.0,0.049274523,0.054631263,0.0,0.013297918,0.28307432
50.0,0.0,0.031660426,0.06620338,0.0,0.0037277255,0.2755224
51.0,0.0,0.05251296,0.070805505,3.3545162e-05,0.014192105,0.23198538
52.0,0.0,0.047970068,0.051604874,0.017837154,0.0020891107,0.21495359
53.0,1.8296147e-05,0.03209192,0.030028777,0.05737198,0.0,0.20506394
54.0,0.008243664,0.033011094,0.011279859,0.09399883,0.00017977714,0.18426976
55.0,0.01909826,0.062362384,0.033845138,0.11264909,0.00056362286,0.19154605
56.0,0.069407046,0.070354685,0.03449268,0.168867,0.009360932,0.20614745
57.0,0.11865232,0.05083778,0.025232606,0.21060415,0.02335438,0.16904093
58.0,0.26495498,0.14234203,0.10973426,0.32084793,0.12488165,0.2946357
59.0,0.35248634,0.1975874,0.14501928,0.43567836,0.22100951,0.3254247
60.0,0.33300957,0.1512633,0.11145767,0.3393805,0.23085722,0.3126436
61.0,0.0935627,0.0044932477,0.002791321,0.09963765,0.050062425,0.110670686
62.0,0.05400807,0.009350933,0.00032870725,0.05349626,0.0149178505,0.08416659
63.0,0.0,0.0,0.0,0.00024359187,0.0,0.00013752884
64.0,0.02731958,0.027429236,0.012301348,0.07029698,0.026689604,0.10387425
65.0,0.0028047685,0.013111342,0.0004956422,0.038892936,0.0037999444,0.06701274
66.0,0.00021245188,0.022994217,0.0066911206,0.034491125,0.00029724842,0.073394634
67.0,0.02314324,0.06673544,0.031253166,0.066892534,0.021862479,0.12665054
68.0,0.0005700241,0.02692144,0.0017825773,0.018704964,0.0037765992,0.04534136
69.0,0.0073000826,0.049299505,0.012254331,0.042453393,0.009466013,0.063830815
70.0,0.0016362517,0.025600523,0.00032948234,0.01568922,0.0,0.024937581
71.0,0.0,0.019501304,0.0003478991,0.009121548,0.0,0.014499602
72.0,0.0,0.009899469,0.0,0.004166291,0.0,0.007819989
73.0,0.0,0.017051667,0.0,0.001180728,0.0,0.0049778554
74.0,0.0,0.015940173,0.0,0.0014298664,0.0,3.6611732e-06
75.0,0.0,0.017876923,0.0,0.00015467443,0.0,0.0011054412
76.0,0.0,0.019669235,0.00011558925,0.0011219571,0.0,0.0
77.0,0.0,0.027291315,0.0,0.0024714149,0.0,0.00093541935
78.0,0.0,0.026184618,0.0,0.00053362566,0.0,0.0010411479
79.0,0.0,0.03032939,0.0,0.00044514006,0.0,0.0001284223
80.0,0.0,0.028573321,0.0,0.00015440375,0.0,0.0
81.0,0.0,0.03458867,0.0,0.00035371957,0.0,0.0
82.0,0.0,0.037578337,0.0,0.0002498432,0.0,0.0
83.0,0.0,0.038174786,0.0,0.0010933044,0.0,0.0
84.0,0.0,0.04253627,0.0,0.00035063748,0.0,0.0
85.0,0.0,0.04759519,0.0,0.0008329138,0.0,0.0
86.0,0.0,0.051208533,0.0,8.1435464e-05,0.0,0.0
87.0,0.0,0.055060335,0.0,0.00024362864,0.0,2.6521737e-05
88.0,0.0,0.054440197,0.0,7.7765704e-05,0.0,7.146756e-05
89.0,0.0,0.059619915,0.0,0.0001415645,0.00020407801,2.6446947e-05
90.0,0.0,0.061647613,0.0,0.0016327432,0.00041362096,0.0
91.0,0.0,0.06451564,0.0,2.164789e-05,0.00060617365,0.0
92.0,0.0,0.07007729,0.0,0.0,0.0,9.2183844e-05
93.0,0.0,0.06512544,0.0,3.0879397e-05,0.0006042422,8.923393e-05
94.0,0.0,0.069489524,0.0,0.0009809122,0.000113364185,0.0
95.0,0.0,0.07057255,0.0,0.00079917134,0.00046705295,0.0007342337
96.0,0.0,0.06753706,0.0,0.00082118047,0.00016610605,0.0011210078
97.0,0.0,0.06383509,0.0,0.0033645683,0.0015846244,0.0
98.0,0.0,0.06130565,0.0,0.004172491,0.006994151,0.0
99.0,0.0,0.058451306,0.0,0.0043907245,0.0029472688,0.0
100.0,0.0,0.051737353,0.0,0.0088565955,0.0023825825,0.0
