gait_cycle_percent,IK_ankle_angle_1,IK_ankle_angle_2,IK_hip_flexion_1,IK_hip_flexion_2,IK_knee_angle_1,IK_knee_angle_2,ID_ankle_angle_1_moment,ID_ankle_angle_2_moment,ID_hip_flexion_1_moment,ID_hip_flexion_2_moment,ID_knee_angle_1_moment,ID_knee_angle_2_moment
0.0,0.0007846877,0.14848733,0.0055858386,0.004218437,0.060110252,0.095334604,6.659944e-05,0.074814886,0.0,0.06018852,0.0012294733,0.023449954
1.0,0.002798494,0.15230969,0.0,0.0018670162,0.06281893,0.07399798,0.0012757842,0.03407149,0.008799505,0.020556359,0.015550824,8.7428954e-05
2.0,0.00802745,0.21649595,0.00012177464,0.005429843,0.06988016,0.070989214,0.0029429814,0.019655276,0.04177311,0.041165475,0.02723949,0.0022388767
3.0,0.0061292835,0.16460338,6.6142934e-07,0.002132899,0.044205237,0.09996448,0.0029907275,0.018016728,0.062073786,0.011253078,0.011990469,0.007468292
4.0,0.00056209543,0.11876405,0.0020513218,0.0034931991,0.074331544,0.07227525,0.0,0.053452097,0.11714375,0.005142616,0.012834275,0.0006726102
5.0,0.013317229,0.16736765,0.010018711,0.0108359,0.036421128,0.092031114,0.005348881,0.022357997,0.11699039,0.006281977,0.017721089,0.011529383
6.0,0.017024238,0.12617207,0.0050341035,0.0053676297,0.049266253,0.087067775,0.016105026,0.020678202,0.22578639,0.027618924,0.0327444,0.00015302583
7.0,0.00038735077,0.16938065,0.005085555,0.004864224,0.02746321,0.08563042,0.0007460112,0.03159248,0.19732659,0.011526476,0.03283304,4.617979e-05
8.0,0.018517613,0.243452,0.0,0.002526992,0.03275,0.097013876,0.014431418,0.01547682,0.26480404,0.018735534,0.09457348,0.009573738
9.0,0.0024429588,0.20240036,0.0008143333,0.0036984687,0.02031285,0.117683634,0.008491775,0.025650011,0.23988672,0.0050257337,0.105559185,0.0
10.0,0.029917935,0.19916146,1.0955911e-05,0.0050253225,0.04106589,0.13645087,0.0024494233,0.003128585,0.16984703,0.004970053,0.117203705,0.00011504529
11.0,0.0034713848,0.17509401,0.0,0.009248403,0.025828794,0.09650021,0.012392909,0.0038680984,0.22603303,0.037927963,0.18757044,0.0009688117
12.0,0.010882675,0.17831811,2.481733e-05,0.00061080116,0.049719594,0.0881039,0.00097474485,0.01764906,0.33397838,0.007665438,0.28711057,2.0311387e-05
13.0,0.020583313,0.22135317,0.001439647,0.003046562,0.04613206,0.08325501,0.01906573,0.023409676,0.24287608,0.00526906,0.23634073,0.0019551208
14.0,0.025444612,0.17039193,0.0,3.1655807e-05,0.07440192,0.014915789,0.006179569,0.0039613866,0.3223305,0.010927617,0.292374,0.00029433254
15.0,0.030966075,0.16774496,0.0,0.0004909503,0.0013224994,0.09867375,0.0150754815,0.0,0.2927085,0.027889749,0.33298117,6.3929583e-06
16.0,0.010575362,0.17476141,0.0,3.549707e-05,0.024596263,0.037284374,0.00040153143,0.01209917,0.29135025,0.011286221,0.34454113,0.0
17.0,0.010456777,0.16156593,0.0,0.0,0.0058305794,0.030740391,0.007979449,0.0010610297,0.30628735,0.03643222,0.31913474,0.0
18.0,0.0040046806,0.09726002,0.0,0.0,0.019783076,0.029142654,0.018903164,0.011746159,0.21377105,0.015976932,0.35265845,0.0
19.0,0.00024325764,0.07910777,0.0,0.0,0.003644348,0.04478209,0.023023844,0.00072985975,0.23774233,0.028872462,0.3715441,0.0009222086
20.0,0.017971104,0.10467112,0.0,0.0,0.020096347,0.033766422,0.015671514,0.006503524,0.23934135,0.019946089,0.394398,1.930914e-05
21.0,0.04954642,0.12907068,0.0,0.0,0.013582794,0.024208719,0.038493123,0.0134797245,0.18778294,0.0023626343,0.26082566,0.0
22.0,0.0,0.091604926,0.0,0.0,0.04920692,0.033253558,0.07411504,0.0074913166,0.18042815,0.006015482,0.28433684,0.002679626
23.0,0.0008423705,0.06794682,0.0,0.0,0.027318522,0.039736435,0.016101772,0.030240163,0.20362754,0.026017228,0.2271111,0.0014908101
24.0,0.030129883,0.05699473,0.0,0.0,0.036827642,0.065377966,0.14336419,0.0139790205,0.13055082,0.00044412538,0.17375594,0.0026367733
25.0,0.00048761314,0.13751763,0.0,0.0,0.009840291,0.0,0.095579505,0.0045852866,0.106735155,0.010289893,0.14853278,0.033851463
26.0,0.012711314,0.09434496,1.5562146e-05,0.0,0.06067369,0.003080174,0.08337543,0.00526856,0.11079963,0.0020444777,0.16736192,0.0
27.0,0.0021549894,0.06979982,0.0,0.0,0.06646994,0.0010249516,0.13240856,4.911862e-06,0.088771686,0.0048423484,0.13083372,0.00020427383
28.0,0.028039472,0.115050435,0.0,0.0,0.050295923,2.2189938e-06,0.10706341,0.021975227,0.05742817,0.005306885,0.15198582,0.010279342
29.0,0.0047425283,0.0583364,0.0,0.0,0.06744201,0.0,0.16598313,0.046059005,0.11971095,0.008456909,0.16028668,0.011177449
30.0,0.052611053,0.07029053,0.0,0.0,0.08214487,0.004339485,0.26029083,0.0,0.07324006,0.0043232543,0.086253025,0.0044906703
31.0,0.004689363,0.09025375,0.0,0.0,0.053302273,0.00051454484,0.2313952,0.00013360246,0.0746243,0.008133765,0.08738127,0.005540654
32.0,0.0140724685,0.088469945,0.0,9.049044e-05,0.09656647,0.0,0.21432799,0.011949267,0.110051304,0.0015460266,0.104957774,0.00718059
33.0,0.00459922,0.06047638,0.0,0.0,0.06634405,0.015904587,0.33250841,0.028096147,0.07728651,0.0046339436,0.058413547,0.0071445433
34.0,0.025615681,0.095279,0.0003781523,2.699439e-05,0.06798839,0.00044719287,0.33145115,0.0076825083,0.074080184,1.868772e-06,0.049785994,0.011825428
35.0,0.014467762,0.022169633,0.0,0.0,0.08935338,0.0021742,0.30073112,0.022664132,0.048131656,0.0,0.12141325,0.01137611
36.0,0.0056769745,0.0610948,0.0,0.0,0.11353818,0.00050517614,0.34814543,0.019161364,0.0705139,0.0,0.15880841,0.009344283
37.0,0.025665669,0.015763208,0.000113102185,0.0,0.12495314,0.0,0.43720365,0.0069634556,0.093534246,0.00065303885,0.0756938,0.0074195196
38.0,0.03513875,0.02288425,0.00018762975,0.0,0.13078822,0.0,0.43148583,0.0019477576,0.095250376,0.000108021035,0.14529721,7.323471e-05
39.0,0.03462895,0.041523237,0.00012059015,0.0,0.081908375,0.0010779846,0.60858196,0.027527843,0.12858424,0.0009581727,0.065054305,0.015474217
40.0,0.0017748077,0.032683197,0.0008156307,0.0077429065,0.118612714,0.00042414968,0.6234599,0.019302927,0.11447872,0.0,0.12115664,0.06885049
41.0,0.037044037,0.04319636,0.0010449003,0.0,0.15118717,0.002405169,0.6285505,0.000548879,0.13983017,0.0,0.1770476,0.027704313
42.0,0.019541956,0.013031117,0.0018659577,0.0,0.09042861,0.004784679,0.62082684,0.009435345,0.07535386,0.0010579852,0.16769376,0.010573168
43.0,0.085215814,0.03138792,0.002302262,0.00012623273,0.056508258,0.009895791,0.78302324,0.00983722,0.09834069,0.0074164015,0.16452213,0.051123034
44.0,0.05866899,0.00505801,0.001461412,0.0032135868,0.10981986,0.0027300476,0.76700497,0.00028126707,0.105673,0.0,0.15703572,0.002595791
45.0,0.0037754802,0.00998171,0.0012150105,0.0039454103,0.122015275,0.016145062,0.82586294,0.019582918,0.09112982,0.0020225563,0.16623332,0.043017063
46.0,0.06719235,0.00038100753,0.0029564234,0.0,0.13013478,0.016825646,0.87197465,0.009510963,0.018089117,0.0059282337,0.25715274,0.032151874
47.0,0.039411243,0.015667427,0.0034872957,0.0007006002,0.09218057,0.021478575,0.9256107,0.018162893,0.051730275,0.0050852676,0.21625271,0.013459334
48.0,0.05463938,5.8205434e-05,0.0058965543,0.00011888597,0.13544863,0.014981069,0.8522293,0.00011410101,0.015368724,0.018786522,0.22386055,0.019777915
49.0,0.04465773,0.018717771,0.00797307,8.5616026e-05,0.13282003,0.019446636,0.8686675,0.02029866,0.019495344,0.01653508,0.24479133,0.006230922
50.0,0.12630597,0.0060283183,0.004064216,0.0024898555,0.14672187,0.02773181,0.8852759,0.0124830045,0.06387708,0.047938965,0.3054205,0.016672695
51.0,0.09421704,0.0070305,0.009891901,0.0,0.14442132,0.01580368,0.7155646,0.00396965,0.0317485,0.03125297,0.27521738,0.011530259
52.0,0.107320204,0.0023811942,0.004068327,0.007641109,0.1631409,0.018537376,0.7276808,0.0021956104,0.053499214,0.056338128,0.2186922,0.016699154
53.0,0.09444122,0.020185474,0.004141714,0.00095989794,0.08641387,0.029025467,0.65009344,0.0018547868,0.032477546,0.04403961,0.36446047,0.0048412764
54.0,0.066021584,0.016777597,0.0070761777,0.0,0.13002545,0.022425938,0.5867752,0.0,0.08979986,0.17860249,0.2806744,0.0049053873
55.0,0.16406807,0.017097091,0.007035799,0.0044059088,0.2037954,0.01595685,0.49069464,0.0022807694,0.08089126,0.15137221,0.27229497,0.005111794
56.0,0.1889927,0.011483469,0.008574761,0.0022346382,0.15562949,0.008124345,0.35282236,0.010990917,0.04493067,0.109800704,0.2209987,0.005019989
57.0,0.09142445,0.023350619,0.0018870468,0.0,0.18946321,0.020094633,0.26145813,0.0025093865,0.08829444,0.14024526,0.17265774,0.018265586
58.0,0.21370709,0.032777727,0.00655695,0.00018157768,0.118047245,0.017265128,0.2363649,0.0005147656,0.021208975,0.11783139,0.16412032,0.05586679
59.0,0.17805433,0.037976135,0.001648414,0.0,0.08638561,0.016698927,0.09953667,0.0022374906,0.0071359533,0.1594391,0.1547415,0.06901022
60.0,0.20951605,0.025799582,4.8582457e-05,0.0016775173,0.13967296,0.0090206545,0.04887805,0.0,0.0028919203,0.17342712,0.08547836,0.09700958
61.0,0.19494501,0.03841769,0.00026042914,0.0,0.15214656,0.012080688,0.045911327,7.158001e-05,0.034153897,0.19373901,0.020794088,0.08681807
62.0,0.19624788,0.028656527,0.00018746695,0.0,0.06092359,0.016004533,0.021309912,0.009164406,0.011407347,0.2557914,0.0150124235,0.17257333
63.0,0.16740483,0.02564025,0.0005446497,0.0,0.2241538,0.012050445,0.019175742,0.010923596,0.04169631,0.13977256,0.011329362,0.22861512
64.0,0.108909115,0.017104793,5.819656e-06,0.0,0.07996777,0.021665782,0.010547715,0.0,0.041669227,0.18434505,0.005794682,0.19628787
65.0,0.1268279,0.020712307,0.0,0.0,0.106027916,0.019223263,0.0389673,0.004151952,0.022118174,0.16299567,5.069068e-06,0.175001
66.0,0.09181204,0.0374248,0.0,0.0,0.052397706,0.007821051,0.028070826,0.019631999,0.0117235435,0.15268776,0.0,0.18407387
67.0,0.117864676,0.0018417144,0.0,0.0,0.15111305,0.014052382,0.028071469,0.0014931529,0.00013510845,0.19616678,0.0005724474,0.19854943
68.0,0.106968045,0.07147139,0.0,0.0,0.059455797,0.0020519039,0.0010186897,0.02467441,0.024962427,0.111453556,0.012739319,0.15587674
69.0,0.07554915,0.028566707,0.0,0.0,0.011134438,0.008275476,0.007265589,0.022436913,0.0152824465,0.087641716,0.015494351,0.17224418
70.0,0.072916016,0.00051045534,0.0,0.0,0.118539706,0.01233448,0.04221371,0.03239131,0.003651202,0.12991455,0.0,0.22251627
71.0,0.11208671,0.0012746756,0.0,0.0,0.053386074,0.026221253,0.06977204,0.026432952,0.0033908384,0.1393739,0.00046518838,0.1976164
72.0,0.04266151,0.010901228,0.0,0.0,0.04999876,0.015875585,0.021062225,0.020291291,0.014854284,0.077462785,0.008360297,0.16099483
73.0,0.044520438,0.014265981,0.0,0.0,0.027266625,0.026798574,0.022197044,0.036118984,0.006935887,0.13280371,0.0015613044,0.11302011
74.0,0.038790103,0.009195169,0.0,0.0,0.00076937454,0.024604803,0.008570192,0.075163305,0.017897505,0.10407749,0.008391387,0.15774259
75.0,0.072545215,0.010064185,0.0,0.0,0.044687163,0.057569742,0.02201514,0.049525872,0.009042532,0.11405719,0.021529792,0.15011728
76.0,0.039157815,0.004862091,0.0,0.0,0.0005419802,0.04603129,0.002555288,0.13577497,0.009868715,0.08286136,0.0066347383,0.06848233
77.0,0.02562943,0.033400133,0.0,0.0,0.04509632,0.06025355,0.006804273,0.22099459,0.00023628793,0.048872285,0.0056239124,0.12897694
78.0,0.10402861,0.014736585,0.0,0.0,0.034203347,0.07603357,0.028124552,0.13689241,0.0026575122,0.08979847,0.016135043,0.1075739
79.0,0.081576236,0.01673125,0.0,0.0,0.0,0.042978156,0.03618101,0.15002914,0.01329743,0.10966046,0.043399483,0.122658424
80.0,0.047079217,0.04128274,2.119986e-05,0.0,0.05058158,0.060184006,0.02376569,0.1854835,3.0333222e-05,0.042163607,0.009250835,0.11823496
81.0,0.0077639967,0.007806601,0.0,0.0,0.013961379,0.0698223,0.025176588,0.1976668,8.408947e-05,0.07666729,0.006150903,0.074463814
82.0,0.014873069,0.009053217,0.0,0.0,0.00423105,0.0709171,0.034595273,0.23167263,0.0056491923,0.08415492,0.0044606696,0.109874725
83.0,0.05736927,0.062451042,4.4047316e-05,0.0,0.014265212,0.10927726,0.014533526,0.2425035,0.0008229671,0.16573906,0.018713607,0.09637076
84.0,0.02566625,0.05381103,0.0,0.0,0.00789669,0.12324973,0.038726818,0.29001045,0.0,0.091335595,0.013072202,0.08285874
85.0,0.05464782,0.042532034,0.0,0.0,0.012138359,0.10500565,0.06427023,0.29741487,0.002710703,0.060804673,0.057780925,0.0994206
86.0,0.07227266,0.030098483,0.0,0.0,0.029125426,0.12902345,0.020485628,0.40322694,0.0038650231,0.16032259,0.014882126,0.0761543
87.0,0.030423231,0.0012328009,0.0,0.0,0.0030055947,0.08574961,0.01985708,0.33667427,0.011738086,0.21358733,0.007902132,0.08563117
88.0,0.020400364,0.0291994,0.0,0.0,0.035935845,0.09778194,0.024129853,0.4819316,0.004469975,0.16765387,0.0068854927,0.10600833
89.0,0.044582885,0.029102473,0.00018881998,0.0,0.010341207,0.11696097,0.017235674,0.43810722,0.0023892638,0.14795448,0.00967482,0.10362942
90.0,0.035118375,0.019701825,0.0012039095,4.9198884e-06,0.018366758,0.08796441,0.022375228,0.528241,0.00059084187,0.10899916,0.02434724,0.106563434
91.0,0.009891503,0.028639413,0.0,0.0,0.02598845,0.08853497,0.007719716,0.49326807,0.0015173991,0.20720613,0.04999162,0.086238764
92.0,0.011099499,0.05435488,0.0,0.0,0.04464885,0.14723888,0.021360233,0.58660793,1.0302579e-05,0.21627618,0.012430493,0.11050649
93.0,0.021247435,0.048146367,0.0,0.0,0.024762904,0.11523397,0.0006391559,0.5833839,6.6684834e-07,0.17178974,0.015559681,0.122953154
94.0,0.0053745173,0.091992326,0.0,0.0,0.020623783,0.10317832,0.016588308,0.54454863,0.0049507157,0.11139679,0.017820839,0.15869468
95.0,0.018683556,0.09444011,0.0,0.0,0.0371675,0.14368333,0.02674711,0.5892637,0.0,0.19789293,0.054878205,0.16275597
96.0,0.012778039,0.09275825,0.00020751043,0.0,0.02297456,0.15676053,0.009737129,0.5445646,0.0,0.19535169,0.020741884,0.13741362
97.0,0.014714564,0.13628387,0.0017017929,0.0013460293,0.017365677,0.16719595,0.039118443,0.55521977,0.00093116227,0.16380501,0.061427683,0.13331977
98.0,0.0076586525,0.14683966,0.0,0.0,0.043432508,0.14500776,0.028638791,0.55595756,0.0018735477,0.14799795,0.051908683,0.18070228
99.0,0.01913404,0.044276576,0.0,0.00013251542,0.03861971,0.13880247,0.025714984,0.4833641,0.0050270506,0.14511493,0.020484343,0.19689293
100.0,0.01414842,0.07993845,0.0,0.000300604,0.04894711,0.1631881,0.023055911,0.39659947,0.00035352024,0.12462642,0.056553654,0.2450284
