hidden_size,learning_rate,batch_size,best_val_loss,best_epoch,epochs_completed,runtime_seconds
32,1e-05,8,0.06444070333716019,362,392,100.99888491630554
32,1e-05,16,0.08663819079258472,451,481,63.9499614238739
32,1e-05,32,0.08709365790782049,521,551,37.82933497428894
32,1e-05,64,0.11687856562464505,796,826,30.141000032424927
32,1e-05,128,0.1847581381666491,995,1000,20.11249303817749
32,0.0001,8,0.029328942334140892,109,139,35.947304010391235
32,0.0001,16,0.03645699387537322,171,201,26.639572858810425
32,0.0001,32,0.03547285542739447,192,222,15.354537963867188
32,0.0001,64,0.058933847816961815,237,267,9.779152870178223
32,0.0001,128,0.06053870560141709,315,345,6.963453054428101
32,0.001,8,0.01438641923430233,57,87,22.47251796722412
32,0.001,16,0.021618307176472028,47,77,10.248904943466187
32,0.001,32,0.0315665820995087,47,77,5.38001275062561
32,0.001,64,0.026516023763315272,87,117,4.373208999633789
32,0.001,128,0.038637754179549934,114,144,2.987030029296875
64,1e-05,8,0.057335998926604126,279,309,80.37522792816162
64,1e-05,16,0.07997930305528644,301,331,43.87738513946533
64,1e-05,32,0.07678113188726939,447,477,32.86944794654846
64,1e-05,64,0.09559206972115261,623,653,23.770339965820312
64,1e-05,128,0.12420323843170121,956,986,19.838526964187622
64,0.0001,8,0.03033394431546439,70,100,26.125066995620728
64,0.0001,16,0.023614436038995393,150,180,24.41429591178894
64,0.0001,32,0.047795511180238955,116,146,10.916852951049805
64,0.0001,64,0.04387618803334343,255,285,10.984802961349487
64,0.0001,128,0.056075502603942916,269,299,6.812191963195801
64,0.001,8,0.017400124279085563,30,60,16.263781785964966
64,0.001,16,0.029796038043459046,29,59,8.208049058914185
64,0.001,32,0.016275072625269265,81,111,8.021777153015137
64,0.001,64,0.02027081090473216,86,116,4.5082361698150635
64,0.001,128,0.03186273056051444,93,123,2.683544874191284
128,1e-05,8,0.05039777448978419,221,251,73.23196077346802
128,1e-05,16,0.06583228323353546,258,288,43.20940804481506
128,1e-05,32,0.07534189272289302,392,422,33.214359998703
128,1e-05,64,0.08510614472058739,528,558,22.47167992591858
128,1e-05,128,0.10673909634111078,661,691,14.72935700416565
128,0.0001,8,0.02261521726808078,85,115,33.51842403411865
128,0.0001,16,0.023950868285092564,134,164,24.681281089782715
128,0.0001,32,0.028609740444656355,172,202,15.81560492515564
128,0.0001,64,0.0393460523301028,195,225,9.138076066970825
128,0.0001,128,0.052629553866620805,196,226,4.893081903457642
128,0.001,8,0.018479967930720268,27,57,16.592253923416138
128,0.001,16,0.018949130202172197,28,58,8.765677690505981
128,0.001,32,0.021148382755209544,52,82,6.374386787414551
128,0.001,64,0.026481776184545894,65,95,3.847430944442749
128,0.001,128,0.03209323247027396,80,110,2.4526238441467285
256,1e-05,8,0.03757658685287262,253,283,194.1977891921997
256,1e-05,16,0.06041381551639853,235,265,93.06396198272705
256,1e-05,32,0.05722942850787135,360,390,71.07574510574341
256,1e-05,64,0.07786852870803104,424,454,43.90305185317993
256,1e-05,128,0.0930046519343994,560,590,31.319260358810425
256,0.0001,8,0.01977411787655386,60,90,62.6403169631958
256,0.0001,16,0.026768632045603636,88,118,41.13476800918579
256,0.0001,32,0.041551942399219256,87,117,21.024782180786133
256,0.0001,64,0.041244029989153226,134,164,15.412463903427124
256,0.0001,128,0.048067094398077666,187,217,10.679625988006592
256,0.001,8,0.01790140100815581,31,61,41.68932819366455
256,0.001,16,0.017527612900574696,29,59,20.56543493270874
256,0.001,32,0.019648999461832874,37,67,11.381150960922241
256,0.001,64,0.019469560941651035,81,111,10.277544736862183
256,0.001,128,0.02772208379902089,72,102,4.585458993911743
512,1e-05,8,0.045922816865199105,152,182,137.48345708847046
512,1e-05,16,0.04580285428173104,221,251,100.19258999824524
512,1e-05,32,0.05744007237235118,263,293,60.44335222244263
512,1e-05,64,0.07028719866816772,339,369,37.751063108444214
512,1e-05,128,0.08409044560579251,524,554,32.87438893318176
512,0.0001,8,0.015541833401543755,83,113,81.11622714996338
512,0.0001,16,0.01971573234721394,99,129,49.56680703163147
512,0.0001,32,0.027707370278381594,92,122,24.15446400642395
512,0.0001,64,0.0327094334273332,146,176,18.33431911468506
512,0.0001,128,0.03902672579059575,174,204,11.339196920394897
512,0.001,8,0.013095482383609434,43,73,51.939483880996704
512,0.001,16,0.018615439968556816,28,58,22.85371494293213
512,0.001,32,0.01716663399379603,50,80,16.41257905960083
512,0.001,64,0.02600666358287853,47,77,8.270740032196045
512,0.001,128,0.029347771571629357,78,108,6.49589991569519
1024,1e-05,8,0.035914834235722344,151,181,113.31970405578613
1024,1e-05,16,0.04199073562292967,193,223,50.7044792175293
1024,1e-05,32,0.050991988023869374,242,272,33.260764837265015
1024,1e-05,64,0.06406936366459985,293,323,21.57677388191223
1024,1e-05,128,0.08058009550543334,393,423,10.410507917404175
1024,0.0001,8,0.01837430315528472,66,96,44.87610125541687
1024,0.0001,16,0.024224978672259742,63,93,21.172391176223755
1024,0.0001,32,0.02411973644324725,95,125,15.219495058059692
1024,0.0001,64,0.03452005955859602,107,137,8.976225137710571
1024,0.0001,128,0.04012418947560419,144,174,4.347209930419922
1024,0.001,8,0.012783692090977624,32,62,29.14718532562256
1024,0.001,16,0.01655631318016974,22,52,12.087386131286621
1024,0.001,32,0.018215034466237734,42,72,8.852710723876953
1024,0.001,64,0.01735485011593045,51,81,5.380913019180298
1024,0.001,128,0.026145576752406557,104,134,3.344932794570923
